Time (min),0.00M_Run1,0.00M_Run2,0.20M_Run1,0.20M_Run2,0.20M_Run3,0.40M_Run1,0.40M_Run2,0.40M_Run3,0.50M_Run1,0.50M_Run2,0.50M_Run3,0.60M_Run1,0.60M_Run2,0.60M_Run3,0.80M_Run1,0.80M_Run2,0.80M_Run3
0.0,26.3,26.2,25.4,25.0,25.4,25.1,26.4,26.1,25.9,26.0,25.9,25.6,25.7,25.7,26.0,26.3,26.3
0.02,26.3,26.2,25.4,25.0,25.4,25.1,26.4,26.0,25.9,26.0,25.9,25.6,25.7,25.7,26.0,26.3,26.3
0.03,26.3,26.2,25.4,25.0,25.4,25.1,26.4,26.1,25.9,26.0,25.9,25.6,25.7,25.7,26.0,26.3,26.2
0.05,26.3,26.2,25.4,25.0,25.4,25.1,26.4,26.1,25.9,26.0,25.9,25.6,25.7,25.7,26.0,26.3,26.2
0.07,26.3,26.2,25.4,25.0,25.4,25.1,26.4,26.1,25.9,26.0,25.9,25.6,25.7,25.7,26.0,26.3,26.2
0.08,26.3,26.2,25.4,25.0,25.4,25.1,26.4,26.1,25.9,26.0,25.9,25.6,25.7,25.7,26.0,26.3,26.2
0.1,26.3,26.2,25.4,25.0,25.4,25.1,26.4,26.1,25.9,26.0,25.9,25.6,25.7,25.7,26.0,26.3,26.2
0.12,26.3,26.2,25.4,25.0,25.4,25.1,26.4,26.1,25.9,26.0,25.9,25.6,25.7,25.7,26.0,26.3,26.2
0.13,26.3,26.2,25.4,25.0,25.4,25.1,26.4,26.1,25.9,26.0,25.9,25.6,25.7,25.7,26.0,26.3,26.2
0.15,26.3,26.2,25.4,25.0,25.4,25.1,26.4,26.1,25.9,26.0,25.9,25.6,25.7,25.7,26.0,26.3,26.2
0.17,26.3,26.2,25.4,25.0,25.4,25.1,26.4,26.1,25.9,26.0,25.9,25.6,25.7,25.7,26.0,26.3,26.2
0.18,26.3,26.2,25.4,24.9,25.4,25.1,26.4,26.1,25.9,26.0,25.9,25.6,25.7,25.7,26.0,26.3,26.2
0.2,26.3,26.2,25.4,24.9,25.4,25.1,26.4,26.1,25.9,26.0,25.9,25.6,25.7,25.7,26.0,26.3,26.2
0.22,26.3,26.2,25.4,25.1,25.4,25.1,26.4,26.1,25.9,26.0,25.9,25.6,25.7,25.7,26.0,26.3,26.2
0.23,26.3,26.2,25.4,25.1,25.4,25.1,26.4,26.1,25.9,26.0,25.9,25.6,25.7,25.7,26.0,26.3,26.2
0.25,26.3,26.2,25.4,25.2,25.4,25.1,26.4,26.1,25.9,26.0,25.9,25.6,25.7,25.7,26.0,26.3,26.2
0.27,26.3,26.2,25.4,25.2,25.4,25.1,26.4,26.1,25.9,26.0,25.9,25.6,25.7,25.7,26.0,26.3,26.2
0.28,26.3,26.2,25.4,25.3,25.4,25.1,26.4,26.1,25.9,26.0,25.9,25.6,25.7,25.7,26.0,26.3,26.2
0.3,26.3,26.2,25.4,25.3,25.4,25.1,26.4,26.1,25.9,26.0,25.9,25.6,25.7,25.7,26.0,26.3,26.2
0.32,26.3,26.2,25.4,25.3,25.4,25.1,26.4,26.1,25.9,26.0,25.9,25.6,25.7,25.7,26.0,26.3,26.2
0.33,26.3,26.2,25.4,25.3,25.4,25.1,26.4,26.1,25.9,26.0,25.9,25.6,25.7,25.7,26.0,26.3,26.2
0.35,26.3,26.2,25.4,25.3,25.4,25.1,26.4,26.1,25.9,26.0,25.9,25.6,25.7,25.7,26.0,26.3,26.2
0.37,26.3,26.2,25.4,25.3,25.4,25.1,26.4,26.1,25.9,26.0,25.9,25.6,25.7,25.7,26.0,26.3,26.2
0.38,26.3,26.2,25.4,25.3,25.4,25.1,26.4,26.1,25.9,26.0,25.9,25.6,25.7,25.7,26.0,26.3,26.2
0.4,26.3,26.2,25.4,25.3,25.4,25.1,26.4,26.1,25.9,26.0,25.9,25.6,25.7,25.7,26.0,26.3,26.2
0.42,26.3,26.2,25.4,25.3,25.4,25.1,26.4,26.1,25.9,26.0,25.9,25.6,25.7,25.7,26.0,26.3,26.2
0.43,26.3,26.2,25.4,25.3,25.4,25.1,26.4,26.1,25.9,26.0,25.9,25.6,25.7,25.7,26.0,26.3,26.2
0.45,26.3,26.2,25.4,25.3,25.4,25.1,26.4,26.1,25.9,26.0,25.9,25.6,25.7,25.7,26.0,26.3,26.2
0.47,26.3,26.2,25.4,25.3,25.4,25.1,26.4,26.1,25.9,26.0,25.9,25.6,25.7,25.7,26.0,26.3,26.2
0.48,26.3,26.2,25.4,25.3,25.4,25.1,26.4,26.1,25.9,26.0,25.9,25.6,25.7,25.7,26.0,26.3,26.2
0.5,26.3,26.2,25.4,25.3,25.4,25.1,26.4,26.1,25.9,26.0,25.9,25.6,25.7,25.7,26.0,26.3,26.2
0.52,26.3,26.2,25.4,25.3,25.4,25.1,26.4,26.1,25.9,26.0,25.9,25.6,25.7,25.7,26.0,26.3,26.2
0.53,26.3,26.2,25.4,25.3,25.4,25.1,26.4,26.1,25.9,26.0,25.9,25.6,25.7,25.7,26.0,26.3,26.2
0.55,26.3,26.2,25.4,25.3,25.4,25.1,26.4,26.1,25.9,26.0,25.9,25.6,25.7,25.7,26.0,26.3,26.2
0.57,26.3,26.2,25.4,25.3,25.4,25.1,26.4,26.1,25.9,26.0,25.9,25.6,25.7,25.7,26.0,26.3,26.2
0.58,26.3,26.2,25.4,25.3,25.4,25.1,26.4,26.1,25.9,26.0,25.9,25.6,25.7,25.7,26.0,26.3,26.2
0.6,26.3,26.2,25.4,25.3,25.4,25.1,26.4,26.1,25.9,26.0,25.9,25.6,25.7,25.7,26.0,26.3,26.2
0.62,26.3,26.2,25.5,25.3,25.5,25.1,26.4,26.1,25.9,26.0,25.9,25.6,25.7,25.7,26.0,26.3,26.2
0.63,26.3,26.2,25.5,25.3,25.5,25.1,26.4,26.1,25.9,26.0,25.9,25.6,25.7,25.7,26.0,26.3,26.2
0.65,26.3,26.2,25.5,25.3,25.5,25.1,26.5,26.1,25.9,26.0,25.9,25.6,25.7,25.7,26.0,26.3,26.2
0.67,26.3,26.2,25.5,25.3,25.5,25.1,26.5,26.1,25.9,26.0,25.9,25.6,25.7,25.7,26.0,26.3,26.2
0.68,26.3,26.2,25.5,25.3,25.5,25.1,26.5,26.1,25.9,26.0,25.9,25.6,25.7,25.7,26.0,26.3,26.2
0.7,26.3,26.2,25.5,25.3,25.5,25.1,26.5,26.1,25.9,26.0,25.9,25.6,25.7,25.7,26.0,26.3,26.2
0.72,26.3,26.2,25.5,25.3,25.5,25.1,26.5,26.1,25.9,26.0,25.9,25.6,25.7,25.7,26.0,26.3,26.2
0.73,26.3,26.2,25.5,25.3,25.5,25.1,26.5,26.1,25.9,26.0,25.9,25.6,25.7,25.7,26.0,26.3,26.2
0.75,26.3,26.2,25.5,25.3,25.5,25.1,26.5,26.1,25.9,26.0,25.9,25.6,25.7,25.7,26.0,26.3,26.2
0.77,26.4,26.2,25.5,25.3,25.5,25.1,26.5,26.1,25.9,26.0,25.9,25.6,25.7,25.7,26.0,26.3,26.2
0.78,26.4,26.2,25.5,25.3,25.5,25.1,26.5,26.1,25.9,26.0,25.9,25.6,25.7,25.7,26.0,26.3,26.2
0.8,26.4,26.2,25.5,25.3,25.5,25.1,26.5,26.1,25.9,26.0,25.9,25.6,25.7,25.7,26.0,26.3,26.2
0.82,26.4,26.2,25.5,25.3,25.5,25.1,26.5,26.1,25.9,26.0,25.9,25.6,25.7,25.7,26.0,26.3,26.2
0.83,26.4,26.2,25.5,25.3,25.5,25.1,26.5,26.1,25.9,26.0,25.9,25.6,25.7,25.7,26.0,26.3,26.2
0.85,26.4,26.2,25.5,25.3,25.5,25.1,26.5,26.1,25.9,26.0,25.9,25.6,25.7,25.7,26.0,26.3,26.2
0.87,26.4,26.2,25.5,25.3,25.5,25.1,26.5,26.1,25.9,26.0,25.9,25.6,25.7,25.7,26.0,26.3,26.2
0.88,26.4,26.2,25.5,25.4,25.5,25.1,26.5,26.1,25.9,26.0,25.9,25.6,25.7,25.7,26.0,26.3,26.2
0.9,26.4,26.2,25.5,25.4,25.5,25.1,26.5,26.1,25.9,26.0,25.9,25.6,25.7,25.7,26.0,26.3,26.2
0.92,26.4,26.2,25.5,25.4,25.5,25.1,26.5,26.1,25.9,26.0,25.9,25.6,25.7,25.7,26.0,26.3,26.2
0.93,26.4,26.2,25.5,25.4,25.5,25.1,26.5,26.1,25.9,26.1,25.9,25.6,25.7,25.7,26.0,26.3,26.2
0.95,26.4,26.2,25.5,25.4,25.5,25.1,26.5,26.1,25.9,26.1,25.9,25.6,25.7,25.7,26.0,26.3,26.2
0.97,26.4,26.2,25.5,25.4,25.5,25.2,26.5,26.1,25.9,26.1,25.9,25.6,25.7,25.7,26.0,26.3,26.2
0.98,26.4,26.2,25.5,25.4,25.5,25.2,26.5,26.1,25.9,26.1,25.9,25.6,25.7,25.7,26.0,26.3,26.2
1.0,26.4,26.2,25.5,25.4,25.5,25.2,26.5,26.1,25.9,26.1,25.9,25.6,25.7,25.7,26.0,26.3,26.2
1.02,26.4,26.2,25.5,25.4,25.5,25.2,26.5,26.1,25.9,26.1,25.9,25.6,25.7,25.7,26.0,26.3,26.2
1.03,26.4,26.2,25.5,25.4,25.5,25.2,26.5,26.1,25.9,26.1,25.9,25.6,25.7,25.7,26.0,26.3,26.2
1.05,26.4,26.2,25.5,25.4,25.5,25.2,26.5,26.1,25.9,26.1,25.9,25.6,25.7,25.7,26.0,26.3,26.2
1.07,26.4,26.2,25.5,25.4,25.5,25.2,26.5,26.1,25.9,26.1,25.9,25.6,25.7,25.7,26.0,26.3,26.2
1.08,26.4,26.2,25.5,25.4,25.5,25.2,26.5,26.1,26.0,26.1,26.0,25.6,25.7,25.7,26.0,26.3,26.2
1.1,26.4,26.2,25.5,25.4,25.5,25.2,26.5,26.2,26.0,26.1,26.0,25.6,25.7,25.7,26.0,26.3,26.2
1.12,26.4,26.2,25.5,25.4,25.5,25.2,26.5,26.1,26.0,26.1,26.0,25.6,25.7,25.7,26.0,26.3,26.2
1.13,26.4,26.2,25.5,25.4,25.5,25.2,26.5,26.1,26.0,26.1,26.0,25.6,25.7,25.7,26.0,26.3,26.2
1.15,26.4,26.2,25.5,25.4,25.5,25.2,26.5,26.2,26.0,26.1,26.0,25.6,25.7,25.7,26.1,26.3,26.2
1.17,26.4,26.3,25.5,25.4,25.5,25.2,26.5,26.2,26.0,26.1,26.0,25.6,25.7,25.7,26.1,26.3,26.2
1.18,26.4,26.3,25.5,25.4,25.5,25.2,26.5,26.2,26.0,26.1,26.0,25.6,25.7,25.7,26.1,26.3,26.2
1.2,26.4,26.3,25.5,25.4,25.5,25.2,26.5,26.2,26.0,26.1,26.0,25.6,25.7,25.7,26.0,26.3,26.2
1.22,26.4,26.3,25.5,25.4,25.5,25.2,26.5,26.2,26.0,26.1,26.0,25.6,25.7,25.7,26.1,26.3,26.2
1.23,26.4,26.3,25.5,25.4,25.5,25.2,26.5,26.2,26.0,26.1,26.0,25.6,25.7,25.7,26.1,26.4,26.2
1.25,26.4,26.3,25.5,25.4,25.5,25.2,26.5,26.2,26.0,26.1,26.0,25.6,25.7,25.7,26.1,26.4,26.2
1.27,26.4,26.3,25.5,25.4,25.5,25.2,26.5,26.2,26.0,26.1,26.0,25.6,25.7,25.7,26.1,26.4,26.2
1.28,26.4,26.3,25.5,25.4,25.5,25.2,26.5,26.2,26.0,26.1,26.0,25.7,25.7,25.7,26.1,26.4,26.2
1.3,26.4,26.3,25.5,25.4,25.5,25.2,26.5,26.2,26.0,26.1,26.0,25.7,25.7,25.7,26.1,26.4,26.2
1.32,26.4,26.3,25.5,25.4,25.5,25.2,26.5,26.2,26.0,26.1,26.0,25.7,25.7,25.7,26.1,26.4,26.2
1.33,26.4,26.3,25.6,25.4,25.6,25.2,26.5,26.2,26.0,26.1,26.0,25.7,25.7,25.7,26.1,26.4,26.2
1.35,26.5,26.3,25.6,25.4,25.6,25.2,26.5,26.2,26.0,26.1,26.0,25.7,25.7,25.7,26.1,26.4,26.2
1.37,26.5,26.3,25.6,25.4,25.6,25.2,26.5,26.2,26.0,26.1,26.0,25.7,25.7,25.7,26.1,26.4,26.2
1.38,26.5,26.3,25.6,25.4,25.6,25.2,26.5,26.2,26.0,26.1,26.0,25.7,25.7,25.7,26.1,26.4,26.2
1.4,26.5,26.3,25.6,25.4,25.6,25.2,26.5,26.2,26.0,26.1,26.0,25.7,25.7,25.7,26.1,26.4,26.2
1.42,26.5,26.3,25.6,25.4,25.6,25.2,26.5,26.2,26.0,26.1,26.0,25.7,25.7,25.7,26.1,26.4,26.2
1.43,26.5,26.3,25.6,25.4,25.6,25.2,26.5,26.2,26.0,26.1,26.0,25.7,25.7,25.7,26.1,26.4,26.2
1.45,26.5,26.3,25.6,25.4,25.6,25.2,26.5,26.2,26.0,26.1,26.0,25.7,25.7,25.7,26.1,26.4,26.2
1.47,26.5,26.3,25.6,25.4,25.6,25.2,26.5,26.2,26.0,26.1,26.0,25.7,25.7,25.7,26.1,26.4,26.2
1.48,26.5,26.3,25.6,25.4,25.6,25.2,26.5,26.2,26.0,26.1,26.0,25.7,25.7,25.7,26.1,26.4,26.2
1.5,26.5,26.3,25.6,25.4,25.6,25.3,26.5,26.2,26.0,26.1,26.0,25.7,25.7,25.7,26.1,26.4,26.2
1.52,26.5,26.3,25.6,25.4,25.6,25.3,26.5,26.2,26.0,26.1,26.0,25.7,25.7,25.7,26.1,26.4,26.2
1.53,26.5,26.3,25.6,25.4,25.6,25.3,26.5,26.2,26.0,26.1,26.0,25.7,25.7,25.7,26.1,26.4,26.2
1.55,26.5,26.3,25.6,25.4,25.6,25.3,26.5,26.2,26.0,26.1,26.0,25.7,25.7,25.7,26.1,26.4,26.2
1.57,26.5,26.3,25.6,25.4,25.6,25.3,26.5,26.2,26.0,26.1,26.0,25.7,25.7,25.7,26.1,26.4,26.2
1.58,26.5,26.3,25.6,25.4,25.6,25.3,26.5,26.2,26.0,26.1,26.0,25.7,25.7,25.7,26.1,26.4,26.2
1.6,26.5,26.3,25.6,25.4,25.6,25.3,26.5,26.2,26.0,26.1,26.0,25.7,25.7,25.7,26.1,26.4,26.2
1.62,26.5,26.3,25.6,25.4,25.6,25.3,26.5,26.2,26.0,26.1,26.0,25.7,25.7,25.7,26.1,26.4,26.2
1.63,26.5,26.3,25.6,25.4,25.6,25.3,26.5,26.2,26.0,26.2,26.0,25.7,25.7,25.7,26.1,26.4,26.2
1.65,26.5,26.3,25.6,25.4,25.6,25.3,26.5,26.2,26.0,26.2,26.0,25.7,25.7,25.7,26.1,26.4,26.2
1.67,26.5,26.3,25.6,25.4,25.6,25.3,26.5,26.2,26.0,26.2,26.0,25.7,25.7,25.7,26.1,26.4,26.2
1.68,26.5,26.3,25.6,25.4,25.6,25.3,26.5,26.2,26.0,26.2,26.0,25.7,25.7,25.7,26.1,26.4,26.2
1.7,26.5,26.3,25.6,25.4,25.6,25.3,26.5,26.2,26.0,26.2,26.0,25.7,25.7,25.7,26.1,26.4,26.2
1.72,26.5,26.3,25.6,25.4,25.6,25.3,26.5,26.2,26.0,26.2,26.0,25.7,25.7,25.7,26.1,26.4,26.2
1.73,26.5,26.3,25.6,25.4,25.6,25.3,26.5,26.2,26.0,26.2,26.0,25.7,25.7,25.7,26.1,26.4,26.2
1.75,26.5,26.3,25.6,25.4,25.6,25.3,26.5,26.2,26.0,26.2,26.0,25.7,25.7,25.7,26.1,26.4,26.2
1.77,26.5,26.3,25.6,25.4,25.6,25.3,26.5,26.2,26.0,26.2,26.0,25.7,25.7,25.7,26.1,26.4,26.2
1.78,26.5,26.3,25.6,25.4,25.6,25.3,26.5,26.2,26.0,26.2,26.0,25.7,25.7,25.7,26.1,26.4,26.2
1.8,26.5,26.3,25.6,25.4,25.6,25.3,26.5,26.2,26.1,26.2,26.1,25.7,25.7,25.7,26.1,26.4,26.2
1.82,26.5,26.3,25.6,25.4,25.6,25.3,26.5,26.2,26.0,26.2,26.0,25.7,25.7,25.7,26.1,26.4,26.2
1.83,26.5,26.3,25.6,25.4,25.6,25.3,26.5,26.2,26.1,26.2,26.1,25.7,25.7,25.7,26.1,26.4,26.2
1.85,26.5,26.3,25.6,25.4,25.6,25.3,26.5,26.2,26.1,26.2,26.1,25.7,25.7,25.7,26.1,26.4,26.2
1.87,26.5,26.3,25.6,25.4,25.6,25.3,26.5,26.2,26.1,26.2,26.1,25.7,25.7,25.7,26.1,26.4,26.2
1.88,26.5,26.3,25.6,25.4,25.6,25.3,26.5,26.2,26.1,26.2,26.1,25.7,25.7,25.7,26.1,26.4,26.2
1.9,26.5,26.3,25.6,25.4,25.6,25.3,26.5,26.2,26.1,26.2,26.1,25.7,25.7,25.7,26.1,26.4,26.2
1.92,26.5,26.3,25.6,25.4,25.6,25.3,26.5,26.2,26.1,26.2,26.1,25.7,25.7,25.7,26.1,26.4,26.2
1.93,26.5,26.3,25.6,25.4,25.6,25.3,26.5,26.2,26.1,26.2,26.1,25.7,25.7,25.7,26.1,26.4,26.2
1.95,26.5,26.3,25.6,25.4,25.6,25.3,26.5,26.2,26.1,26.2,26.1,25.7,25.7,25.7,26.1,26.4,26.2
1.97,26.5,26.3,25.6,25.4,25.6,25.3,26.5,26.2,26.1,26.2,26.1,25.7,25.7,25.7,26.1,26.4,26.2
1.98,26.5,26.3,25.6,25.4,25.6,25.3,26.5,26.2,26.1,26.2,26.1,25.7,25.7,25.7,26.1,26.4,26.2
2.0,26.5,26.3,25.6,25.4,25.6,25.3,26.5,26.2,26.1,26.2,26.1,25.7,25.7,25.7,26.1,26.4,26.2
2.02,26.5,26.3,25.6,25.4,25.6,25.3,26.5,26.2,26.1,26.2,26.1,25.7,25.7,25.7,26.1,26.4,26.2
2.03,26.5,26.3,25.6,25.4,25.6,25.3,26.5,26.2,26.1,26.2,26.1,25.7,25.7,25.7,26.1,26.4,26.2
2.05,26.5,26.3,25.6,25.4,25.6,25.3,26.5,26.3,26.1,26.2,26.1,25.7,25.7,25.7,26.1,26.4,26.2
2.07,26.5,26.3,25.6,25.4,25.6,25.3,26.5,26.3,26.1,26.2,26.1,25.7,25.7,25.7,26.1,26.4,26.2
2.08,26.5,26.3,25.7,25.4,25.7,25.3,26.5,26.3,26.1,26.2,26.1,25.7,25.7,25.7,26.1,26.4,26.2
2.1,26.5,26.3,25.7,25.4,25.7,25.3,26.5,26.3,26.1,26.2,26.1,25.7,25.7,25.7,26.1,26.4,26.2
2.12,26.5,26.3,25.7,25.4,25.7,25.3,26.5,26.3,26.1,26.2,26.1,25.7,25.7,25.7,26.1,26.4,26.2
2.13,26.5,26.3,25.7,25.4,25.7,25.3,26.5,26.3,26.1,26.2,26.1,25.7,25.7,25.7,26.1,26.4,26.2
2.15,26.5,26.3,25.7,25.4,25.7,25.3,26.5,26.3,26.1,26.2,26.1,25.7,25.7,25.7,26.1,26.4,26.2
2.17,26.5,26.3,25.7,25.4,25.7,25.3,26.5,26.3,26.1,26.2,26.1,25.7,25.7,25.7,26.1,26.4,26.2
2.18,26.5,26.3,25.7,25.4,25.7,25.3,26.5,26.3,26.1,26.2,26.1,25.7,25.7,25.7,26.1,26.4,26.2
2.2,26.5,26.3,25.7,25.4,25.7,25.3,26.5,26.3,26.1,26.2,26.1,25.7,25.7,25.7,26.1,26.4,26.2
2.22,26.5,26.3,25.7,25.4,25.7,25.3,26.5,26.3,26.1,26.2,26.1,25.7,25.7,25.7,26.1,26.4,26.2
2.23,26.6,26.3,25.7,25.4,25.7,25.3,26.5,26.3,26.1,26.2,26.1,25.7,25.7,25.7,26.1,26.4,26.2
2.25,26.6,26.3,25.7,25.4,25.7,25.3,26.5,26.3,26.1,26.2,26.1,25.7,25.7,25.7,26.1,26.4,26.2
2.27,26.6,26.3,25.7,25.4,25.7,25.3,26.5,26.3,26.1,26.2,26.1,25.7,25.7,25.7,26.1,26.4,26.2
2.28,26.6,26.3,25.7,25.4,25.7,25.4,26.5,26.3,26.1,26.2,26.1,25.7,25.7,25.7,26.1,26.4,26.2
2.3,26.6,26.3,25.7,25.4,25.7,25.4,26.5,26.3,26.1,26.2,26.1,25.7,25.7,25.7,26.1,26.4,26.2
2.32,26.6,26.3,25.7,25.4,25.7,25.4,26.5,26.3,26.1,26.2,26.1,25.7,25.7,25.7,26.1,26.4,26.2
2.33,26.6,26.3,25.7,25.4,25.7,25.4,26.5,26.3,26.1,26.2,26.1,25.7,25.7,25.7,26.1,26.4,26.2
2.35,26.6,26.3,25.7,25.4,25.7,25.4,26.5,26.3,26.1,26.2,26.1,25.7,25.7,25.7,26.1,26.4,26.2
2.37,26.6,26.3,25.7,25.4,25.7,25.4,26.5,26.3,26.1,26.2,26.1,25.7,25.7,25.7,26.1,26.4,26.2
2.38,26.6,26.3,25.7,25.4,25.7,25.4,26.5,26.3,26.1,26.2,26.1,25.7,25.7,25.7,26.1,26.4,26.2
2.4,26.6,26.3,25.7,25.4,25.7,25.4,26.5,26.3,26.1,26.2,26.1,25.7,25.7,25.7,26.1,26.4,26.2
2.42,26.6,26.3,25.7,25.4,25.7,25.4,26.5,26.3,26.1,26.2,26.1,25.7,25.7,25.7,26.1,26.4,26.2
2.43,26.6,26.3,25.7,25.4,25.7,25.4,26.5,26.3,26.1,26.2,26.1,25.7,25.7,25.7,26.1,26.4,26.2
2.45,26.6,26.3,25.7,25.4,25.7,25.4,26.5,26.3,26.1,26.2,26.1,25.7,25.7,25.7,26.1,26.4,26.2
2.47,26.6,26.3,25.7,25.4,25.7,25.4,26.5,26.3,26.1,26.2,26.1,25.7,25.7,25.7,26.1,26.4,26.2
2.48,26.6,26.3,25.7,25.4,25.7,25.4,26.5,26.3,26.1,26.2,26.1,25.7,25.7,25.7,26.1,26.4,26.2
2.5,26.6,26.3,25.7,25.4,25.7,25.4,26.5,26.3,26.1,26.2,26.1,25.7,25.7,25.7,26.1,26.4,26.2
2.52,26.6,26.4,25.7,25.4,25.7,25.4,26.5,26.3,26.1,26.2,26.1,25.7,25.7,25.7,26.1,26.4,26.2
2.53,26.6,26.4,25.7,25.4,25.7,25.4,26.5,26.3,26.1,26.2,26.1,25.7,25.7,25.7,26.1,26.4,26.2
2.55,26.6,26.4,25.7,25.4,25.7,25.4,26.5,26.3,26.1,26.2,26.1,25.7,25.7,25.7,26.1,26.4,26.2
2.57,26.6,26.4,25.7,25.4,25.7,25.4,26.5,26.3,26.1,26.2,26.1,25.7,25.7,25.7,26.1,26.4,26.2
2.58,26.6,26.4,25.7,25.4,25.7,25.4,26.5,26.3,26.1,26.2,26.1,25.7,25.7,25.7,26.1,26.4,26.2
2.6,26.6,26.4,25.7,25.4,25.7,25.4,26.5,26.3,26.1,26.2,26.1,25.7,25.7,25.7,26.1,26.4,26.2
2.62,26.6,26.4,25.7,25.4,25.7,25.4,26.5,26.3,26.1,26.2,26.1,25.7,25.7,25.7,26.1,26.4,26.2
2.63,26.6,26.4,25.7,25.4,25.7,25.4,26.5,26.3,26.1,26.2,26.1,25.7,25.7,25.7,26.1,26.4,26.2
2.65,26.6,26.4,25.7,25.4,25.7,25.4,26.5,26.3,26.1,26.2,26.1,25.7,25.7,25.7,26.1,26.4,26.2
2.67,26.6,26.4,25.7,25.4,25.7,25.4,26.5,26.3,26.1,26.2,26.1,25.7,25.7,25.7,26.1,26.4,26.2
2.68,26.6,26.4,25.7,25.4,25.7,25.4,26.5,26.3,26.1,26.2,26.1,25.7,25.7,25.7,26.1,26.4,26.2
2.7,26.6,26.4,25.7,25.4,25.7,25.4,26.5,26.3,26.1,26.2,26.1,25.7,25.7,25.7,26.1,26.4,26.2
2.72,26.6,26.4,25.7,25.4,25.7,25.4,26.5,26.3,26.1,26.2,26.1,25.7,25.7,25.7,26.1,26.4,26.2
2.73,26.6,26.4,25.7,25.4,25.7,25.4,26.5,26.3,26.1,26.2,26.1,25.7,25.7,25.7,26.1,26.5,26.2
2.75,26.6,26.4,25.7,25.4,25.7,25.4,26.5,26.3,26.2,26.2,26.2,25.7,25.7,25.7,26.1,26.5,26.2
2.77,26.6,26.4,25.7,25.4,25.7,25.4,26.5,26.3,26.2,26.2,26.2,25.7,25.7,25.7,26.1,26.5,26.2
2.78,26.6,26.4,25.7,25.4,25.7,25.4,26.5,26.3,26.2,26.2,26.2,25.7,25.7,25.7,26.1,26.5,26.2
2.8,26.6,26.4,25.7,25.4,25.7,25.4,26.5,26.3,26.2,26.2,26.2,25.7,25.7,25.7,26.1,26.5,26.2
2.82,26.6,26.4,25.7,25.4,25.7,25.4,26.5,26.3,26.2,26.2,26.2,25.7,25.7,25.7,26.1,26.5,26.2
2.83,26.6,26.4,25.7,25.4,25.7,25.4,26.5,26.3,26.2,26.2,26.2,25.7,25.7,25.7,26.1,26.5,26.2
2.85,26.6,26.4,25.7,25.4,25.7,25.4,26.5,26.3,26.2,26.2,26.2,25.7,25.7,25.7,26.1,26.5,26.2
2.87,26.6,26.4,25.7,25.4,25.7,25.4,26.5,26.3,26.2,26.2,26.2,25.7,25.7,25.7,26.1,26.5,26.2
2.88,26.6,26.4,25.7,25.4,25.7,25.4,26.5,26.3,26.2,26.2,26.2,25.7,25.7,25.7,26.1,26.5,26.2
2.9,26.6,26.4,25.7,25.4,25.7,25.4,26.5,26.3,26.2,26.2,26.2,25.7,25.7,25.7,26.1,26.5,26.2
2.92,26.6,26.4,25.7,25.4,25.7,25.4,26.5,26.3,26.2,26.2,26.2,25.7,25.7,25.7,26.1,26.5,26.2
2.93,26.6,26.4,25.7,25.4,25.7,25.4,26.5,26.3,26.2,26.2,26.2,25.7,25.7,25.7,26.1,26.5,26.2
2.95,26.6,26.4,25.7,25.4,25.7,25.4,26.5,26.3,26.2,26.2,26.2,25.7,25.7,25.7,26.1,26.5,26.2
2.97,26.6,26.4,25.7,25.4,25.7,25.4,26.5,26.3,26.2,26.2,26.2,25.7,25.7,25.7,26.1,26.5,26.2
2.98,26.6,26.4,25.7,25.4,25.7,25.4,26.5,26.3,26.2,26.2,26.2,25.7,25.7,25.7,26.1,26.5,26.2
3.0,26.6,26.4,25.7,25.4,25.7,25.4,26.5,26.3,26.2,26.2,26.2,25.7,25.7,25.7,26.1,26.5,26.2
3.02,26.6,26.4,25.7,25.4,25.7,25.4,26.5,26.3,26.2,26.2,26.2,25.7,25.7,25.7,26.1,26.5,26.2
3.03,26.6,26.4,25.7,25.4,25.7,25.4,26.5,26.3,26.2,26.2,26.2,25.7,25.7,25.7,26.1,26.5,26.2
3.05,26.6,26.4,25.7,25.4,25.7,25.4,26.5,26.3,26.2,26.2,26.2,25.7,25.7,25.7,26.1,26.5,26.2
3.07,26.6,26.4,25.7,25.4,25.7,25.4,26.5,26.3,26.2,26.2,26.2,25.7,25.7,25.7,26.1,26.5,26.2
3.08,26.6,26.4,25.7,25.4,25.7,25.4,26.5,26.3,26.2,26.3,26.2,25.7,25.7,25.7,26.1,26.5,26.2
3.1,26.6,26.4,25.7,25.4,25.7,25.4,26.5,26.3,26.2,26.2,26.2,25.7,25.7,25.7,26.1,26.5,26.2
3.12,26.6,26.4,25.7,25.4,25.7,25.4,26.5,26.3,26.2,26.3,26.2,25.7,25.7,25.7,26.1,26.5,26.2
3.13,26.6,26.4,25.7,25.4,25.7,25.4,26.5,26.3,26.2,26.3,26.2,25.7,25.7,25.7,26.1,26.5,26.2
3.15,26.6,26.4,25.7,25.4,25.7,25.4,26.5,26.3,26.2,26.3,26.2,25.7,25.7,25.7,26.1,26.5,26.2
3.17,26.6,26.4,25.7,25.4,25.7,25.4,26.5,26.3,26.2,26.3,26.2,25.7,25.7,25.7,26.1,26.5,26.2
3.18,26.6,26.4,25.7,25.4,25.7,25.4,26.5,26.3,26.2,26.3,26.2,25.7,25.7,25.7,26.1,26.5,26.2
3.2,26.6,26.4,25.8,25.4,25.8,25.4,26.5,26.3,26.2,26.3,26.2,25.7,25.7,25.7,26.1,26.5,26.2
3.22,26.6,26.4,25.8,25.4,25.8,25.4,26.5,26.3,26.2,26.3,26.2,25.7,25.7,25.7,26.1,26.5,26.2
3.23,26.6,26.4,25.8,25.4,25.8,25.4,26.5,26.3,26.2,26.3,26.2,25.7,25.7,25.7,26.1,26.5,26.2
3.25,26.6,26.4,25.8,25.4,25.8,25.4,26.5,26.3,26.2,26.3,26.2,25.7,25.7,25.7,26.1,26.5,26.2
3.27,26.6,26.4,25.8,25.4,25.8,25.4,26.5,26.3,26.2,26.3,26.2,25.7,25.7,25.7,26.1,26.5,26.2
3.28,26.6,26.4,25.8,25.4,25.8,25.4,26.5,26.3,26.2,26.3,26.2,25.7,25.7,25.7,26.1,26.5,26.2
3.3,26.6,26.4,25.8,25.4,25.8,25.4,26.5,26.3,26.2,26.3,26.2,25.7,25.7,25.7,26.1,26.5,26.2
3.32,26.6,26.4,25.8,25.4,25.8,25.4,26.5,26.4,26.2,26.3,26.2,25.7,25.7,25.7,26.1,26.5,26.2
3.33,26.6,26.4,25.8,25.4,25.8,25.4,26.5,26.4,26.2,26.3,26.2,25.7,25.7,25.7,26.1,26.5,26.2
3.35,26.6,26.4,25.8,25.4,25.8,25.4,26.5,26.4,26.2,26.3,26.2,25.7,25.7,25.7,26.1,26.5,26.2
3.37,26.6,26.4,25.8,25.4,25.8,25.4,26.5,26.4,26.2,26.3,26.2,25.7,25.7,25.7,26.1,26.5,26.2
3.38,26.7,26.4,25.8,25.4,25.8,25.4,26.5,26.4,26.2,26.3,26.2,25.7,25.7,25.7,26.1,26.5,26.2
3.4,26.7,26.4,25.8,25.4,25.8,25.4,26.5,26.4,26.2,26.3,26.2,25.7,25.7,25.7,26.1,26.5,26.2
3.42,26.7,26.4,25.8,25.4,25.8,25.4,26.5,26.4,26.2,26.3,26.2,25.7,25.7,25.7,26.1,26.5,26.2
3.43,26.7,26.4,25.8,25.4,25.8,25.4,26.5,26.4,26.2,26.3,26.2,25.8,25.7,25.7,26.1,26.5,26.2
3.45,26.7,26.4,25.8,25.4,25.8,25.4,26.5,26.4,26.2,26.3,26.2,25.7,25.7,25.7,26.1,26.5,26.2
3.47,26.7,26.4,25.8,25.4,25.8,25.4,26.5,26.4,26.2,26.3,26.2,25.7,25.7,25.7,26.2,26.5,26.2
3.48,26.7,26.4,25.8,25.4,25.8,25.4,26.5,26.4,26.2,26.3,26.2,25.7,25.7,25.7,26.1,26.5,26.2
3.5,26.7,26.4,25.8,25.4,25.8,25.4,26.5,26.4,26.2,26.3,26.2,25.8,25.7,25.7,26.2,26.5,26.2
3.52,26.7,26.4,25.8,25.4,25.8,25.4,26.5,26.4,26.2,26.3,26.2,25.7,25.7,25.7,26.1,26.5,26.2
3.53,26.7,26.4,25.8,25.4,25.8,25.5,26.5,26.4,26.2,26.3,26.2,25.8,25.7,25.7,26.2,26.5,26.2
3.55,26.7,26.4,25.8,25.4,25.8,25.5,26.5,26.4,26.2,26.3,26.2,25.8,25.7,25.7,26.2,26.5,26.2
3.57,26.7,26.4,25.8,25.4,25.8,25.5,26.5,26.4,26.2,26.3,26.2,25.7,25.7,25.7,26.2,26.5,26.2
3.58,26.7,26.4,25.8,25.4,25.8,25.5,26.5,26.4,26.2,26.3,26.2,25.8,25.7,25.7,26.1,26.5,26.2
3.6,26.7,26.4,25.8,25.4,25.8,25.5,26.5,26.4,26.2,26.3,26.2,25.8,25.7,25.7,26.2,26.5,26.2
3.62,26.7,26.4,25.8,25.4,25.8,25.5,26.5,26.4,26.2,26.3,26.2,25.8,25.7,25.7,26.2,26.5,26.2
3.63,26.7,26.4,25.8,25.4,25.8,25.5,26.5,26.4,26.2,26.3,26.2,25.8,25.7,25.7,26.2,26.5,26.2
3.65,26.7,26.4,25.8,25.4,25.8,25.5,26.5,26.4,26.2,26.3,26.2,25.8,25.7,25.7,26.2,26.5,26.2
3.67,26.7,26.4,25.8,25.4,25.8,25.5,26.5,26.4,26.2,26.3,26.2,25.8,25.7,25.7,26.2,26.5,26.2
3.68,26.7,26.4,25.8,25.4,25.8,25.5,26.5,26.4,26.2,26.3,26.2,25.8,25.7,25.7,26.1,26.5,26.2
3.7,26.7,26.4,25.8,25.4,25.8,25.5,26.5,26.4,26.2,26.3,26.2,25.8,25.7,25.7,26.2,26.5,26.2
3.72,26.7,26.4,25.8,25.4,25.8,25.5,26.5,26.4,26.2,26.3,26.2,25.8,25.7,25.7,26.2,26.5,26.2
3.73,26.7,26.4,25.8,25.4,25.8,25.5,26.5,26.4,26.2,26.3,26.2,25.8,25.7,25.7,26.2,26.5,26.2
3.75,26.7,26.4,25.8,25.4,25.8,25.5,26.5,26.4,26.2,26.3,26.2,25.8,25.7,25.7,26.2,26.5,26.2
3.77,26.7,26.4,25.8,25.4,25.8,25.5,26.5,26.4,26.2,26.3,26.2,25.8,25.7,25.7,26.2,26.5,26.2
3.78,26.7,26.4,25.8,25.4,25.8,25.5,26.5,26.4,26.2,26.3,26.2,25.8,25.7,25.7,26.2,26.5,26.2
3.8,26.7,26.4,25.8,25.4,25.8,25.5,26.5,26.4,26.2,26.3,26.2,25.8,25.7,25.7,26.2,26.5,26.2
3.82,26.7,26.4,25.8,25.4,25.8,25.5,26.5,26.4,26.2,26.3,26.2,25.8,25.7,25.7,26.2,26.5,26.2
3.83,26.7,26.4,25.8,25.4,25.8,25.5,26.5,26.4,26.2,26.3,26.2,25.8,25.7,25.7,26.2,26.5,26.2
3.85,26.7,26.4,25.8,25.4,25.8,25.5,26.5,26.4,26.2,26.3,26.2,25.8,25.7,25.7,26.2,26.5,26.2
3.87,26.7,26.4,25.8,25.4,25.8,25.5,26.5,26.4,26.2,26.3,26.2,25.8,25.7,25.7,26.2,26.5,26.2
3.88,26.7,26.4,25.8,25.4,25.8,25.5,26.5,26.4,26.2,26.3,26.2,25.8,25.7,25.7,26.2,26.5,26.2
3.9,26.7,26.4,25.8,25.4,25.8,25.5,26.5,26.4,26.2,26.3,26.2,25.8,25.7,25.7,26.2,26.5,26.2
3.92,26.7,26.4,25.8,25.4,25.8,25.5,26.5,26.4,26.2,26.3,26.2,25.8,25.7,25.7,26.2,26.5,26.2
3.93,26.7,26.4,25.8,25.4,25.8,25.5,26.5,26.4,26.2,26.3,26.2,25.8,25.7,25.7,26.2,26.5,26.2
3.95,26.7,26.4,25.8,25.4,25.8,25.5,26.5,26.4,26.2,26.3,26.2,25.8,25.7,25.7,26.2,26.5,26.2
3.97,26.7,26.4,25.8,25.4,25.8,25.5,26.5,26.4,26.2,26.3,26.2,25.8,25.7,25.7,26.2,26.5,26.2
3.98,26.7,26.4,25.8,25.4,25.8,25.5,26.5,26.4,26.2,26.3,26.2,25.8,25.7,25.7,26.2,26.5,26.2
4.0,26.7,26.4,25.8,25.4,25.8,25.5,26.5,26.4,26.2,26.3,26.2,25.8,25.7,25.7,26.2,26.5,26.2
4.02,26.7,26.4,25.8,25.4,25.8,25.5,26.5,26.4,26.2,26.3,26.2,25.8,25.7,25.7,26.2,26.5,26.2
4.03,26.7,26.4,25.8,25.4,25.8,25.5,26.5,26.4,26.2,26.3,26.2,25.8,25.7,25.7,26.2,26.5,26.2
4.05,26.7,26.4,25.8,25.4,25.8,25.5,26.5,26.4,26.2,26.3,26.2,25.8,25.7,25.7,26.2,26.5,26.2
4.07,26.7,26.4,25.8,25.4,25.8,25.5,26.5,26.4,26.2,26.3,26.2,25.8,25.7,25.7,26.2,26.5,26.2
4.08,26.7,26.4,25.8,25.4,25.8,25.5,26.5,26.4,26.2,26.3,26.2,25.8,25.7,25.7,26.2,26.5,26.2
4.1,26.7,26.4,25.8,25.4,25.8,25.5,26.5,26.4,26.2,26.3,26.2,25.8,25.7,25.7,26.2,26.5,26.2
4.12,26.7,26.4,25.8,25.4,25.8,25.5,26.5,26.4,26.2,26.3,26.2,25.8,25.7,25.7,26.2,26.5,26.2
4.13,26.7,26.4,25.8,25.5,25.8,25.5,26.5,26.4,26.2,26.3,26.2,25.8,25.7,25.7,26.2,26.5,26.2
4.15,26.7,26.4,25.8,25.4,25.8,25.5,26.5,26.4,26.2,26.3,26.2,25.8,25.7,25.7,26.2,26.5,26.2
4.17,26.7,26.4,25.8,25.4,25.8,25.5,26.5,26.4,26.2,26.3,26.2,25.8,25.7,25.7,26.2,26.5,26.2
4.18,26.7,26.4,25.8,25.4,25.8,25.5,26.5,26.4,26.3,26.3,26.3,25.8,25.7,25.7,26.2,26.5,26.2
4.2,26.7,26.4,25.8,25.4,25.8,25.5,26.5,26.4,26.3,26.3,26.3,25.8,25.7,25.7,26.2,26.5,26.2
4.22,26.7,26.4,25.8,25.4,25.8,25.5,26.5,26.4,26.3,26.3,26.3,25.8,25.7,25.7,26.2,26.5,26.2
4.23,26.7,26.4,25.8,25.4,25.8,25.5,26.5,26.4,26.3,26.3,26.3,25.8,25.7,25.7,26.2,26.5,26.2
4.25,26.7,26.4,25.8,25.4,25.8,25.5,26.5,26.4,26.3,26.3,26.3,25.8,25.7,25.7,26.2,26.5,26.2
4.27,26.7,26.4,25.8,25.4,25.8,25.5,26.5,26.4,26.3,26.3,26.3,25.8,25.7,25.7,26.2,26.5,26.2
4.28,26.7,26.4,25.8,25.4,25.8,25.5,26.5,26.4,26.3,26.3,26.3,25.8,25.7,25.7,26.2,26.5,26.2
4.3,26.7,26.4,25.8,25.4,25.8,25.5,26.5,26.4,26.3,26.3,26.3,25.8,25.7,25.7,26.2,26.5,26.2
4.32,26.7,26.4,25.8,25.4,25.8,25.5,26.5,26.4,26.3,26.3,26.3,25.8,25.7,25.7,26.2,26.5,26.2
4.33,26.7,26.4,25.8,25.5,25.8,25.5,26.5,26.4,26.3,26.3,26.3,25.8,25.7,25.7,26.2,26.5,26.2
4.35,26.7,26.4,25.8,25.5,25.8,25.5,26.5,26.4,26.3,26.3,26.3,25.8,25.7,25.7,26.2,26.5,26.2
4.37,26.7,26.4,25.8,25.5,25.8,25.5,26.5,26.4,26.3,26.3,26.3,25.8,25.7,25.7,26.2,26.5,26.2
4.38,26.7,26.4,25.8,25.5,25.8,25.5,26.5,26.4,26.3,26.3,26.3,25.8,25.7,25.7,26.2,26.5,26.2
4.4,26.7,26.4,25.8,25.5,25.8,25.5,26.5,26.4,26.3,26.3,26.3,25.8,25.7,25.7,26.2,26.5,26.2
4.42,26.7,26.4,25.9,25.5,25.9,25.5,26.5,26.4,26.3,26.3,26.3,25.8,25.7,25.7,26.2,26.5,26.2
4.43,26.7,26.4,25.8,25.5,25.8,25.5,26.5,26.4,26.3,26.3,26.3,25.8,25.7,25.7,26.2,26.5,26.2
4.45,26.7,26.5,25.8,25.5,25.8,25.5,26.5,26.4,26.3,26.3,26.3,25.8,25.7,25.7,26.2,26.5,26.2
4.47,26.7,26.5,25.9,25.5,25.9,25.5,26.5,26.4,26.3,26.3,26.3,25.8,25.7,25.7,26.2,26.5,26.2
4.48,26.7,26.5,25.9,25.5,25.9,25.5,26.5,26.4,26.3,26.3,26.3,25.8,25.7,25.7,26.2,26.5,26.2
4.5,26.7,26.5,25.8,25.5,25.8,25.5,26.5,26.4,26.3,26.3,26.3,25.8,25.7,25.7,26.2,26.5,26.2
4.52,26.7,26.5,25.9,25.5,25.9,25.5,26.5,26.4,26.3,26.3,26.3,25.8,25.7,25.7,26.2,26.5,26.2
4.53,26.7,26.5,25.9,25.5,25.9,25.5,26.5,26.4,26.3,26.3,26.3,25.8,25.7,25.7,26.2,26.5,26.2
4.55,26.7,26.5,25.9,25.5,25.9,25.5,26.5,26.4,26.3,26.3,26.3,25.8,25.7,25.7,26.2,26.5,26.2
4.57,26.7,26.5,25.9,25.5,25.9,25.5,26.5,26.4,26.3,26.3,26.3,25.8,25.7,25.7,26.2,26.5,26.2
4.58,26.7,26.5,25.9,25.5,25.9,25.5,26.5,26.4,26.3,26.3,26.3,25.8,25.7,25.7,26.2,26.5,26.2
4.6,26.7,26.5,25.9,25.5,25.9,25.5,26.5,26.4,26.3,26.3,26.3,25.8,25.7,25.7,26.2,26.5,26.2
4.62,26.7,26.5,25.9,25.5,25.9,25.5,26.5,26.4,26.3,26.3,26.3,25.8,25.7,25.7,26.2,26.5,26.2
4.63,26.7,26.5,25.9,25.5,25.9,25.5,26.5,26.4,26.3,26.3,26.3,25.8,25.7,25.7,26.2,26.5,26.2
4.65,26.7,26.5,25.9,25.5,25.9,25.5,26.5,26.4,26.3,26.3,26.3,25.8,25.7,25.7,26.2,26.5,26.2
4.67,26.7,26.5,25.9,25.5,25.9,25.5,26.5,26.4,26.3,26.3,26.3,25.8,25.7,25.7,26.2,26.5,26.2
4.68,26.7,26.5,25.9,25.5,25.9,25.5,26.5,26.4,26.3,26.3,26.3,25.8,25.7,25.7,26.2,26.5,26.2
4.7,26.7,26.5,25.9,25.5,25.9,25.5,26.5,26.4,26.3,26.3,26.3,25.8,25.7,25.7,26.2,26.5,26.2
4.72,26.7,26.5,25.9,25.5,25.9,25.5,26.5,26.4,26.3,26.3,26.3,25.8,25.7,25.7,26.2,26.5,26.3
4.73,26.7,26.5,25.9,25.5,25.9,25.5,26.5,26.4,26.3,26.3,26.3,25.8,25.7,25.7,26.2,26.5,26.2
4.75,26.7,26.5,25.9,25.5,25.9,25.5,26.5,26.4,26.3,26.3,26.3,25.8,25.7,25.7,26.2,26.5,26.2
4.77,26.7,26.5,25.9,25.5,25.9,25.5,26.5,26.4,26.3,26.3,26.3,25.8,25.7,25.7,26.2,26.5,26.3
4.78,26.7,26.5,25.9,25.5,25.9,25.5,26.5,26.4,26.3,26.3,26.3,25.8,25.7,25.7,26.2,26.5,26.3
4.8,26.7,26.5,25.9,25.5,25.9,25.5,26.5,26.4,26.3,26.3,26.3,25.8,25.7,25.7,26.2,26.5,26.3
4.82,26.7,26.5,25.9,25.5,25.9,25.5,26.5,26.4,26.3,26.3,26.3,25.8,25.7,25.7,26.2,26.5,26.3
4.83,26.7,26.5,25.9,25.5,25.9,25.5,26.5,26.4,26.3,26.3,26.3,25.8,25.7,25.7,26.2,26.5,26.3
4.85,26.7,26.5,25.9,25.5,25.9,25.5,26.5,26.4,26.3,26.3,26.3,25.8,25.7,25.7,26.2,26.5,26.3
4.87,26.7,26.5,25.9,25.5,25.9,25.5,26.5,26.4,26.3,26.3,26.3,25.8,25.7,25.7,26.2,26.5,26.3
4.88,26.7,26.5,25.9,25.5,25.9,25.5,26.5,26.4,26.3,26.3,26.3,25.8,25.7,25.7,26.2,26.5,26.3
4.9,26.7,26.5,25.9,25.5,25.9,25.5,26.5,26.4,26.3,26.3,26.3,25.8,25.7,25.7,26.2,26.5,26.3
4.92,26.7,26.5,25.9,25.5,25.9,25.5,26.5,26.4,26.3,26.3,26.3,25.8,25.7,25.7,26.2,26.5,26.3
4.93,26.7,26.5,25.9,25.5,25.9,25.5,26.5,26.4,26.3,26.3,26.3,25.8,25.7,25.7,26.2,26.5,26.3
4.95,26.7,26.5,25.9,25.5,25.9,25.5,26.5,26.4,26.3,26.3,26.3,25.8,25.7,25.7,26.2,26.5,26.3
4.97,26.7,26.5,25.9,25.5,25.9,25.5,26.5,26.4,26.3,26.3,26.3,25.8,25.7,25.7,26.2,26.5,26.3
4.98,26.7,26.5,25.9,25.5,25.9,25.5,26.5,26.4,26.3,26.3,26.3,25.8,25.7,25.7,26.2,26.5,26.3
5.0,26.7,26.5,25.9,25.5,25.9,25.5,26.5,26.4,26.3,26.3,26.3,25.8,25.7,25.7,26.2,26.5,26.3
5.02,26.7,26.5,25.9,25.5,25.9,25.5,26.5,26.4,26.3,26.3,26.3,25.8,25.7,25.7,26.2,26.5,26.3
5.03,26.7,26.5,25.9,25.5,25.9,25.5,26.5,26.4,26.3,26.3,26.3,25.8,25.7,25.7,26.2,26.5,26.3
5.05,26.7,26.5,25.9,25.5,25.9,25.5,26.6,26.4,26.3,26.3,26.3,25.8,25.7,25.7,26.2,26.5,26.3
5.07,26.7,26.5,25.9,25.5,25.9,25.5,26.6,26.4,26.3,26.3,26.3,25.8,25.7,25.7,26.2,26.5,26.3
5.08,26.7,26.5,25.9,25.5,25.9,25.5,26.5,26.4,26.3,26.3,26.3,25.8,25.7,25.7,26.2,26.5,26.3
5.1,26.7,26.5,25.9,25.5,25.9,25.5,26.6,26.4,26.3,26.3,26.3,25.8,25.7,25.7,26.2,26.5,26.3
5.12,26.7,26.5,25.9,25.5,25.9,25.5,26.6,26.4,26.3,26.3,26.3,25.8,25.7,25.7,26.2,26.6,26.3
5.13,26.7,26.5,25.9,25.5,25.9,25.5,26.6,26.4,26.3,26.3,26.3,25.8,25.7,25.7,26.2,26.6,26.3
5.15,26.7,26.5,25.9,25.5,25.9,25.5,26.5,26.4,26.3,26.3,26.3,25.8,25.7,25.7,26.2,26.6,26.3
5.17,26.7,26.5,25.9,25.5,25.9,25.5,26.6,26.4,26.3,26.3,26.3,25.8,25.7,25.7,26.2,26.6,26.3
5.18,26.7,26.5,25.9,25.5,25.9,25.5,26.6,26.4,26.3,26.3,26.3,25.8,25.7,25.7,26.2,26.6,26.3
5.2,26.7,26.5,25.9,25.5,25.9,25.5,26.6,26.4,26.3,26.3,26.3,25.8,25.7,25.7,26.2,26.6,26.3
5.22,26.7,26.5,25.9,25.5,25.9,25.5,26.6,26.4,26.3,26.3,26.3,25.8,25.7,25.7,26.2,26.6,26.3
5.23,26.7,26.5,25.9,25.5,25.9,25.5,26.6,26.4,26.3,26.3,26.3,25.8,25.7,25.7,26.2,26.6,26.3
5.25,26.7,26.5,25.9,25.5,25.9,25.5,26.6,26.4,26.3,26.3,26.3,25.8,25.7,25.7,26.2,26.6,26.3
5.27,26.7,26.5,25.9,25.5,25.9,25.5,26.6,26.4,26.3,26.3,26.3,25.8,25.7,25.7,26.2,26.6,26.3
5.28,26.7,26.5,25.9,25.5,25.9,25.5,26.6,26.4,26.3,26.3,26.3,25.8,25.7,25.7,26.2,26.6,26.3
5.3,26.7,26.5,25.9,25.5,25.9,25.5,26.6,26.4,26.3,26.3,26.3,25.8,25.7,25.7,26.2,26.6,26.3
5.32,26.7,26.5,25.9,25.5,25.9,25.5,26.6,26.4,26.3,26.3,26.3,25.8,25.7,25.7,26.2,26.6,26.3
5.33,26.7,26.5,25.9,25.5,25.9,25.5,26.6,26.4,26.3,26.3,26.3,25.8,25.7,25.7,26.2,26.6,26.3
5.35,26.7,26.5,25.9,25.5,25.9,25.5,26.6,26.4,26.3,26.3,26.3,25.8,25.7,25.7,26.2,26.6,26.3
5.37,26.7,26.5,25.9,25.5,25.9,25.5,26.6,26.4,26.3,26.3,26.3,25.8,25.7,25.7,26.2,26.6,26.3
5.38,26.7,26.5,25.9,25.5,25.9,25.5,26.6,26.4,26.3,26.3,26.3,25.8,25.7,25.7,26.2,26.6,26.3
5.4,26.7,26.5,25.9,25.5,25.9,25.6,26.6,26.4,26.3,26.3,26.3,25.8,25.7,25.7,26.2,26.6,26.3
5.42,26.7,26.5,25.9,25.5,25.9,25.5,26.6,26.4,26.3,26.3,26.3,25.8,25.7,25.7,26.2,26.6,26.3
5.43,26.7,26.5,25.9,25.5,25.9,25.5,26.6,26.4,26.3,26.3,26.3,25.8,25.7,25.7,26.2,26.6,26.3
5.45,26.7,26.5,25.9,25.5,25.9,25.5,26.6,26.4,26.3,26.3,26.3,25.8,25.7,25.7,26.2,26.6,26.3
5.47,26.7,26.5,25.9,25.5,25.9,25.6,26.6,26.4,26.3,26.3,26.3,25.8,25.7,25.7,26.2,26.6,26.3
5.48,26.7,26.5,25.9,25.5,25.9,25.6,26.6,26.4,26.3,26.3,26.3,25.8,25.7,25.7,26.2,26.6,26.3
5.5,26.7,26.5,26.0,25.5,26.0,25.6,26.6,26.4,26.3,26.3,26.3,25.8,25.7,25.7,26.2,26.6,26.3
5.52,26.7,26.5,26.0,25.5,26.0,25.6,26.6,26.4,26.3,26.3,26.3,25.8,25.7,25.7,26.2,26.6,26.3
5.53,26.7,26.5,26.0,25.5,26.0,25.6,26.6,26.4,26.3,26.3,26.3,25.8,25.7,25.7,26.2,26.6,26.3
5.55,26.7,26.5,26.0,25.5,26.0,25.6,26.6,26.4,26.3,26.3,26.3,25.8,25.7,25.7,26.2,26.6,26.3
5.57,26.7,26.5,26.0,25.5,26.0,25.6,26.6,26.4,26.3,26.3,26.3,25.8,25.7,25.7,26.2,26.6,26.3
5.58,26.7,26.5,26.0,25.5,26.0,25.6,26.6,26.4,26.3,26.3,26.3,25.8,25.7,25.7,26.2,26.6,26.3
5.6,26.7,26.5,26.0,25.5,26.0,25.6,26.6,26.4,26.3,26.3,26.3,25.8,25.7,25.7,26.2,26.6,26.3
5.62,26.7,26.5,26.0,25.5,26.0,25.6,26.6,26.4,26.3,26.3,26.3,25.8,25.7,25.7,26.2,26.6,26.3
5.63,26.7,26.5,26.0,25.5,26.0,25.6,26.6,26.4,26.3,26.3,26.3,25.8,25.7,25.7,26.2,26.6,26.3
5.65,26.7,26.5,26.0,25.5,26.0,25.6,26.6,26.4,26.3,26.3,26.3,25.8,25.7,25.7,26.2,26.6,26.3
5.67,26.7,26.5,26.0,25.5,26.0,25.6,26.6,26.4,26.3,26.3,26.3,25.8,25.7,25.7,26.2,26.6,26.3
5.68,26.7,26.5,26.0,25.5,26.0,25.6,26.6,26.4,26.4,26.3,26.4,25.8,25.7,25.7,26.2,26.6,26.3
5.7,26.7,26.5,26.0,25.5,26.0,25.6,26.6,26.4,26.4,26.3,26.4,25.8,25.7,25.7,26.2,26.6,26.3
5.72,26.7,26.5,26.0,25.5,26.0,25.6,26.6,26.4,26.4,26.3,26.4,25.8,25.7,25.7,26.2,26.6,26.3
5.73,26.7,26.5,26.0,25.5,26.0,25.6,26.6,26.4,26.4,26.3,26.4,25.8,25.7,25.7,26.2,26.6,26.3
5.75,26.7,26.5,26.0,25.5,26.0,25.6,26.6,26.4,26.4,26.3,26.4,25.8,25.7,25.7,26.2,26.6,26.3
5.77,26.7,26.5,26.0,25.5,26.0,25.6,26.6,26.4,26.4,26.3,26.4,25.8,25.7,25.7,26.2,26.6,26.3
5.78,26.7,26.5,26.0,25.5,26.0,25.6,26.6,26.4,26.4,26.3,26.4,25.8,25.7,25.7,26.2,26.6,26.3
5.8,26.7,26.5,26.0,25.5,26.0,25.6,26.6,26.4,26.4,26.3,26.4,25.8,25.7,25.7,26.2,26.6,26.3
5.82,26.7,26.5,26.0,25.5,26.0,25.6,26.6,26.4,26.4,26.3,26.4,25.8,25.7,25.7,26.2,26.6,26.3
5.83,26.7,26.5,26.0,25.5,26.0,25.6,26.6,26.4,26.4,26.3,26.4,25.8,25.7,25.7,26.2,26.6,26.3
5.85,26.7,26.5,26.0,25.5,26.0,25.6,26.6,26.4,26.4,26.3,26.4,25.8,25.7,25.7,26.2,26.6,26.3
5.87,26.7,26.5,26.0,25.5,26.0,25.6,26.6,26.4,26.4,26.3,26.4,25.8,25.7,25.7,26.2,26.6,26.3
5.88,26.7,26.5,26.0,25.5,26.0,25.6,26.6,26.4,26.4,26.3,26.4,25.8,25.7,25.7,26.2,26.6,26.3
5.9,26.7,26.5,26.0,25.5,26.0,25.6,26.6,26.4,26.4,26.3,26.4,25.8,25.7,25.7,26.2,26.6,26.3
5.92,26.7,26.5,26.0,25.5,26.0,25.6,26.6,26.4,26.4,26.3,26.4,25.8,25.7,25.7,26.2,26.6,26.3
5.93,26.7,26.5,26.0,25.5,26.0,25.6,26.6,26.4,26.4,26.3,26.4,25.8,25.7,25.7,26.2,26.6,26.3
5.95,26.7,26.5,26.0,25.5,26.0,25.6,26.6,26.4,26.4,26.3,26.4,25.8,25.7,25.7,26.2,26.6,26.3
5.97,26.7,26.5,26.0,25.5,26.0,25.6,26.6,26.4,26.4,26.3,26.4,25.8,25.7,25.7,26.2,26.6,26.3
5.98,26.7,26.5,26.0,25.5,26.0,25.6,26.6,26.4,26.4,26.3,26.4,25.8,25.7,25.7,26.2,26.6,26.3
6.0,26.7,26.5,26.0,25.5,26.0,25.6,26.6,26.4,26.4,26.3,26.4,25.8,25.7,25.7,26.2,26.6,26.3
6.02,26.7,26.5,26.0,25.5,26.0,25.6,26.6,26.4,26.4,26.3,26.4,25.8,25.7,25.7,26.2,26.6,26.3
6.03,26.7,26.5,26.0,25.5,26.0,25.6,26.6,26.4,26.4,26.3,26.4,25.8,25.7,25.7,26.2,26.6,26.3
6.05,26.7,26.5,26.0,25.5,26.0,25.6,26.6,26.4,26.4,26.3,26.4,25.8,25.7,25.7,26.2,26.6,26.3
6.07,26.7,26.5,26.0,25.5,26.0,25.6,26.6,26.4,26.4,26.3,26.4,25.8,25.7,25.7,26.2,26.6,26.3
6.08,26.7,26.5,26.0,25.5,26.0,25.6,26.6,26.4,26.4,26.3,26.4,25.8,25.7,25.7,26.2,26.6,26.3
6.1,26.8,26.5,26.0,25.5,26.0,25.6,26.6,26.4,26.4,26.3,26.4,25.8,25.7,25.7,26.2,26.6,26.3
6.12,26.8,26.5,26.0,25.5,26.0,25.6,26.6,26.4,26.4,26.3,26.4,25.8,25.7,25.7,26.2,26.6,26.3
6.13,26.8,26.5,26.0,25.5,26.0,25.6,26.6,26.4,26.4,26.3,26.4,25.8,25.7,25.7,26.2,26.7,26.3
6.15,26.8,26.5,26.0,25.5,26.0,25.6,26.6,26.4,26.4,26.3,26.4,25.8,25.7,25.7,26.2,26.6,26.3
6.17,26.8,26.5,26.0,25.5,26.0,25.6,26.6,26.4,26.4,26.3,26.4,25.8,25.7,25.7,26.2,26.6,26.3
6.18,26.8,26.5,26.0,25.5,26.0,25.6,26.6,26.4,26.4,26.3,26.4,25.8,25.7,25.7,26.2,26.7,26.3
6.2,26.8,26.5,26.0,25.5,26.0,25.6,26.6,26.4,26.4,26.3,26.4,25.8,25.7,25.7,26.2,26.7,26.3
6.22,26.7,26.5,26.0,25.5,26.0,25.6,26.6,26.4,26.4,26.3,26.4,25.8,25.7,25.7,26.2,26.7,26.3
6.23,26.8,26.5,26.0,25.5,26.0,25.6,26.6,26.4,26.4,26.3,26.4,25.8,25.7,25.7,26.2,26.7,26.3
6.25,26.8,26.5,26.0,25.5,26.0,25.6,26.6,26.4,26.4,26.3,26.4,25.8,25.7,25.7,26.2,26.7,26.3
6.27,26.8,26.5,26.0,25.5,26.0,25.6,26.6,26.4,26.4,26.3,26.4,25.8,25.7,25.7,26.2,26.7,26.3
6.28,26.8,26.5,26.0,25.5,26.0,25.6,26.6,26.4,26.4,26.3,26.4,25.8,25.7,25.7,26.2,26.7,26.3
6.3,26.8,26.5,26.0,25.5,26.0,25.6,26.6,26.4,26.4,26.3,26.4,25.8,25.7,25.7,26.2,26.7,26.3
6.32,26.8,26.5,26.0,25.5,26.0,25.6,26.6,26.4,26.4,26.3,26.4,25.8,25.7,25.7,26.2,26.7,26.3
6.33,26.8,26.5,26.0,25.5,26.0,25.6,26.6,26.4,26.4,26.3,26.4,25.8,25.7,25.7,26.2,26.7,26.3
6.35,26.8,26.5,26.0,25.5,26.0,25.6,26.6,26.4,26.4,26.3,26.4,25.8,25.7,25.7,26.2,26.7,26.3
6.37,26.8,26.5,26.0,25.5,26.0,25.6,26.6,26.4,26.4,26.3,26.4,25.8,25.7,25.7,26.2,26.7,26.3
6.38,26.8,26.5,26.0,25.5,26.0,25.6,26.6,26.4,26.4,26.3,26.4,25.8,25.7,25.7,26.2,26.7,26.3
6.4,26.8,26.5,26.0,25.5,26.0,25.6,26.6,26.4,26.4,26.3,26.4,25.8,25.7,25.7,26.2,26.7,26.3
6.42,26.8,26.5,26.0,25.5,26.0,25.6,26.6,26.4,26.4,26.3,26.4,25.8,25.7,25.7,26.2,26.7,26.3
6.43,26.8,26.5,26.0,25.5,26.0,25.6,26.6,26.4,26.4,26.3,26.4,25.8,25.7,25.7,26.2,26.7,26.3
6.45,26.8,26.5,26.0,25.5,26.0,25.6,26.6,26.4,26.4,26.3,26.4,25.8,25.7,25.7,26.2,26.7,26.3
6.47,26.8,26.5,26.0,25.5,26.0,25.6,26.6,26.4,26.4,26.3,26.4,25.8,25.7,25.7,26.2,26.7,26.3
6.48,26.8,26.5,26.0,25.5,26.0,25.6,26.6,26.4,26.4,26.3,26.4,25.8,25.7,25.7,26.2,26.7,26.3
6.5,26.8,26.5,26.0,25.5,26.0,25.6,26.6,26.4,26.4,26.3,26.4,25.8,25.7,25.7,26.2,26.7,26.3
6.52,26.8,26.5,26.0,25.5,26.0,25.6,26.6,26.4,26.4,26.3,26.4,25.8,25.7,25.7,26.2,26.7,26.3
6.53,26.8,26.5,26.0,25.5,26.0,25.6,26.6,26.4,26.4,26.3,26.4,25.8,25.7,25.7,26.2,26.7,26.3
6.55,26.8,26.5,26.0,25.5,26.0,25.6,26.6,26.4,26.4,26.3,26.4,25.8,25.7,25.7,26.2,26.7,26.3
6.57,26.8,26.5,26.0,25.5,26.0,25.6,26.6,26.4,26.4,26.3,26.4,25.8,25.7,25.7,26.2,26.7,26.3
6.58,26.8,26.5,26.0,25.5,26.0,25.6,26.6,26.4,26.4,26.3,26.4,25.8,25.7,25.7,26.2,26.7,26.3
6.6,26.8,26.5,26.0,25.5,26.0,25.6,26.6,26.4,26.4,26.3,26.4,25.8,25.7,25.7,26.2,26.7,26.3
6.62,26.8,26.5,26.0,25.5,26.0,25.6,26.6,26.4,26.4,26.3,26.4,25.8,25.7,25.7,26.2,26.7,26.3
6.63,26.8,26.5,26.0,25.5,26.0,25.6,26.6,26.4,26.4,26.3,26.4,25.8,25.7,25.7,26.2,26.7,26.3
6.65,26.8,26.5,26.0,25.5,26.0,25.6,26.6,26.4,26.4,26.3,26.4,25.8,25.7,25.7,26.2,26.7,26.3
6.67,26.8,26.5,26.0,25.5,26.0,25.6,26.6,26.4,26.4,26.3,26.4,25.8,25.7,25.7,26.2,26.7,26.3
6.68,26.8,26.5,26.0,25.5,26.0,25.6,26.6,26.4,26.4,26.3,26.4,25.8,25.7,25.7,26.1,26.7,26.3
6.7,26.8,26.5,26.0,25.5,26.0,25.6,26.6,26.4,26.4,26.3,26.4,25.8,25.7,25.7,26.1,26.7,26.3
6.72,26.8,26.5,26.0,25.5,26.0,25.6,26.6,26.4,26.4,26.3,26.4,25.8,25.7,25.7,26.1,26.7,26.3
6.73,26.8,26.5,26.0,25.5,26.0,25.6,26.6,26.4,26.4,26.3,26.4,25.8,25.7,25.7,26.1,26.7,26.3
6.75,26.8,26.5,26.0,25.5,26.0,25.6,26.6,26.4,26.4,26.3,26.4,25.8,25.7,25.7,26.1,26.7,26.3
6.77,26.8,26.5,26.0,25.5,26.0,25.6,26.6,26.4,26.4,26.3,26.4,25.8,25.7,25.7,26.1,26.7,26.3
6.78,26.8,26.5,26.0,25.5,26.0,25.6,26.6,26.4,26.4,26.3,26.4,25.8,25.7,25.7,26.1,26.7,26.3
6.8,26.8,26.5,26.0,25.5,26.0,25.6,26.6,26.4,26.4,26.3,26.4,25.8,25.7,25.7,26.1,26.7,26.3
6.82,26.8,26.5,26.0,25.5,26.0,25.6,26.6,26.4,26.4,26.3,26.4,25.8,25.7,25.7,26.1,26.7,26.3
6.83,26.8,26.5,26.0,25.5,26.0,25.6,26.7,26.4,26.4,26.3,26.4,25.8,25.7,25.7,26.1,26.7,26.3
6.85,26.8,26.5,26.0,25.5,26.0,25.6,26.6,26.4,26.4,26.3,26.4,25.8,25.7,25.7,26.1,26.7,26.3
6.87,26.8,26.5,26.0,25.5,26.0,25.6,26.6,26.4,26.4,26.3,26.4,25.8,25.7,25.7,26.1,26.7,26.3
6.88,26.8,26.5,26.0,25.5,26.0,25.6,26.7,26.4,26.4,26.3,26.4,25.8,25.7,25.7,26.1,26.7,26.3
6.9,26.8,26.5,26.0,25.5,26.0,25.6,26.7,26.4,26.4,26.3,26.4,25.8,25.7,25.7,26.1,26.7,26.3
6.92,26.8,26.5,26.0,25.5,26.0,25.6,26.7,26.4,26.4,26.3,26.4,25.8,25.7,25.7,26.1,26.7,26.3
6.93,26.8,26.5,26.0,25.5,26.0,25.6,26.7,26.4,26.4,26.3,26.4,25.8,25.7,25.7,26.1,26.7,26.3
6.95,26.8,26.5,26.0,25.5,26.0,25.6,26.7,26.4,26.4,26.3,26.4,25.8,25.7,25.7,26.1,26.7,26.3
6.97,26.8,26.5,26.0,25.5,26.0,25.6,26.7,26.4,26.4,26.3,26.4,25.8,25.7,25.7,26.1,26.7,26.3
6.98,26.8,26.5,26.0,25.5,26.0,25.6,26.7,26.4,26.4,26.3,26.4,25.8,25.7,25.7,26.1,26.7,26.3
7.0,26.8,26.5,26.0,25.5,26.0,25.6,26.7,26.4,26.4,26.3,26.4,25.8,25.7,25.7,26.1,26.7,26.3
7.02,26.8,26.5,26.0,25.5,26.0,25.6,26.7,26.4,26.4,26.3,26.4,25.8,25.7,25.7,26.1,26.7,26.3
7.03,26.8,26.5,26.0,25.5,26.0,25.6,26.7,26.4,26.4,26.3,26.4,25.8,25.7,25.7,26.1,26.7,26.3
7.05,26.8,26.5,26.0,25.5,26.0,25.6,26.7,26.4,26.4,26.3,26.4,25.8,25.7,25.7,26.1,26.7,26.3
7.07,26.8,26.5,26.0,25.5,26.0,25.6,26.7,26.4,26.4,26.3,26.4,25.8,25.7,25.7,26.1,26.7,26.3
7.08,26.8,26.5,26.0,25.5,26.0,25.6,26.7,26.4,26.4,26.3,26.4,25.8,25.7,25.7,26.1,26.7,26.3
7.1,26.8,26.5,26.0,25.5,26.0,25.6,26.7,26.4,26.4,26.3,26.4,25.8,25.7,25.7,26.1,26.7,26.3
7.12,26.8,26.5,26.0,25.5,26.0,25.6,26.7,26.4,26.4,26.3,26.4,25.8,25.7,25.7,26.1,26.7,26.3
7.13,26.8,26.5,26.0,25.5,26.0,25.6,26.7,26.4,26.4,26.3,26.4,25.8,25.7,25.7,26.1,26.7,26.3
7.15,26.8,26.5,26.0,25.5,26.0,25.6,26.7,26.4,26.4,26.3,26.4,25.8,25.7,25.7,26.1,26.7,26.3
7.17,26.8,26.5,26.0,25.5,26.0,25.6,26.7,26.4,26.4,26.3,26.4,25.8,25.7,25.7,26.1,26.7,26.3
7.18,26.8,26.5,26.0,25.5,26.0,25.6,26.7,26.4,26.4,26.3,26.4,25.8,25.7,25.7,26.1,26.7,26.3
7.2,26.8,26.5,26.0,25.5,26.0,25.6,26.7,26.4,26.4,26.3,26.4,25.8,25.7,25.7,26.1,26.7,26.3
7.22,26.8,26.5,26.0,25.5,26.0,25.6,26.7,26.4,26.4,26.3,26.4,25.8,25.7,25.7,26.1,26.7,26.3
7.23,26.8,26.5,26.0,25.5,26.0,25.6,26.7,26.3,26.4,26.3,26.4,25.8,25.7,25.7,26.1,26.7,26.3
7.25,26.8,26.5,26.0,25.5,26.0,25.6,26.7,26.3,26.4,26.3,26.4,25.8,25.7,25.7,26.1,26.7,26.3
7.27,26.8,26.5,26.0,25.5,26.0,25.6,26.7,26.3,26.4,26.3,26.4,25.8,25.7,25.7,26.1,26.7,26.3
7.28,26.8,26.5,26.0,25.5,26.0,25.6,26.7,26.3,26.4,26.3,26.4,25.8,25.7,25.7,26.1,26.7,26.3
7.3,26.8,26.5,26.0,25.5,26.0,25.6,26.7,26.3,26.4,26.3,26.4,25.8,25.7,25.7,26.1,26.7,26.3
7.32,26.8,26.5,26.0,25.5,26.0,25.6,26.7,26.3,26.4,26.3,26.4,25.8,25.7,25.7,26.1,26.7,26.3
7.33,26.8,26.5,26.0,25.5,26.0,25.6,26.7,26.3,26.4,26.3,26.4,25.8,25.7,25.7,26.1,26.7,26.3
7.35,26.8,26.5,26.0,25.5,26.0,25.6,26.7,26.3,26.4,26.3,26.4,25.8,25.7,25.7,26.1,26.7,26.3
7.37,26.8,26.5,26.0,25.5,26.0,25.6,26.7,26.3,26.4,26.3,26.4,25.8,25.7,25.7,26.1,26.7,26.3
7.38,26.8,26.5,26.0,25.5,26.0,25.6,26.7,26.3,26.4,26.3,26.4,25.8,25.7,25.7,26.1,26.7,26.3
7.4,26.8,26.5,26.0,25.5,26.0,25.6,26.7,26.3,26.4,26.3,26.4,25.8,25.7,25.7,26.1,26.7,26.3
7.42,26.8,26.5,26.0,25.5,26.0,25.6,26.7,26.3,26.4,26.3,26.4,25.8,25.7,25.7,26.1,26.7,26.3
7.43,26.8,26.5,26.0,25.5,26.0,25.6,26.7,26.3,26.4,26.3,26.4,25.8,25.7,25.7,26.1,26.7,26.3
7.45,26.8,26.5,26.0,25.5,26.0,25.6,26.7,26.3,26.4,26.3,26.4,25.8,25.7,25.7,26.1,26.7,26.3
7.47,26.8,26.5,26.0,25.5,26.0,25.6,26.7,26.3,26.4,26.3,26.4,25.8,25.7,25.7,26.1,26.7,26.3
7.48,26.8,26.5,26.0,25.5,26.0,25.6,26.7,26.3,26.4,26.3,26.4,25.8,25.7,25.7,26.1,26.7,26.3
7.5,26.8,26.5,26.0,25.5,26.0,25.6,26.7,26.3,26.4,26.3,26.4,25.8,25.7,25.7,26.1,26.7,26.3
7.52,26.8,26.5,26.0,25.5,26.0,25.6,26.7,26.3,26.4,26.3,26.4,25.8,25.7,25.7,26.1,26.7,26.3
7.53,26.8,26.5,26.0,25.5,26.0,25.6,26.7,26.3,26.4,26.3,26.4,25.8,25.7,25.7,26.1,26.7,26.3
7.55,26.8,26.5,26.0,25.5,26.0,25.6,26.7,26.3,26.4,26.3,26.4,25.8,25.7,25.7,26.1,26.7,26.4
7.57,26.8,26.5,26.0,25.5,26.0,25.6,26.7,26.3,26.4,26.3,26.4,25.8,25.7,25.7,26.1,26.7,26.4
7.58,26.8,26.5,26.0,25.5,26.0,25.6,26.7,26.3,26.4,26.3,26.4,25.8,25.7,25.7,26.1,26.7,26.3
7.6,26.8,26.5,26.0,25.5,26.0,25.6,26.7,26.3,26.4,26.3,26.4,25.8,25.7,25.7,26.1,26.7,26.3
7.62,26.8,26.5,26.0,25.5,26.0,25.6,26.7,26.3,26.4,26.3,26.4,25.8,25.7,25.7,26.1,26.7,26.4
7.63,26.8,26.5,26.0,25.5,26.0,25.6,26.7,26.3,26.4,26.3,26.4,25.8,25.7,25.7,26.1,26.7,26.4
7.65,26.8,26.5,26.0,25.5,26.0,25.6,26.7,26.3,26.4,26.3,26.4,25.8,25.7,25.7,26.1,26.7,26.4
7.67,26.8,26.5,26.0,25.5,26.0,25.6,26.7,26.3,26.4,26.3,26.4,25.8,25.7,25.7,26.1,26.7,26.4
7.68,26.8,26.5,26.0,25.5,26.0,25.6,26.7,26.3,26.4,26.3,26.4,25.8,25.7,25.7,26.1,26.7,26.4
7.7,26.8,26.5,26.0,25.5,26.0,25.6,26.7,26.3,26.4,26.3,26.4,25.8,25.7,25.7,26.1,26.7,26.4
7.72,26.8,26.5,26.0,25.5,26.0,25.6,26.7,26.3,26.4,26.3,26.4,25.8,25.7,25.7,26.1,26.7,26.4
7.73,26.8,26.5,26.0,25.5,26.0,25.6,26.7,26.3,26.4,26.3,26.4,25.8,25.7,25.7,26.1,26.7,26.4
7.75,26.8,26.5,26.0,25.5,26.0,25.6,26.7,26.3,26.4,26.3,26.4,25.8,25.7,25.7,26.1,26.7,26.4
7.77,26.8,26.5,26.0,25.5,26.0,25.6,26.7,26.3,26.4,26.3,26.4,25.8,25.7,25.7,26.1,26.7,26.4
7.78,26.8,26.5,26.0,25.5,26.0,25.6,26.7,26.3,26.4,26.3,26.4,25.8,25.7,25.7,26.1,26.7,26.4
7.8,26.8,26.5,26.0,25.5,26.0,25.6,26.7,26.3,26.4,26.3,26.4,25.8,25.7,25.7,26.1,26.7,26.4
7.82,26.8,26.5,26.0,25.5,26.0,25.6,26.7,26.3,26.4,26.3,26.4,25.8,25.7,25.7,26.1,26.7,26.4
7.83,26.8,26.6,26.0,25.5,26.0,25.6,26.7,26.3,26.4,26.3,26.4,25.8,25.7,25.7,26.1,26.7,26.4
7.85,26.8,26.6,26.0,25.5,26.0,25.6,26.7,26.3,26.4,26.3,26.4,25.8,25.7,25.7,26.1,26.7,26.4
7.87,26.8,26.6,26.0,25.5,26.0,25.6,26.7,26.3,26.4,26.3,26.4,25.8,25.7,25.7,26.1,26.7,26.4
7.88,26.8,26.6,26.0,25.5,26.0,25.6,26.7,26.3,26.4,26.3,26.4,25.8,25.7,25.7,26.1,26.7,26.4
7.9,26.8,26.6,26.0,25.5,26.0,25.6,26.7,26.3,26.4,26.3,26.4,25.8,25.7,25.7,26.1,26.7,26.4
7.92,26.8,26.6,26.0,25.5,26.0,25.6,26.7,26.3,26.4,26.3,26.4,25.8,25.7,25.7,26.1,26.7,26.4
7.93,26.8,26.6,26.0,25.5,26.0,25.6,26.7,26.3,26.4,26.3,26.4,25.8,25.7,25.7,26.1,26.7,26.4
7.95,26.8,26.6,26.0,25.5,26.0,25.6,26.7,26.3,26.4,26.3,26.4,25.8,25.7,25.7,26.1,26.7,26.4
7.97,26.8,26.6,26.0,25.5,26.0,25.6,26.7,26.3,26.4,26.3,26.4,25.8,25.7,25.7,26.1,26.7,26.4
7.98,26.8,26.6,26.0,25.5,26.0,25.6,26.7,26.3,26.4,26.3,26.4,25.8,25.7,25.7,26.1,26.7,26.4
8.0,26.8,26.6,26.0,25.5,26.0,25.6,26.7,26.3,26.4,26.3,26.4,25.8,25.7,25.7,26.1,26.7,26.4
8.02,26.8,26.6,26.0,25.5,26.0,25.6,26.7,26.3,26.4,26.3,26.4,25.8,25.7,25.7,26.1,26.7,26.4
8.03,26.8,26.6,26.0,25.5,26.0,25.6,26.7,26.3,26.4,26.3,26.4,25.8,25.7,25.7,26.1,26.7,26.4
8.05,26.8,26.6,26.0,25.5,26.0,25.6,26.7,26.3,26.4,26.3,26.4,25.8,25.7,25.7,26.1,26.7,26.4
8.07,26.8,26.6,26.0,25.5,26.0,25.6,26.7,26.3,26.4,26.3,26.4,25.8,25.7,25.7,26.1,26.7,26.4
8.08,26.8,26.6,26.0,25.5,26.0,25.6,26.7,26.3,26.4,26.3,26.4,25.8,25.7,25.7,26.1,26.7,26.4
8.1,26.8,26.6,26.0,25.5,26.0,25.6,26.7,26.3,26.4,26.3,26.4,25.8,25.7,25.7,26.1,26.7,26.4
8.12,26.8,26.6,26.0,25.5,26.0,25.6,26.7,26.3,26.4,26.3,26.4,25.8,25.7,25.7,26.1,26.7,26.4
8.13,26.8,26.6,26.0,25.5,26.0,25.6,26.7,26.3,26.4,26.3,26.4,25.8,25.7,25.7,26.1,26.7,26.4
8.15,26.8,26.6,26.0,25.5,26.0,25.6,26.7,26.3,26.4,26.3,26.4,25.8,25.7,25.7,26.1,26.7,26.4
8.17,26.8,26.6,26.0,25.5,26.0,25.6,26.7,26.3,26.4,26.3,26.4,25.8,25.7,25.7,26.1,26.7,26.4
8.18,26.8,26.6,26.0,25.5,26.0,25.6,26.7,26.3,26.4,26.3,26.4,25.8,25.7,25.7,26.1,26.7,26.4
8.2,26.8,26.6,26.0,25.5,26.0,25.6,26.7,26.3,26.4,26.3,26.4,25.8,25.7,25.7,26.1,26.7,26.4
8.22,26.8,26.6,26.0,25.5,26.0,25.6,26.7,26.3,26.4,26.3,26.4,25.8,25.7,25.7,26.1,26.7,26.4
8.23,26.8,26.6,26.0,25.5,26.0,25.6,26.7,26.3,26.4,26.3,26.4,25.8,25.7,25.7,26.1,26.7,26.4
8.25,26.8,26.6,26.0,25.5,26.0,25.6,26.7,26.3,26.4,26.3,26.4,25.8,25.7,25.7,26.1,26.7,26.4
8.27,26.8,26.6,26.0,25.5,26.0,25.6,26.7,26.3,26.4,26.3,26.4,25.8,25.7,25.7,26.1,26.7,26.4
8.28,26.8,26.6,26.0,25.5,26.0,25.6,26.7,26.3,26.4,26.3,26.4,25.8,25.7,25.7,26.1,26.7,26.4
8.3,26.8,26.6,26.0,25.5,26.0,25.6,26.7,26.3,26.4,26.3,26.4,25.8,25.7,25.7,26.1,26.7,26.4
8.32,26.8,26.6,26.0,25.5,26.0,25.6,26.7,26.3,26.4,26.3,26.4,25.8,25.7,25.7,26.1,26.7,26.4
8.33,26.8,26.6,26.0,25.5,26.0,25.6,26.7,26.3,26.4,26.3,26.4,25.8,25.7,25.7,26.1,26.7,26.4
8.35,26.8,26.6,26.0,25.5,26.0,25.6,26.7,26.3,26.4,26.3,26.4,25.8,25.7,25.7,26.1,26.7,26.4
8.37,26.8,26.6,26.0,25.5,26.0,25.6,26.7,26.3,26.4,26.3,26.4,25.8,25.7,25.7,26.1,26.7,26.4
8.38,26.8,26.6,26.0,25.5,26.0,25.6,26.7,26.3,26.4,26.3,26.4,25.8,25.7,25.7,26.1,26.7,26.4
8.4,26.8,26.6,26.0,25.5,26.0,25.6,26.7,26.3,26.4,26.3,26.4,25.8,25.7,25.7,26.1,26.7,26.4
8.42,26.8,26.6,26.0,25.5,26.0,25.6,26.7,26.3,26.4,26.3,26.4,25.8,25.7,25.7,26.1,26.7,26.4
8.43,26.8,26.6,26.0,25.5,26.0,25.6,26.7,26.3,26.4,26.3,26.4,25.8,25.7,25.7,26.1,26.7,26.4
8.45,26.8,26.6,26.0,25.5,26.0,25.6,26.7,26.3,26.4,26.3,26.4,25.8,25.7,25.7,26.1,26.7,26.4
8.47,26.8,26.6,26.0,25.5,26.0,25.6,26.7,26.3,26.4,26.3,26.4,25.8,25.7,25.7,26.1,26.7,26.4
8.48,26.8,26.6,26.0,25.5,26.0,25.6,26.7,26.3,26.4,26.2,26.4,25.8,25.7,25.7,26.1,26.7,26.4
8.5,26.8,26.6,26.0,25.5,26.0,25.6,26.7,26.3,26.4,26.2,26.4,25.7,25.7,25.7,26.1,26.7,26.4
8.52,26.8,26.6,26.0,25.5,26.0,25.6,26.7,26.3,26.4,26.2,26.4,25.7,25.7,25.7,26.1,26.7,26.4
8.53,26.8,26.6,26.0,25.5,26.0,25.6,26.7,26.3,26.4,26.2,26.4,25.7,25.7,25.7,26.1,26.7,26.4
8.55,26.8,26.6,26.0,25.5,26.0,25.6,26.7,26.3,26.4,26.2,26.4,25.7,25.7,25.7,26.1,26.7,26.4
8.57,26.8,26.6,26.0,25.5,26.0,25.6,26.7,26.3,26.4,26.2,26.4,25.7,25.7,25.7,26.1,26.7,26.4
8.58,26.8,26.6,26.0,25.5,26.0,25.6,26.7,26.3,26.4,26.2,26.4,25.7,25.7,25.7,26.1,26.7,26.4
8.6,26.8,26.6,26.0,25.5,26.0,25.6,26.7,26.3,26.4,26.2,26.4,25.7,25.7,25.7,26.1,26.7,26.4
8.62,26.8,26.6,26.0,25.5,26.0,25.6,26.7,26.3,26.4,26.2,26.4,25.7,25.6,25.6,26.1,26.7,26.4
8.63,26.8,26.5,26.0,25.5,26.0,25.6,26.7,26.3,26.4,26.2,26.4,25.7,25.6,25.6,26.1,26.7,26.4
8.65,26.8,26.5,26.0,25.5,26.0,25.6,26.7,26.3,26.4,26.2,26.4,25.7,25.6,25.6,26.1,26.7,26.4
8.67,26.8,26.5,26.0,25.5,26.0,25.6,26.7,26.3,26.4,26.2,26.4,25.7,25.6,25.6,26.1,26.7,26.4
8.68,26.8,26.5,26.0,25.5,26.0,25.6,26.7,26.3,26.4,26.2,26.4,25.7,25.6,25.6,26.1,26.7,26.4
8.7,26.8,26.5,26.0,25.5,26.0,25.6,26.7,26.3,26.4,26.2,26.4,25.7,25.6,25.6,26.1,26.7,26.4
8.72,26.8,26.5,26.0,25.5,26.0,25.6,26.7,26.3,26.4,26.2,26.4,25.7,25.6,25.6,26.1,26.7,26.4
8.73,26.8,26.5,26.0,25.5,26.0,25.6,26.7,26.3,26.4,26.2,26.4,25.7,25.6,25.6,26.1,26.7,26.4
8.75,26.8,26.5,26.0,25.5,26.0,25.6,26.7,26.3,26.4,26.2,26.4,25.7,25.6,25.6,26.1,26.7,26.4
8.77,26.8,26.5,26.0,25.5,26.0,25.6,26.7,26.3,26.4,26.2,26.4,25.7,25.6,25.6,26.1,26.7,26.4
8.78,26.8,26.5,26.0,25.5,26.0,25.6,26.7,26.3,26.4,26.2,26.4,25.7,25.6,25.6,26.1,26.7,26.4
8.8,26.8,26.5,26.0,25.5,26.0,25.6,26.7,26.3,26.4,26.2,26.4,25.7,25.6,25.6,26.1,26.7,26.4
8.82,26.8,26.5,26.0,25.5,26.0,25.6,26.7,26.3,26.4,26.2,26.4,25.7,25.6,25.6,26.1,26.7,26.4
8.83,26.8,26.5,26.0,25.5,26.0,25.6,26.7,26.3,26.4,26.2,26.4,25.7,25.6,25.6,26.1,26.7,26.4
8.85,26.8,26.5,26.0,25.5,26.0,25.6,26.7,26.3,26.4,26.2,26.4,25.7,25.6,25.6,26.1,26.7,26.4
8.87,26.8,26.5,26.0,25.5,26.0,25.6,26.7,26.3,26.4,26.2,26.4,25.7,25.6,25.6,26.1,26.7,26.4
8.88,26.8,26.5,26.0,25.5,26.0,25.6,26.7,26.3,26.4,26.2,26.4,25.7,25.6,25.6,26.1,26.7,26.4
8.9,26.8,26.5,26.0,25.5,26.0,25.6,26.7,26.3,26.4,26.2,26.4,25.7,25.6,25.6,26.0,26.6,26.4
8.92,26.8,26.5,26.0,25.5,26.0,25.6,26.7,26.3,26.4,26.2,26.4,25.7,25.6,25.6,26.0,26.7,26.4
8.93,26.8,26.5,26.0,25.5,26.0,25.6,26.7,26.3,26.4,26.2,26.4,25.7,25.6,25.6,26.0,26.6,26.4
8.95,26.8,26.5,26.0,25.5,26.0,25.6,26.7,26.3,26.4,26.2,26.4,25.7,25.6,25.6,26.0,26.6,26.4
8.97,26.8,26.5,26.0,25.5,26.0,25.6,26.7,26.3,26.4,26.2,26.4,25.7,25.6,25.6,26.0,26.7,26.4
8.98,26.8,26.5,26.0,25.5,26.0,25.6,26.7,26.3,26.4,26.2,26.4,25.7,25.6,25.6,26.0,26.6,26.4
9.0,26.8,26.5,26.0,25.5,26.0,25.6,26.7,26.3,26.4,26.2,26.4,25.7,25.6,25.6,26.0,26.6,26.4
9.02,26.8,26.5,26.0,25.4,26.0,25.6,26.7,26.3,26.4,26.2,26.4,25.7,25.6,25.6,26.0,26.7,26.4
9.03,26.8,26.5,26.0,25.5,26.0,25.6,26.7,26.3,26.4,26.2,26.4,25.7,25.6,25.6,26.0,26.7,26.4
9.05,26.8,26.5,26.0,25.4,26.0,25.6,26.7,26.3,26.4,26.2,26.4,25.7,25.6,25.6,26.0,26.6,26.4
9.07,26.8,26.5,26.0,25.4,26.0,25.6,26.7,26.3,26.4,26.2,26.4,25.7,25.6,25.6,26.0,26.6,26.4
9.08,26.8,26.5,26.0,25.4,26.0,25.6,26.7,26.3,26.4,26.2,26.4,25.7,25.6,25.6,26.0,26.6,26.4
9.1,26.8,26.5,26.0,25.4,26.0,25.6,26.7,26.3,26.4,26.2,26.4,25.7,25.6,25.6,26.0,26.6,26.4
9.12,26.8,26.5,26.0,25.4,26.0,25.6,26.7,26.3,26.4,26.2,26.4,25.7,25.6,25.6,26.0,26.6,26.4
9.13,26.8,26.5,26.0,25.4,26.0,25.6,26.7,26.3,26.4,26.2,26.4,25.7,25.6,25.6,26.0,26.6,26.4
9.15,26.8,26.5,26.0,25.4,26.0,25.6,26.7,26.3,26.4,26.2,26.4,25.7,25.6,25.6,26.0,26.6,26.4
9.17,26.8,26.5,26.0,25.4,26.0,25.6,26.7,26.3,26.4,26.2,26.4,25.7,25.6,25.6,26.0,26.6,26.4
9.18,26.8,26.5,26.0,25.4,26.0,25.6,26.7,26.3,26.4,26.2,26.4,25.7,25.6,25.6,26.0,26.6,26.4
9.2,26.8,26.5,26.0,25.4,26.0,25.6,26.7,26.3,26.4,26.2,26.4,25.7,25.6,25.6,26.0,26.6,26.4
9.22,26.8,26.5,26.0,25.4,26.0,25.6,26.7,26.3,26.4,26.2,26.4,25.7,25.6,25.6,26.0,26.6,26.4
9.23,26.8,26.5,26.0,25.4,26.0,25.6,26.7,26.3,26.4,26.2,26.4,25.7,25.6,25.6,26.0,26.6,26.4
9.25,26.8,26.5,26.0,25.4,26.0,25.6,26.7,26.3,26.4,26.2,26.4,25.7,25.6,25.6,26.0,26.6,26.4
9.27,26.8,26.5,26.0,25.4,26.0,25.6,26.7,26.3,26.4,26.2,26.4,25.7,25.6,25.6,26.0,26.6,26.4
9.28,26.8,26.5,26.0,25.4,26.0,25.6,26.7,26.3,26.4,26.2,26.4,25.7,25.6,25.6,26.0,26.6,26.4
9.3,26.8,26.5,26.0,25.4,26.0,25.6,26.7,26.3,26.4,26.2,26.4,25.7,25.6,25.6,26.0,26.6,26.4
9.32,26.8,26.5,26.0,25.4,26.0,25.6,26.7,26.3,26.4,26.2,26.4,25.7,25.6,25.6,26.0,26.6,26.4
9.33,26.8,26.5,26.0,25.4,26.0,25.6,26.7,26.3,26.4,26.2,26.4,25.7,25.6,25.6,26.0,26.6,26.4
9.35,26.8,26.5,26.0,25.4,26.0,25.6,26.7,26.3,26.4,26.2,26.4,25.7,25.6,25.6,26.0,26.6,26.4
9.37,26.8,26.5,26.0,25.4,26.0,25.6,26.7,26.3,26.4,26.2,26.4,25.7,25.6,25.6,26.0,26.6,26.4
9.38,26.8,26.5,26.0,25.4,26.0,25.6,26.7,26.3,26.4,26.2,26.4,25.7,25.6,25.6,26.0,26.6,26.4
9.4,26.8,26.5,26.0,25.4,26.0,25.6,26.7,26.3,26.4,26.2,26.4,25.7,25.6,25.6,26.0,26.6,26.4
9.42,26.8,26.5,26.0,25.4,26.0,25.6,26.7,26.3,26.4,26.2,26.4,25.7,25.6,25.6,26.0,26.6,26.4
9.43,26.8,26.5,26.0,25.4,26.0,25.6,26.7,26.3,26.4,26.2,26.4,25.7,25.6,25.6,26.0,26.6,26.4
9.45,26.7,26.5,26.0,25.4,26.0,25.6,26.7,26.3,26.4,26.2,26.4,25.7,25.6,25.6,26.0,26.6,26.4
9.47,26.7,26.5,26.0,25.4,26.0,25.6,26.7,26.3,26.4,26.2,26.4,25.7,25.6,25.6,26.0,26.6,26.4
9.48,26.7,26.5,26.0,25.4,26.0,25.6,26.7,26.3,26.4,26.2,26.4,25.7,25.6,25.6,26.0,26.6,26.4
9.5,26.7,26.5,26.0,25.4,26.0,25.6,26.7,26.3,26.4,26.2,26.4,25.7,25.6,25.6,26.0,26.6,26.4
9.52,26.7,26.5,26.0,25.4,26.0,25.6,26.7,26.3,26.4,26.2,26.4,25.7,25.6,25.6,26.0,26.6,26.4
9.53,26.7,26.5,26.0,25.4,26.0,25.6,26.7,26.3,26.4,26.2,26.4,25.7,25.6,25.6,26.0,26.6,26.4
9.55,26.7,26.5,26.0,25.4,26.0,25.6,26.7,26.3,26.4,26.2,26.4,25.7,25.6,25.6,26.0,26.6,26.4
9.57,26.7,26.5,26.0,25.4,26.0,25.6,26.7,26.3,26.4,26.2,26.4,25.7,25.6,25.6,26.0,26.6,26.4
9.58,26.7,26.5,26.0,25.4,26.0,25.6,26.7,26.3,26.4,26.2,26.4,25.7,25.6,25.6,26.0,26.6,26.4
9.6,26.7,26.5,26.0,25.4,26.0,25.6,26.7,26.3,26.4,26.2,26.4,25.7,25.6,25.6,26.0,26.6,26.4
9.62,26.7,26.5,26.0,25.4,26.0,25.6,26.7,26.3,26.4,26.2,26.4,25.7,25.6,25.6,26.0,26.6,26.4
9.63,26.7,26.5,26.0,25.4,26.0,25.6,26.7,26.2,26.4,26.2,26.4,25.7,25.6,25.6,26.0,26.6,26.4
9.65,26.7,26.5,26.0,25.4,26.0,25.6,26.7,26.2,26.4,26.2,26.4,25.7,25.6,25.6,26.0,26.6,26.4
9.67,26.7,26.5,26.0,25.4,26.0,25.6,26.7,26.2,26.4,26.2,26.4,25.7,25.6,25.6,26.0,26.6,26.4
9.68,26.7,26.5,26.0,25.4,26.0,25.6,26.7,26.2,26.4,26.2,26.4,25.7,25.6,25.6,26.0,26.6,26.4
9.7,26.7,26.5,26.0,25.4,26.0,25.6,26.7,26.2,26.4,26.2,26.4,25.7,25.6,25.6,26.0,26.6,26.4
9.72,26.7,26.5,26.0,25.4,26.0,25.6,26.7,26.3,26.4,26.2,26.4,25.7,25.6,25.6,26.0,26.6,26.4
9.73,26.7,26.5,26.0,25.4,26.0,25.6,26.7,26.2,26.4,26.2,26.4,25.7,25.6,25.6,26.0,26.6,26.4
9.75,26.7,26.5,26.0,25.4,26.0,25.6,26.7,26.2,26.4,26.2,26.4,25.7,25.6,25.6,26.0,26.6,26.4
9.77,26.7,26.5,26.0,25.4,26.0,25.6,26.7,26.2,26.4,26.2,26.4,25.7,25.6,25.6,26.0,26.6,26.4
9.78,26.7,26.5,26.0,25.4,26.0,25.6,26.7,26.2,26.4,26.2,26.4,25.7,25.6,25.6,26.0,26.6,26.4
9.8,26.7,26.5,25.9,25.4,25.9,25.6,26.7,26.2,26.4,26.2,26.4,25.7,25.6,25.6,26.0,26.6,26.4
9.82,26.7,26.5,25.9,25.4,25.9,25.6,26.7,26.2,26.4,26.2,26.4,25.7,25.6,25.6,26.0,26.6,26.4
9.83,26.7,26.5,25.9,25.4,25.9,25.6,26.7,26.2,26.4,26.2,26.4,25.7,25.6,25.6,26.0,26.6,26.4
9.85,26.7,26.5,25.9,25.4,25.9,25.6,26.7,26.2,26.4,26.2,26.4,25.7,25.6,25.6,26.0,26.6,26.4
9.87,26.7,26.5,25.9,25.4,25.9,25.6,26.7,26.2,26.4,26.2,26.4,25.7,25.6,25.6,26.0,26.6,26.4
9.88,26.7,26.5,25.9,25.4,25.9,25.6,26.7,26.2,26.4,26.2,26.4,25.7,25.6,25.6,26.0,26.6,26.4
9.9,26.7,26.5,25.9,25.4,25.9,25.6,26.7,26.2,26.4,26.2,26.4,25.6,25.6,25.6,26.0,26.6,26.4
9.92,26.7,26.5,25.9,25.4,25.9,25.6,26.7,26.2,26.4,26.2,26.4,25.6,25.6,25.6,26.0,26.6,26.4
9.93,26.7,26.5,25.9,25.4,25.9,25.6,26.7,26.2,26.4,26.2,26.4,25.6,25.6,25.6,26.0,26.6,26.4
9.95,26.7,26.5,25.9,25.4,25.9,25.6,26.7,26.2,26.4,26.2,26.4,25.6,25.6,25.6,26.0,26.6,26.4
9.97,26.7,26.5,25.9,25.4,25.9,25.6,26.7,26.2,26.4,26.2,26.4,25.6,25.6,25.6,26.0,26.6,26.4
9.98,26.7,26.5,25.9,25.4,25.9,25.6,26.7,26.2,26.4,26.2,26.4,25.6,25.6,25.6,26.0,26.6,26.4
10.0,26.7,26.5,25.9,25.4,25.9,25.6,26.7,26.2,26.4,26.2,26.4,25.6,25.6,25.6,26.0,26.6,26.4
10.02,26.7,26.5,25.9,25.4,25.9,25.6,26.7,26.2,26.4,26.2,26.4,25.6,25.6,25.6,26.0,26.6,26.4
10.03,26.7,26.5,25.9,25.4,25.9,25.6,26.7,26.2,26.4,26.2,26.4,25.6,25.6,25.6,26.0,26.6,26.4
10.05,26.7,26.5,25.9,25.4,25.9,25.6,26.7,26.2,26.4,26.2,26.4,25.6,25.6,25.6,26.0,26.6,26.4
10.07,26.7,26.5,25.9,25.4,25.9,25.6,26.7,26.2,26.4,26.2,26.4,25.6,25.6,25.6,26.0,26.6,26.4
10.08,26.7,26.5,25.9,25.4,25.9,25.6,26.7,26.2,26.4,26.2,26.4,25.6,25.6,25.6,26.0,26.6,26.4
10.1,26.7,26.5,25.9,25.4,25.9,25.6,26.7,26.2,26.4,26.2,26.4,25.6,25.6,25.6,26.0,26.6,26.4
10.12,26.7,26.5,25.9,25.4,25.9,25.6,26.7,26.2,26.4,26.2,26.4,25.6,25.6,25.6,26.0,26.6,26.4
10.13,26.7,26.5,25.9,25.4,25.9,25.6,26.7,26.2,26.4,26.2,26.4,25.6,25.6,25.6,26.0,26.6,26.4
10.15,26.7,26.5,25.9,25.4,25.9,25.6,26.7,26.2,26.4,26.2,26.4,25.6,25.6,25.6,26.0,26.6,26.4
10.17,26.7,26.5,25.9,25.4,25.9,25.6,26.7,26.2,26.4,26.2,26.4,25.6,25.6,25.6,26.0,26.6,26.4
10.18,26.7,26.5,25.9,25.4,25.9,25.6,26.7,26.2,26.4,26.2,26.4,25.6,25.6,25.6,26.0,26.6,26.4
10.2,26.7,26.5,25.9,25.4,25.9,25.6,26.7,26.2,26.4,26.2,26.4,25.6,25.6,25.6,26.0,26.6,26.4
10.22,26.7,26.5,25.9,25.4,25.9,25.6,26.7,26.2,26.4,26.2,26.4,25.6,25.6,25.6,26.0,26.6,26.4
10.23,26.7,26.5,25.9,25.4,25.9,25.6,26.7,26.2,26.4,26.2,26.4,25.6,25.6,25.6,26.0,26.6,26.4
10.25,26.7,26.5,25.9,25.4,25.9,25.6,26.7,26.2,26.4,26.2,26.4,25.6,25.6,25.6,26.0,26.6,26.4
10.27,26.7,26.5,25.9,25.4,25.9,25.6,26.7,26.2,26.4,26.2,26.4,25.6,25.6,25.6,26.0,26.6,26.4
10.28,26.7,26.5,25.9,25.4,25.9,25.6,26.7,26.2,26.4,26.2,26.4,25.6,25.6,25.6,26.0,26.6,26.4
10.3,26.7,26.5,25.9,25.4,25.9,25.6,26.7,26.2,26.4,26.2,26.4,25.6,25.6,25.6,26.0,26.6,26.4
10.32,26.7,26.5,25.9,25.4,25.9,25.6,26.7,26.2,26.4,26.2,26.4,25.6,25.6,25.6,26.0,26.6,26.4
10.33,26.7,26.5,25.9,25.4,25.9,25.6,26.7,26.2,26.4,26.2,26.4,25.6,25.6,25.6,26.0,26.6,26.4
10.35,26.7,26.5,25.9,25.4,25.9,25.6,26.7,26.2,26.4,26.2,26.4,25.6,25.6,25.6,26.0,26.6,26.4
10.37,26.7,26.5,25.9,25.4,25.9,25.6,26.7,26.2,26.4,26.2,26.4,25.6,25.6,25.6,26.0,26.6,26.4
10.38,26.7,26.5,25.9,25.4,25.9,25.6,26.7,26.2,26.4,26.2,26.4,25.6,25.6,25.6,26.0,26.6,26.4
10.4,26.7,26.5,25.9,25.4,25.9,25.6,26.7,26.2,26.4,26.2,26.4,25.6,25.6,25.6,26.0,26.6,26.4
10.42,26.7,26.5,25.9,25.4,25.9,25.6,26.7,26.2,26.4,26.2,26.4,25.6,25.5,25.5,26.0,26.6,26.4
10.43,26.7,26.5,25.9,25.4,25.9,25.6,26.7,26.2,26.4,26.2,26.4,25.6,25.6,25.6,26.0,26.6,26.4
10.45,26.7,26.5,25.9,25.4,25.9,25.6,26.7,26.2,26.4,26.2,26.4,25.6,25.5,25.5,26.0,26.6,26.4
10.47,26.7,26.5,25.9,25.4,25.9,25.6,26.7,26.2,26.4,26.2,26.4,25.6,25.5,25.5,26.0,26.6,26.4
10.48,26.7,26.5,25.9,25.4,25.9,25.6,26.7,26.2,26.4,26.2,26.4,25.6,25.5,25.5,26.0,26.6,26.4
10.5,26.7,26.5,25.9,25.4,25.9,25.6,26.7,26.2,26.4,26.2,26.4,25.6,25.5,25.5,26.0,26.6,26.4
10.52,26.7,26.5,25.9,25.4,25.9,25.6,26.7,26.2,26.4,26.2,26.4,25.6,25.5,25.5,26.0,26.6,26.4
10.53,26.7,26.5,25.9,25.4,25.9,25.6,26.7,26.2,26.4,26.2,26.4,25.6,25.5,25.5,26.0,26.6,26.4
10.55,26.7,26.5,25.9,25.4,25.9,25.6,26.7,26.2,26.4,26.2,26.4,25.6,25.5,25.5,26.0,26.6,26.4
10.57,26.7,26.5,25.9,25.4,25.9,25.6,26.7,26.2,26.4,26.2,26.4,25.6,25.5,25.5,26.0,26.6,26.4
10.58,26.7,26.5,25.9,25.4,25.9,25.6,26.7,26.2,26.4,26.2,26.4,25.6,25.5,25.5,26.0,26.6,26.4
10.6,26.7,26.5,25.9,25.4,25.9,25.6,26.7,26.2,26.4,26.2,26.4,25.6,25.5,25.5,26.0,26.6,26.4
10.62,26.7,26.5,25.9,25.4,25.9,25.6,26.7,26.2,26.4,26.2,26.4,25.6,25.5,25.5,26.0,26.6,26.4
10.63,26.7,26.5,25.9,25.4,25.9,25.6,26.7,26.2,26.4,26.2,26.4,25.6,25.5,25.5,26.0,26.6,26.4
10.65,26.7,26.5,25.9,25.4,25.9,25.6,26.7,26.2,26.4,26.2,26.4,25.6,25.5,25.5,26.0,26.6,26.4
10.67,26.7,26.5,25.9,25.4,25.9,25.6,26.7,26.2,26.4,26.2,26.4,25.6,25.5,25.5,26.0,26.6,26.4
10.68,26.7,26.5,25.9,25.4,25.9,25.6,26.7,26.2,26.4,26.2,26.4,25.6,25.5,25.5,26.0,26.6,26.4
10.7,26.7,26.5,25.9,25.4,25.9,25.6,26.7,26.2,26.4,26.2,26.4,25.6,25.5,25.5,26.0,26.6,26.4
10.72,26.7,26.5,25.9,25.4,25.9,25.6,26.7,26.2,26.4,26.2,26.4,25.6,25.5,25.5,26.0,26.6,26.4
10.73,26.7,26.5,25.9,25.4,25.9,25.6,26.7,26.2,26.4,26.2,26.4,25.6,25.5,25.5,26.0,26.6,26.4
10.75,26.7,26.5,25.9,25.4,25.9,25.6,26.7,26.2,26.4,26.2,26.4,25.6,25.5,25.5,26.0,26.6,26.4
10.77,26.7,26.5,25.9,25.4,25.9,25.6,26.7,26.2,26.4,26.2,26.4,25.6,25.5,25.5,26.0,26.6,26.4
10.78,26.7,26.5,25.9,25.4,25.9,25.6,26.7,26.2,26.4,26.2,26.4,25.6,25.5,25.5,26.0,26.6,26.4
10.8,26.7,26.5,25.9,25.4,25.9,25.6,26.7,26.2,26.4,26.2,26.4,25.6,25.5,25.5,26.0,26.6,26.4
10.82,26.7,26.5,25.9,25.4,25.9,25.6,26.7,26.2,26.4,26.2,26.4,25.6,25.5,25.5,26.0,26.6,26.3
10.83,26.7,26.5,25.9,25.4,25.9,25.6,26.7,26.2,26.4,26.2,26.4,25.6,25.5,25.5,26.0,26.6,26.4
10.85,26.7,26.5,25.9,25.4,25.9,25.6,26.7,26.2,26.4,26.2,26.4,25.6,25.5,25.5,26.0,26.6,26.4
10.87,26.7,26.5,25.9,25.4,25.9,25.6,26.7,26.2,26.4,26.2,26.4,25.6,25.5,25.5,26.0,26.6,26.4
10.88,26.7,26.5,25.9,25.4,25.9,25.6,26.7,26.2,26.4,26.2,26.4,25.6,25.5,25.5,26.0,26.6,26.3
10.9,26.7,26.5,25.9,25.4,25.9,25.6,26.7,26.2,26.4,26.2,26.4,25.6,25.5,25.5,26.0,26.6,26.3
10.92,26.7,26.5,25.9,25.4,25.9,25.6,26.7,26.2,26.4,26.2,26.4,25.6,25.5,25.5,26.0,26.6,26.3
10.93,26.7,26.5,25.9,25.4,25.9,25.6,26.7,26.2,26.4,26.2,26.4,25.6,25.5,25.5,26.0,26.6,26.4
10.95,26.7,26.5,25.9,25.4,25.9,25.6,26.7,26.2,26.4,26.2,26.4,25.6,25.5,25.5,26.0,26.6,26.4
10.97,26.7,26.5,25.9,25.4,25.9,25.6,26.7,26.2,26.4,26.2,26.4,25.6,25.5,25.5,26.0,26.6,26.3
10.98,26.7,26.5,25.9,25.4,25.9,25.6,26.7,26.2,26.3,26.2,26.3,25.6,25.5,25.5,26.0,26.6,26.3
11.0,26.7,26.5,25.9,25.4,25.9,25.6,26.7,26.2,26.3,26.2,26.3,25.6,25.5,25.5,26.0,26.6,26.3
11.02,26.7,26.5,25.9,25.4,25.9,25.6,26.7,26.2,26.3,26.2,26.3,25.6,25.5,25.5,26.0,26.6,26.3
11.03,26.7,26.5,25.9,25.4,25.9,25.6,26.7,26.2,26.4,26.2,26.4,25.6,25.5,25.5,26.0,26.6,26.3
11.05,26.7,26.5,25.9,25.4,25.9,25.6,26.7,26.2,26.3,26.2,26.3,25.6,25.5,25.5,26.0,26.6,26.3
11.07,26.7,26.5,25.9,25.4,25.9,25.6,26.7,26.2,26.3,26.2,26.3,25.6,25.5,25.5,26.0,26.6,26.3
11.08,26.7,26.5,25.9,25.4,25.9,25.6,26.7,26.2,26.4,26.2,26.4,25.6,25.5,25.5,26.0,26.6,26.3
11.1,26.7,26.5,25.9,25.4,25.9,25.6,26.7,26.2,26.3,26.2,26.3,25.6,25.5,25.5,26.0,26.6,26.3
11.12,26.7,26.4,25.9,25.4,25.9,25.6,26.7,26.2,26.3,26.2,26.3,25.6,25.5,25.5,26.0,26.6,26.3
11.13,26.7,26.4,25.9,25.4,25.9,25.6,26.7,26.2,26.3,26.2,26.3,25.6,25.5,25.5,26.0,26.6,26.3
11.15,26.7,26.4,25.9,25.4,25.9,25.6,26.7,26.2,26.3,26.2,26.3,25.6,25.5,25.5,26.0,26.6,26.3
11.17,26.7,26.4,25.9,25.4,25.9,25.6,26.7,26.2,26.3,26.2,26.3,25.6,25.5,25.5,26.0,26.6,26.3
11.18,26.7,26.4,25.9,25.4,25.9,25.6,26.7,26.2,26.3,26.2,26.3,25.6,25.5,25.5,26.0,26.6,26.3
11.2,26.7,26.4,25.9,25.4,25.9,25.6,26.7,26.2,26.3,26.2,26.3,25.6,25.5,25.5,26.0,26.6,26.3
11.22,26.7,26.4,25.9,25.4,25.9,25.6,26.7,26.2,26.3,26.2,26.3,25.6,25.5,25.5,26.0,26.6,26.3
11.23,26.7,26.4,25.9,25.4,25.9,25.6,26.7,26.2,26.3,26.2,26.3,25.6,25.5,25.5,26.0,26.6,26.3
11.25,26.7,26.4,25.9,25.4,25.9,25.6,26.7,26.2,26.3,26.2,26.3,25.6,25.5,25.5,26.0,26.6,26.3
11.27,26.7,26.4,25.9,25.4,25.9,25.6,26.7,26.2,26.3,26.2,26.3,25.6,25.5,25.5,26.0,26.6,26.3
11.28,26.7,26.4,25.9,25.4,25.9,25.6,26.7,26.2,26.3,26.2,26.3,25.6,25.5,25.5,26.0,26.6,26.3
11.3,26.7,26.4,25.9,25.4,25.9,25.6,26.7,26.2,26.3,26.2,26.3,25.6,25.5,25.5,26.0,26.6,26.3
11.32,26.7,26.4,25.9,25.4,25.9,25.6,26.7,26.2,26.3,26.2,26.3,25.6,25.5,25.5,26.0,26.6,26.3
11.33,26.7,26.4,25.9,25.4,25.9,25.6,26.7,26.2,26.3,26.2,26.3,25.6,25.5,25.5,26.0,26.6,26.3
11.35,26.7,26.4,25.9,25.4,25.9,25.6,26.7,26.2,26.3,26.2,26.3,25.6,25.5,25.5,26.0,26.6,26.3
11.37,26.7,26.4,25.9,25.4,25.9,25.6,26.7,26.2,26.3,26.2,26.3,25.6,25.5,25.5,26.0,26.6,26.3
11.38,26.7,26.4,25.9,25.4,25.9,25.6,26.7,26.2,26.3,26.2,26.3,25.6,25.5,25.5,26.0,26.6,26.3
11.4,26.7,26.4,25.9,25.4,25.9,25.6,26.7,26.2,26.3,26.1,26.3,25.6,25.5,25.5,26.0,26.6,26.3
11.42,26.7,26.4,25.9,25.4,25.9,25.6,26.7,26.2,26.3,26.1,26.3,25.6,25.5,25.5,26.0,26.6,26.3
11.43,26.7,26.4,25.9,25.4,25.9,25.6,26.7,26.2,26.3,26.1,26.3,25.6,25.5,25.5,26.0,26.6,26.3
11.45,26.7,26.4,25.9,25.4,25.9,25.6,26.7,26.2,26.3,26.1,26.3,25.6,25.5,25.5,26.0,26.6,26.3
11.47,26.7,26.4,25.9,25.4,25.9,25.6,26.7,26.2,26.3,26.1,26.3,25.6,25.5,25.5,26.0,26.6,26.3
11.48,26.7,26.4,25.9,25.4,25.9,25.6,26.7,26.2,26.3,26.1,26.3,25.6,25.5,25.5,26.0,26.6,26.3
11.5,26.7,26.4,25.9,25.4,25.9,25.6,26.7,26.2,26.3,26.1,26.3,25.6,25.5,25.5,26.0,26.6,26.3
11.52,26.7,26.4,25.9,25.4,25.9,25.6,26.7,26.2,26.3,26.1,26.3,25.6,25.5,25.5,26.0,26.6,26.3
11.53,26.7,26.4,25.9,25.4,25.9,25.6,26.7,26.2,26.3,26.1,26.3,25.6,25.5,25.5,26.0,26.6,26.3
11.55,26.7,26.4,25.9,25.4,25.9,25.6,26.7,26.2,26.3,26.1,26.3,25.6,25.5,25.5,26.0,26.6,26.3
11.57,26.7,26.4,25.9,25.4,25.9,25.6,26.7,26.2,26.3,26.1,26.3,25.6,25.5,25.5,26.0,26.6,26.3
11.58,26.7,26.4,25.9,25.4,25.9,25.6,26.7,26.2,26.3,26.1,26.3,25.6,25.5,25.5,26.0,26.6,26.3
11.6,26.7,26.4,25.9,25.4,25.9,25.6,26.7,26.2,26.3,26.1,26.3,25.6,25.5,25.5,26.0,26.6,26.3
11.62,26.7,26.4,25.9,25.4,25.9,25.6,26.7,26.2,26.3,26.1,26.3,25.6,25.5,25.5,26.0,26.6,26.3
11.63,26.7,26.4,25.9,25.4,25.9,25.6,26.7,26.2,26.3,26.1,26.3,25.6,25.5,25.5,26.0,26.6,26.3
11.65,26.7,26.4,25.9,25.4,25.9,25.6,26.7,26.2,26.3,26.1,26.3,25.6,25.5,25.5,26.0,26.6,26.3
11.67,26.7,26.4,25.9,25.4,25.9,25.6,26.7,26.2,26.3,26.1,26.3,25.6,25.5,25.5,26.0,26.6,26.3
11.68,26.7,26.4,25.9,25.4,25.9,25.6,26.7,26.2,26.3,26.1,26.3,25.6,25.5,25.5,26.0,26.6,26.3
11.7,26.7,26.4,25.9,25.4,25.9,25.6,26.7,26.2,26.3,26.1,26.3,25.6,25.5,25.5,26.0,26.6,26.3
11.72,26.7,26.4,25.9,25.4,25.9,25.6,26.7,26.2,26.3,26.1,26.3,25.6,25.5,25.5,26.0,26.6,26.3
11.73,26.7,26.4,25.9,25.4,25.9,25.6,26.7,26.2,26.3,26.1,26.3,25.5,25.5,25.5,26.0,26.6,26.3
11.75,26.7,26.4,25.9,25.4,25.9,25.6,26.7,26.2,26.3,26.1,26.3,25.5,25.5,25.5,26.0,26.6,26.3
11.77,26.7,26.4,25.9,25.4,25.9,25.6,26.7,26.2,26.3,26.1,26.3,25.5,25.5,25.5,26.0,26.6,26.3
11.78,26.7,26.4,25.8,25.4,25.8,25.6,26.7,26.2,26.3,26.1,26.3,25.5,25.5,25.5,26.0,26.6,26.3
11.8,26.7,26.4,25.8,25.4,25.8,25.6,26.7,26.2,26.3,26.1,26.3,25.5,25.5,25.5,25.9,26.6,26.3
11.82,26.7,26.4,25.8,25.4,25.8,25.6,26.7,26.2,26.3,26.1,26.3,25.5,25.5,25.5,25.9,26.6,26.3
11.83,26.7,26.4,25.8,25.4,25.8,25.6,26.7,26.2,26.3,26.1,26.3,25.5,25.5,25.5,26.0,26.6,26.3
11.85,26.7,26.4,25.8,25.4,25.8,25.6,26.7,26.2,26.3,26.1,26.3,25.5,25.5,25.5,25.9,26.6,26.3
11.87,26.7,26.4,25.8,25.4,25.8,25.6,26.7,26.2,26.3,26.1,26.3,25.5,25.5,25.5,26.0,26.6,26.3
11.88,26.7,26.4,25.8,25.4,25.8,25.6,26.7,26.2,26.3,26.1,26.3,25.5,25.5,25.5,25.9,26.6,26.3
11.9,26.7,26.4,25.8,25.4,25.8,25.6,26.7,26.2,26.3,26.1,26.3,25.5,25.5,25.5,25.9,26.6,26.3
11.92,26.7,26.4,25.8,25.4,25.8,25.6,26.7,26.2,26.3,26.1,26.3,25.5,25.5,25.5,25.9,26.6,26.3
11.93,26.7,26.4,25.8,25.4,25.8,25.6,26.7,26.2,26.3,26.1,26.3,25.5,25.5,25.5,25.9,26.6,26.3
11.95,26.7,26.4,25.8,25.4,25.8,25.6,26.7,26.2,26.3,26.1,26.3,25.5,25.5,25.5,25.9,26.6,26.3
11.97,26.7,26.4,25.8,25.4,25.8,25.6,26.7,26.2,26.3,26.1,26.3,25.5,25.5,25.5,25.9,26.6,26.3
11.98,26.7,26.4,25.8,25.4,25.8,25.6,26.7,26.2,26.3,26.1,26.3,25.5,25.5,25.5,25.9,26.6,26.3
12.0,26.7,26.4,25.8,25.4,25.8,25.6,26.7,26.2,26.3,26.1,26.3,25.5,25.5,25.5,25.9,26.6,26.3
12.02,26.7,26.4,25.8,25.4,25.8,25.6,26.7,26.2,26.3,26.1,26.3,25.5,25.5,25.5,25.9,26.6,26.3
12.03,26.7,26.4,25.8,25.4,25.8,25.6,26.7,26.2,26.3,26.1,26.3,25.5,25.5,25.5,25.9,26.6,26.3
12.05,26.7,26.4,25.8,25.4,25.8,25.6,26.7,26.2,26.3,26.1,26.3,25.5,25.5,25.5,25.9,26.6,26.3
12.07,26.7,26.4,25.8,25.4,25.8,25.6,26.7,26.2,26.3,26.1,26.3,25.5,25.5,25.5,25.9,26.6,26.3
12.08,26.7,26.4,25.8,25.4,25.8,25.6,26.7,26.2,26.3,26.1,26.3,25.5,25.5,25.5,25.9,26.6,26.3
12.1,26.7,26.4,25.8,25.4,25.8,25.6,26.7,26.2,26.3,26.1,26.3,25.5,25.5,25.5,25.9,26.6,26.3
12.12,26.7,26.4,25.8,25.4,25.8,25.6,26.7,26.2,26.3,26.1,26.3,25.5,25.5,25.5,25.9,26.6,26.3
12.13,26.7,26.4,25.8,25.4,25.8,25.6,26.7,26.2,26.3,26.1,26.3,25.5,25.5,25.5,25.9,26.6,26.3
12.15,26.7,26.4,25.8,25.4,25.8,25.6,26.7,26.2,26.3,26.1,26.3,25.5,25.5,25.5,25.9,26.6,26.3
12.17,26.7,26.4,25.8,25.4,25.8,25.6,26.7,26.2,26.3,26.1,26.3,25.5,25.5,25.5,25.9,26.6,26.3
12.18,26.7,26.4,25.8,25.4,25.8,25.6,26.7,26.2,26.3,26.1,26.3,25.5,25.5,25.5,25.9,26.6,26.3
12.2,26.7,26.4,25.8,25.4,25.8,25.6,26.7,26.2,26.3,26.1,26.3,25.5,25.5,25.5,25.9,26.6,26.3
12.22,26.7,26.4,25.8,25.4,25.8,25.6,26.7,26.2,26.3,26.1,26.3,25.5,25.5,25.5,25.9,26.6,26.3
12.23,26.7,26.4,25.8,25.4,25.8,25.6,26.7,26.2,26.3,26.1,26.3,25.5,25.5,25.5,25.9,26.6,26.3
12.25,26.7,26.4,25.8,25.4,25.8,25.6,26.7,26.2,26.3,26.1,26.3,25.5,25.5,25.5,25.9,26.6,26.3
12.27,26.7,26.4,25.8,25.4,25.8,25.6,26.7,26.2,26.3,26.1,26.3,25.5,25.5,25.5,25.9,26.6,26.3
12.28,26.7,26.4,25.8,25.4,25.8,25.6,26.7,26.2,26.3,26.1,26.3,25.5,25.5,25.5,25.9,26.6,26.3
12.3,26.7,26.4,25.8,25.4,25.8,25.6,26.7,26.2,26.3,26.1,26.3,25.5,25.5,25.5,25.9,26.6,26.3
12.32,26.7,26.4,25.8,25.4,25.8,25.6,26.7,26.2,26.3,26.1,26.3,25.5,25.5,25.5,25.9,26.6,26.3
12.33,26.7,26.4,25.8,25.4,25.8,25.6,26.7,26.2,26.3,26.1,26.3,25.5,25.5,25.5,25.9,26.6,26.3
12.35,26.7,26.4,25.8,25.4,25.8,25.6,26.7,26.2,26.3,26.1,26.3,25.5,25.5,25.5,25.9,26.6,26.3
12.37,26.7,26.4,25.8,25.4,25.8,25.6,26.7,26.2,26.3,26.1,26.3,25.5,25.5,25.5,25.9,26.6,26.3
12.38,26.7,26.4,25.8,25.4,25.8,25.6,26.7,26.2,26.3,26.1,26.3,25.5,25.5,25.5,25.9,26.6,26.3
12.4,26.7,26.4,25.8,25.4,25.8,25.6,26.7,26.2,26.3,26.1,26.3,25.5,25.5,25.5,25.9,26.6,26.3
12.42,26.7,26.4,25.8,25.4,25.8,25.6,26.7,26.2,26.3,26.1,26.3,25.5,25.5,25.5,25.9,26.6,26.3
12.43,26.7,26.4,25.8,25.4,25.8,25.6,26.7,26.2,26.3,26.1,26.3,25.5,25.5,25.5,25.9,26.6,26.3
12.45,26.7,26.4,25.8,25.4,25.8,25.6,26.7,26.2,26.3,26.1,26.3,25.5,25.5,25.5,25.9,26.6,26.3
12.47,26.7,26.4,25.8,25.4,25.8,25.6,26.7,26.2,26.3,26.1,26.3,25.5,25.5,25.5,25.9,26.6,26.3
12.48,26.7,26.4,25.8,25.4,25.8,25.6,26.7,26.2,26.3,26.1,26.3,25.5,25.5,25.5,25.9,26.6,26.3
12.5,26.7,26.4,25.8,25.4,25.8,25.6,26.7,26.2,26.3,26.1,26.3,25.5,25.5,25.5,25.9,26.6,26.3
12.52,26.7,26.4,25.8,25.4,25.8,25.6,26.7,26.2,26.3,26.1,26.3,25.5,25.5,25.5,25.9,26.6,26.3
12.53,26.7,26.4,25.8,25.4,25.8,25.6,26.7,26.2,26.3,26.1,26.3,25.5,25.5,25.5,25.9,26.6,26.3
12.55,26.7,26.4,25.8,25.4,25.8,25.6,26.7,26.2,26.3,26.1,26.3,25.5,25.5,25.5,25.9,26.6,26.3
12.57,26.7,26.4,25.8,25.4,25.8,25.6,26.7,26.2,26.3,26.1,26.3,25.5,25.5,25.5,25.9,26.6,26.3
12.58,26.7,26.4,25.8,25.4,25.8,25.6,26.7,26.2,26.3,26.1,26.3,25.5,25.5,25.5,25.9,26.6,26.3
12.6,26.7,26.4,25.8,25.4,25.8,25.6,26.7,26.2,26.3,26.1,26.3,25.5,25.5,25.5,25.9,26.6,26.3
12.62,26.7,26.4,25.8,25.4,25.8,25.6,26.7,26.2,26.3,26.1,26.3,25.5,25.5,25.5,25.9,26.6,26.3
12.63,26.7,26.4,25.8,25.4,25.8,25.6,26.7,26.2,26.3,26.1,26.3,25.5,25.5,25.5,25.9,26.6,26.3
12.65,26.7,26.4,25.8,25.4,25.8,25.6,26.7,26.2,26.3,26.1,26.3,25.5,25.5,25.5,25.9,26.6,26.3
12.67,26.7,26.4,25.8,25.4,25.8,25.6,26.7,26.2,26.3,26.1,26.3,25.5,25.5,25.5,25.9,26.6,26.3
12.68,26.7,26.4,25.8,25.4,25.8,25.6,26.7,26.2,26.3,26.1,26.3,25.5,25.5,25.5,25.9,26.6,26.3
12.7,26.7,26.4,25.8,25.4,25.8,25.6,26.7,26.2,26.3,26.1,26.3,25.5,25.5,25.5,25.9,26.6,26.3
12.72,26.7,26.4,25.8,25.4,25.8,25.6,26.7,26.2,26.3,26.1,26.3,25.5,25.5,25.5,25.9,26.6,26.3
12.73,26.7,26.4,25.8,25.4,25.8,25.6,26.7,26.2,26.3,26.1,26.3,25.5,25.5,25.5,25.9,26.6,26.3
12.75,26.7,26.4,25.8,25.4,25.8,25.6,26.7,26.2,26.3,26.1,26.3,25.5,25.5,25.5,25.9,26.6,26.3
12.77,26.7,26.4,25.8,25.4,25.8,25.6,26.7,26.2,26.3,26.1,26.3,25.5,25.5,25.5,25.9,26.6,26.3
12.78,26.7,26.4,25.8,25.4,25.8,25.6,26.7,26.2,26.3,26.1,26.3,25.5,25.5,25.5,25.9,26.6,26.3
12.8,26.7,26.4,25.8,25.4,25.8,25.6,26.7,26.2,26.3,26.1,26.3,25.5,25.5,25.5,25.9,26.6,26.3
12.82,26.7,26.4,25.8,25.4,25.8,25.6,26.7,26.2,26.3,26.1,26.3,25.5,25.5,25.5,25.9,26.6,26.3
12.83,26.7,26.4,25.8,25.4,25.8,25.6,26.7,26.2,26.3,26.1,26.3,25.5,25.5,25.5,25.9,26.6,26.3
12.85,26.7,26.4,25.8,25.4,25.8,25.6,26.7,26.2,26.3,26.1,26.3,25.5,25.5,25.5,25.9,26.6,26.3
12.87,26.7,26.4,25.8,25.4,25.8,25.6,26.7,26.2,26.3,26.1,26.3,25.5,25.5,25.5,25.9,26.6,26.3
12.88,26.7,26.4,25.8,25.4,25.8,25.6,26.7,26.2,26.3,26.1,26.3,25.5,25.5,25.5,25.9,26.6,26.3
12.9,26.7,26.4,25.8,25.4,25.8,25.6,26.7,26.2,26.3,26.1,26.3,25.5,25.5,25.5,25.9,26.6,26.3
12.92,26.7,26.4,25.8,25.4,25.8,25.6,26.7,26.2,26.3,26.1,26.3,25.5,25.5,25.5,25.9,26.6,26.3
12.93,26.7,26.4,25.8,25.4,25.8,25.6,26.7,26.2,26.3,26.1,26.3,25.5,25.5,25.5,25.9,26.6,26.3
12.95,26.7,26.4,25.8,25.4,25.8,25.6,26.7,26.2,26.3,26.1,26.3,25.5,25.5,25.5,25.9,26.6,26.3
12.97,26.7,26.4,25.8,25.4,25.8,25.6,26.7,26.2,26.3,26.1,26.3,25.5,25.5,25.5,25.9,26.6,26.3
12.98,26.7,26.4,25.8,25.4,25.8,25.6,26.7,26.2,26.3,26.1,26.3,25.5,25.5,25.5,25.9,26.6,26.3
13.0,26.7,26.4,25.8,25.4,25.8,25.6,26.7,26.2,26.3,26.1,26.3,25.5,25.5,25.5,25.9,26.6,26.3
13.02,26.7,26.4,25.8,25.4,25.8,25.6,26.7,26.2,26.3,26.1,26.3,25.5,25.5,25.5,25.9,26.6,26.3
13.03,26.7,26.4,25.8,25.4,25.8,25.6,26.7,26.2,26.3,26.1,26.3,25.5,25.5,25.5,25.9,26.6,26.3
13.05,26.7,26.4,25.8,25.4,25.8,25.6,26.7,26.2,26.3,26.1,26.3,25.5,25.4,25.4,25.9,26.6,26.3
13.07,26.7,26.4,25.8,25.4,25.8,25.6,26.7,26.2,26.3,26.1,26.3,25.5,25.5,25.5,25.9,26.6,26.3
13.08,26.7,26.4,25.8,25.4,25.8,25.6,26.7,26.2,26.3,26.1,26.3,25.5,25.5,25.5,25.9,26.6,26.3
13.1,26.7,26.4,25.8,25.4,25.8,25.6,26.7,26.2,26.3,26.1,26.3,25.5,25.4,25.4,25.9,26.6,26.3
13.12,26.7,26.4,25.8,25.4,25.8,25.6,26.7,26.2,26.3,26.1,26.3,25.5,25.4,25.4,25.9,26.6,26.3
13.13,26.7,26.4,25.8,25.4,25.8,25.6,26.7,26.2,26.3,26.1,26.3,25.5,25.4,25.4,25.9,26.6,26.3
13.15,26.7,26.4,25.8,25.4,25.8,25.6,26.7,26.2,26.3,26.1,26.3,25.5,25.4,25.4,25.9,26.6,26.3
13.17,26.7,26.4,25.8,25.4,25.8,25.6,26.7,26.2,26.3,26.1,26.3,25.5,25.4,25.4,25.9,26.6,26.3
13.18,26.7,26.4,25.8,25.4,25.8,25.6,26.7,26.2,26.3,26.1,26.3,25.5,25.4,25.4,25.9,26.6,26.3
13.2,26.7,26.4,25.8,25.4,25.8,25.6,26.7,26.2,26.3,26.1,26.3,25.5,25.4,25.4,25.9,26.6,26.3
13.22,26.7,26.4,25.8,25.4,25.8,25.6,26.7,26.2,26.3,26.1,26.3,25.5,25.4,25.4,25.9,26.6,26.3
13.23,26.7,26.4,25.8,25.4,25.8,25.6,26.7,26.2,26.3,26.1,26.3,25.5,25.4,25.4,25.9,26.6,26.3
13.25,26.7,26.4,25.8,25.4,25.8,25.6,26.7,26.2,26.3,26.1,26.3,25.5,25.4,25.4,25.9,26.6,26.3
13.27,26.7,26.4,25.8,25.4,25.8,25.6,26.7,26.2,26.3,26.1,26.3,25.5,25.4,25.4,25.9,26.6,26.3
13.28,26.7,26.4,25.8,25.4,25.8,25.6,26.7,26.2,26.3,26.1,26.3,25.5,25.4,25.4,25.9,26.6,26.3
13.3,26.7,26.4,25.8,25.4,25.8,25.6,26.7,26.2,26.3,26.1,26.3,25.5,25.4,25.4,25.9,26.6,26.3
13.32,26.7,26.4,25.8,25.4,25.8,25.6,26.7,26.2,26.3,26.1,26.3,25.5,25.4,25.4,25.9,26.6,26.3
13.33,26.7,26.4,25.8,25.4,25.8,25.6,26.7,26.2,26.3,26.1,26.3,25.5,25.4,25.4,25.9,26.6,26.3
13.35,26.7,26.4,25.8,25.4,25.8,25.6,26.7,26.2,26.3,26.1,26.3,25.5,25.4,25.4,25.9,26.6,26.3
13.37,26.7,26.4,25.8,25.4,25.8,25.6,26.7,26.2,26.3,26.1,26.3,25.5,25.4,25.4,25.9,26.6,26.3
13.38,26.7,26.4,25.8,25.4,25.8,25.6,26.7,26.2,26.3,26.1,26.3,25.5,25.4,25.4,25.9,26.6,26.3
13.4,26.7,26.4,25.8,25.4,25.8,25.6,26.7,26.2,26.3,26.1,26.3,25.5,25.4,25.4,25.9,26.6,26.3
13.42,26.7,26.4,25.8,25.4,25.8,25.6,26.7,26.2,26.3,26.1,26.3,25.5,25.4,25.4,25.9,26.5,26.3
13.43,26.7,26.4,25.8,25.4,25.8,25.6,26.7,26.2,26.3,26.1,26.3,25.5,25.4,25.4,25.9,26.5,26.3
13.45,26.7,26.4,25.8,25.4,25.8,25.6,26.7,26.2,26.3,26.1,26.3,25.5,25.4,25.4,25.9,26.5,26.3
13.47,26.7,26.4,25.8,25.4,25.8,25.6,26.7,26.2,26.3,26.1,26.3,25.5,25.4,25.4,25.9,26.5,26.3
13.48,26.7,26.4,25.8,25.4,25.8,25.6,26.7,26.2,26.3,26.1,26.3,25.5,25.4,25.4,25.9,26.5,26.3
13.5,26.7,26.4,25.8,25.4,25.8,25.6,26.7,26.2,26.3,26.1,26.3,25.5,25.4,25.4,25.9,26.5,26.3
13.52,26.7,26.4,25.8,25.4,25.8,25.6,26.6,26.2,26.3,26.1,26.3,25.5,25.4,25.4,25.9,26.5,26.3
13.53,26.7,26.4,25.8,25.4,25.8,25.6,26.7,26.2,26.3,26.1,26.3,25.5,25.4,25.4,25.9,26.6,26.3
13.55,26.7,26.4,25.8,25.4,25.8,25.6,26.7,26.2,26.3,26.1,26.3,25.5,25.4,25.4,25.9,26.5,26.3
13.57,26.7,26.4,25.8,25.4,25.8,25.6,26.7,26.2,26.3,26.1,26.3,25.5,25.4,25.4,25.9,26.5,26.3
13.58,26.7,26.3,25.8,25.4,25.8,25.6,26.7,26.2,26.3,26.1,26.3,25.5,25.4,25.4,25.9,26.5,26.3
13.6,26.7,26.3,25.8,25.4,25.8,25.6,26.7,26.2,26.3,26.1,26.3,25.5,25.4,25.4,25.9,26.5,26.3
13.62,26.7,26.3,25.8,25.4,25.8,25.6,26.7,26.2,26.3,26.1,26.3,25.5,25.4,25.4,25.9,26.5,26.3
13.63,26.7,26.3,25.8,25.4,25.8,25.6,26.7,26.2,26.3,26.1,26.3,25.5,25.4,25.4,25.9,26.5,26.3
13.65,26.7,26.3,25.8,25.4,25.8,25.6,26.7,26.2,26.3,26.1,26.3,25.5,25.4,25.4,25.9,26.5,26.3
13.67,26.7,26.3,25.8,25.4,25.8,25.6,26.7,26.2,26.3,26.1,26.3,25.5,25.4,25.4,25.9,26.5,26.3
13.68,26.7,26.3,25.8,25.4,25.8,25.6,26.7,26.2,26.3,26.1,26.3,25.5,25.4,25.4,25.9,26.5,26.3
13.7,26.7,26.3,25.8,25.4,25.8,25.6,26.7,26.2,26.3,26.1,26.3,25.5,25.4,25.4,25.9,26.5,26.3
13.72,26.7,26.3,25.8,25.4,25.8,25.6,26.7,26.2,26.3,26.1,26.3,25.5,25.4,25.4,25.9,26.5,26.3
13.73,26.7,26.3,25.8,25.4,25.8,25.7,26.7,26.2,26.3,26.1,26.3,25.5,25.4,25.4,25.9,26.5,26.3
13.75,26.7,26.3,25.8,25.4,25.8,25.6,26.7,26.2,26.3,26.1,26.3,25.5,25.4,25.4,25.9,26.5,26.3
13.77,26.6,26.3,25.8,25.4,25.8,25.6,26.7,26.2,26.3,26.1,26.3,25.5,25.4,25.4,25.9,26.5,26.3
13.78,26.7,26.3,25.8,25.4,25.8,25.6,26.7,26.2,26.3,26.1,26.3,25.5,25.4,25.4,25.9,26.5,26.3
13.8,26.7,26.3,25.8,25.4,25.8,25.7,26.6,26.2,26.3,26.1,26.3,25.5,25.4,25.4,25.9,26.5,26.3
13.82,26.6,26.3,25.8,25.4,25.8,25.6,26.7,26.2,26.3,26.1,26.3,25.5,25.4,25.4,25.9,26.5,26.3
13.83,26.6,26.3,25.8,25.4,25.8,25.6,26.7,26.2,26.3,26.1,26.3,25.5,25.4,25.4,25.9,26.5,26.3
13.85,26.6,26.3,25.8,25.4,25.8,25.7,26.7,26.2,26.3,26.1,26.3,25.5,25.4,25.4,25.9,26.5,26.3
13.87,26.6,26.3,25.8,25.4,25.8,25.7,26.6,26.2,26.3,26.1,26.3,25.5,25.4,25.4,25.9,26.5,26.3
13.88,26.7,26.3,25.8,25.4,25.8,25.7,26.6,26.2,26.3,26.1,26.3,25.5,25.4,25.4,25.9,26.5,26.3
13.9,26.7,26.3,25.8,25.4,25.8,25.7,26.7,26.2,26.3,26.1,26.3,25.5,25.4,25.4,25.9,26.5,26.3
13.92,26.6,26.3,25.8,25.4,25.8,25.7,26.7,26.2,26.3,26.1,26.3,25.5,25.4,25.4,25.9,26.5,26.3
13.93,26.6,26.3,25.8,25.4,25.8,25.7,26.7,26.2,26.3,26.1,26.3,25.5,25.4,25.4,25.9,26.5,26.3
13.95,26.6,26.3,25.8,25.4,25.8,25.7,26.7,26.2,26.3,26.1,26.3,25.5,25.4,25.4,25.9,26.5,26.3
13.97,26.6,26.3,25.8,25.4,25.8,25.7,26.7,26.2,26.3,26.1,26.3,25.5,25.4,25.4,25.9,26.5,26.3
13.98,26.6,26.3,25.8,25.4,25.8,25.7,26.6,26.2,26.3,26.1,26.3,25.5,25.4,25.4,25.9,26.5,26.3
14.0,26.6,26.3,25.8,25.4,25.8,25.7,26.7,26.2,26.3,26.1,26.3,25.5,25.4,25.4,25.9,26.5,26.3
14.02,26.6,26.3,25.8,25.4,25.8,25.7,26.7,26.2,26.3,26.1,26.3,25.5,25.4,25.4,25.9,26.5,26.3
14.03,26.6,26.3,25.8,25.4,25.8,25.6,26.7,26.2,26.3,26.1,26.3,25.5,25.4,25.4,25.9,26.5,26.3
14.05,26.6,26.3,25.8,25.4,25.8,25.7,26.7,26.2,26.3,26.1,26.3,25.5,25.4,25.4,25.9,26.5,26.3
14.07,26.6,26.3,25.8,25.4,25.8,25.7,26.7,26.2,26.3,26.1,26.3,25.5,25.4,25.4,25.9,26.5,26.3
14.08,26.6,26.3,25.8,25.4,25.8,25.7,26.7,26.2,26.3,26.1,26.3,25.5,25.4,25.4,25.9,26.5,26.3
14.1,26.6,26.3,25.8,25.4,25.8,25.7,26.6,26.2,26.3,26.1,26.3,25.5,25.4,25.4,25.9,26.5,26.3
14.12,26.6,26.3,25.8,25.4,25.8,25.7,26.7,26.2,26.3,26.1,26.3,25.5,25.4,25.4,25.9,26.5,26.3
14.13,26.6,26.3,25.8,25.4,25.8,25.7,26.7,26.2,26.3,26.1,26.3,25.5,25.4,25.4,25.9,26.5,26.3
14.15,26.6,26.3,25.8,25.4,25.8,25.7,26.7,26.2,26.3,26.1,26.3,25.5,25.4,25.4,25.9,26.5,26.3
14.17,26.6,26.3,25.8,25.4,25.8,25.7,26.7,26.2,26.3,26.1,26.3,25.5,25.4,25.4,25.9,26.5,26.3
14.18,26.6,26.3,25.8,25.4,25.8,25.7,26.7,26.2,26.3,26.1,26.3,25.5,25.4,25.4,25.9,26.5,26.3
14.2,26.6,26.3,25.8,25.4,25.8,25.7,26.7,26.2,26.3,26.1,26.3,25.5,25.4,25.4,25.9,26.5,26.3
14.22,26.6,26.3,25.8,25.4,25.8,25.7,26.7,26.2,26.3,26.1,26.3,25.5,25.4,25.4,25.9,26.5,26.3
14.23,26.6,26.3,25.8,25.4,25.8,25.7,26.7,26.1,26.3,26.1,26.3,25.5,25.4,25.4,25.9,26.5,26.3
14.25,26.6,26.3,25.8,25.4,25.8,25.7,26.7,26.2,26.3,26.1,26.3,25.5,25.4,25.4,25.9,26.5,26.3
14.27,26.6,26.3,25.8,25.4,25.8,25.7,26.6,26.1,26.3,26.1,26.3,25.5,25.4,25.4,25.9,26.5,26.3
14.28,26.6,26.3,25.8,25.4,25.8,25.7,26.7,26.1,26.3,26.1,26.3,25.5,25.4,25.4,25.9,26.5,26.3
14.3,26.6,26.3,25.8,25.4,25.8,25.7,26.6,26.1,26.3,26.1,26.3,25.5,25.4,25.4,25.9,26.5,26.3
14.32,26.6,26.3,25.8,25.4,25.8,25.7,26.7,26.1,26.3,26.1,26.3,25.5,25.4,25.4,25.9,26.5,26.3
14.33,26.6,26.3,25.8,25.4,25.8,25.7,26.7,26.1,26.3,26.1,26.3,25.5,25.4,25.4,25.9,26.5,26.3
14.35,26.6,26.3,25.8,25.4,25.8,25.7,26.7,26.1,26.3,26.1,26.3,25.5,25.4,25.4,25.9,26.5,26.3
14.37,26.6,26.3,25.8,25.4,25.8,25.7,26.6,26.1,26.3,26.1,26.3,25.5,25.4,25.4,25.9,26.5,26.3
14.38,26.6,26.3,25.8,25.4,25.8,25.7,26.7,26.1,26.3,26.1,26.3,25.5,25.4,25.4,25.9,26.5,26.3
14.4,26.6,26.3,25.8,25.4,25.8,25.7,26.7,26.1,26.3,26.1,26.3,25.5,25.4,25.4,25.9,26.5,26.3
14.42,26.6,26.3,25.8,25.4,25.8,25.7,26.7,26.1,26.3,26.1,26.3,25.5,25.4,25.4,25.9,26.5,26.3
14.43,26.6,26.3,25.8,25.4,25.8,25.7,26.7,26.1,26.3,26.1,26.3,25.5,25.4,25.4,25.9,26.5,26.3
14.45,26.6,26.3,25.8,25.4,25.8,25.7,26.7,26.1,26.3,26.1,26.3,25.5,25.4,25.4,25.9,26.5,26.3
14.47,26.6,26.3,25.8,25.4,25.8,25.7,26.7,26.1,26.3,26.1,26.3,25.5,25.4,25.4,25.9,26.5,26.3
14.48,26.6,26.3,25.8,25.4,25.8,25.7,26.7,26.1,26.3,26.1,26.3,25.5,25.4,25.4,25.9,26.5,26.3
14.5,26.6,26.3,25.8,25.4,25.8,25.7,26.7,26.1,26.3,26.1,26.3,25.5,25.4,25.4,25.9,26.5,26.3
14.52,26.6,26.3,25.8,25.4,25.8,25.7,26.7,26.1,26.3,26.1,26.3,25.5,25.4,25.4,25.9,26.5,26.3
14.53,26.6,26.3,25.8,25.4,25.8,25.7,26.7,26.1,26.3,26.1,26.3,25.5,25.4,25.4,25.9,26.5,26.3
14.55,26.6,26.3,25.8,25.4,25.8,25.7,26.7,26.1,26.3,26.1,26.3,25.5,25.4,25.4,25.9,26.5,26.3
14.57,26.6,26.3,25.8,25.4,25.8,25.7,26.7,26.1,26.3,26.1,26.3,25.5,25.4,25.4,25.9,26.5,26.3
14.58,26.6,26.3,25.8,25.4,25.8,25.7,26.7,26.1,26.3,26.1,26.3,25.4,25.4,25.4,25.9,26.5,26.3
14.6,26.6,26.3,25.8,25.4,25.8,25.7,26.7,26.1,26.3,26.1,26.3,25.4,25.4,25.4,25.9,26.5,26.3
14.62,26.6,26.3,25.8,25.4,25.8,25.7,26.7,26.1,26.3,26.1,26.3,25.5,25.4,25.4,25.9,26.5,26.3
14.63,26.6,26.3,25.8,25.4,25.8,25.7,26.7,26.1,26.3,26.1,26.3,25.5,25.4,25.4,25.9,26.5,26.3
14.65,26.6,26.3,25.8,25.4,25.8,25.7,26.7,26.1,26.3,26.1,26.3,25.4,25.4,25.4,25.9,26.5,26.3
14.67,26.6,26.3,25.8,25.4,25.8,25.7,26.7,26.1,26.3,26.1,26.3,25.4,25.4,25.4,25.9,26.5,26.3
14.68,26.6,26.3,25.8,25.4,25.8,25.7,26.7,26.1,26.3,26.1,26.3,25.4,25.4,25.4,25.9,26.5,26.3
14.7,26.6,26.3,25.8,25.4,25.8,25.7,26.7,26.1,26.3,26.1,26.3,25.4,25.4,25.4,25.9,26.5,26.3
14.72,26.6,26.3,25.8,25.4,25.8,25.7,26.7,26.1,26.3,26.1,26.3,25.5,25.4,25.4,25.9,26.5,26.3
14.73,26.6,26.3,25.8,25.4,25.8,25.7,26.6,26.1,26.3,26.1,26.3,25.4,25.4,25.4,25.9,26.5,26.3
14.75,26.6,26.3,25.8,25.4,25.8,25.7,26.7,26.1,26.3,26.1,26.3,25.4,25.4,25.4,25.9,26.5,26.3
14.77,26.6,26.3,25.8,25.4,25.8,25.7,26.7,26.1,26.3,26.1,26.3,25.4,25.4,25.4,25.9,26.5,26.3
14.78,26.6,26.3,25.8,25.4,25.8,25.7,26.7,26.1,26.3,26.1,26.3,25.4,25.4,25.4,25.9,26.5,26.3
14.8,26.6,26.3,25.8,25.4,25.8,25.7,26.7,26.1,26.3,26.1,26.3,25.4,25.4,25.4,25.9,26.5,26.3
14.82,26.6,26.3,25.8,25.4,25.8,25.7,26.6,26.1,26.3,26.1,26.3,25.4,25.4,25.4,25.9,26.5,26.3
14.83,26.6,26.3,25.8,25.4,25.8,25.7,26.6,26.1,26.3,26.1,26.3,25.4,25.4,25.4,25.9,26.5,26.3
14.85,26.6,26.3,25.8,25.4,25.8,25.7,26.7,26.1,26.3,26.1,26.3,25.4,25.4,25.4,25.9,26.5,26.3
14.87,26.6,26.3,25.8,25.4,25.8,25.7,26.7,26.1,26.3,26.1,26.3,25.4,25.4,25.4,25.9,26.5,26.3
14.88,26.6,26.3,25.8,25.4,25.8,25.7,26.7,26.1,26.3,26.1,26.3,25.4,25.4,25.4,25.9,26.5,26.3
14.9,26.6,26.3,25.8,25.4,25.8,25.7,26.7,26.1,26.3,26.1,26.3,25.4,25.4,25.4,25.9,26.5,26.3
14.92,26.6,26.3,25.8,25.4,25.8,25.7,26.6,26.1,26.3,26.1,26.3,25.4,25.4,25.4,25.9,26.5,26.3
14.93,26.6,26.3,25.8,25.4,25.8,25.7,26.7,26.1,26.3,26.1,26.3,25.4,25.4,25.4,25.9,26.5,26.3
14.95,26.6,26.3,25.8,25.4,25.8,25.7,26.6,26.1,26.3,26.1,26.3,25.4,25.4,25.4,25.9,26.5,26.3
14.97,26.6,26.3,25.8,25.4,25.8,25.7,26.7,26.1,26.3,26.1,26.3,25.4,25.4,25.4,25.9,26.5,26.3
14.98,26.6,26.3,25.8,25.4,25.8,25.7,26.7,26.1,26.3,26.1,26.3,25.4,25.4,25.4,25.9,26.5,26.3
15.0,26.6,26.3,25.8,25.4,25.8,25.7,26.6,26.1,26.3,26.1,26.3,25.4,25.4,25.4,25.9,26.5,26.3
