"Latest: Time (min)","Latest: pH","Latest: Volume of NaOH Added (cm³)","Run 2: Time (min)","Run 2: pH","Run 2: Volume of NaOH Added (cm³)"
0,3.47294229718,0,0,3.42190069265,
0.0166666666667,3.4732390507,,0.0166666666667,3.42160393914,
0.0333333333333,3.47294229718,,0.0333333333333,3.42130718562,
0.05,3.4732390507,,0.05,3.42160393914,
0.0666666666667,3.47234879015,,0.0666666666667,3.42101043211,
0.0833333333333,3.47234879015,,0.0833333333333,3.42101043211,
0.1,3.47205203664,,0.1,3.42101043211,
0.116666666667,3.47234879015,,0.116666666667,3.4207136786,
0.133333333333,3.47116177609,,0.133333333333,3.42101043211,
0.15,3.47205203664,,0.15,3.42101043211,
0.166666666667,3.47175528312,,0.166666666667,3.4207136786,
0.183333333333,3.47175528312,,0.183333333333,3.4207136786,
0.2,3.47145852961,,0.2,3.42101043211,
0.216666666667,3.47145852961,,0.216666666667,3.4207136786,
0.233333333333,3.47056826907,,0.233333333333,3.4207136786,
0.25,3.47086502258,,0.25,3.4207136786,
0.266666666667,3.47027151555,,0.266666666667,3.4207136786,
0.283333333333,3.47027151555,,0.283333333333,3.4207136786,
0.3,3.47027151555,,0.3,3.42101043211,
0.316666666667,3.47027151555,,0.316666666667,3.4207136786,
0.333333333333,3.46997476204,,0.333333333333,3.4207136786,
0.35,3.46967800852,,0.35,3.4207136786,
0.366666666667,3.46997476204,,0.366666666667,3.4207136786,
0.383333333333,3.46967800852,,0.383333333333,3.45365331873,
0.4,3.46997476204,,0.4,3.49282478267,
0.416666666667,3.46967800852,,0.416666666667,3.51953259899,
0.433333333333,3.48570269832,,0.433333333333,3.54624041531,
0.45,3.49994686702,,0.45,3.58274109762,
0.466666666667,3.50677219786,,0.466666666667,3.61182294206,
0.483333333333,3.53348001418,,0.483333333333,3.64505933571,
0.5,3.57176121758,,0.5,3.67829572936,
0.516666666667,3.60796514637,,0.516666666667,3.70886134137,
0.533333333333,3.64535608923,,0.533333333333,3.74002046042,
0.55,3.68156001802,,0.55,3.76910230486,
0.566666666667,3.71479641167,,0.566666666667,3.79937116336,
0.583333333333,3.75040683343,,0.583333333333,3.82993677537,
0.6,3.77948867787,,0.6,3.85486407061,
0.616666666667,3.81064779692,,0.616666666667,3.88483617559,
0.633333333333,3.83972964136,1,0.633333333333,3.91065373137,
0.65,3.87415304906,,0.65,3.93380050552,
0.666666666667,3.90264138647,,0.666666666667,3.95991481481,
0.683333333333,3.92964595631,,0.683333333333,3.9818745749,
0.7,3.95843104724,,0.7,4.00294407444,
0.716666666667,3.98513886356,,0.716666666667,4.02342006696,
0.733333333333,4.00917589825,,0.733333333333,4.04537982705,
0.75,4.02905838374,,0.75,4.06704283362,
0.766666666667,4.05161165086,,0.766666666667,4.08603505856,
0.783333333333,4.07505517852,,0.783333333333,4.10354351593,
0.8,4.09671818509,,0.8,4.12194223384,
0.816666666667,4.11422664246,,0.816666666667,4.14093445878,
0.833333333333,4.13292211388,,0.833333333333,4.15636564155,
0.85,4.15280459937,,0.85,4.17387409891,
0.866666666667,4.17001630322,,0.866666666667,4.19108580277,
0.883333333333,4.18811826762,,0.883333333333,4.20265918984,
0.9,4.20265918984,,0.9,4.22046440072,
0.916666666667,4.21749686557,,0.916666666667,4.23589558349,
0.933333333333,4.23174103428,,0.933333333333,4.25073325922,
0.95,4.24568844947,,0.95,4.26735145604,
0.966666666667,4.25755859006,,0.966666666667,4.2786280896,
0.983333333333,4.27269301931,,0.983333333333,4.29168524425,
1,4.28723394153,,1,4.30563265944,
1.01666666667,4.29791706806,,1.01666666667,4.31868981409,
1.03333333333,4.3068196735,,1.03333333333,4.33204372225,
1.05,4.32195410275,,1.05,4.34450736987,
1.06666666667,4.33352748982,,1.06666666667,4.35904829209,
1.08333333333,4.34332035581,,1.08333333333,4.36884115807,
1.1,4.35697101749,,1.1,4.38367883381,
1.11666666667,4.37625999594,,1.11666666667,4.39495546737,
1.13333333333,4.39109767168,,1.13333333333,4.40504508687,
1.15,4.40682560796,,1.15,4.41750873448,
1.16666666667,4.42344380478,,1.16666666667,4.42463081884,
1.18333333333,4.43976524809,,1.18333333333,4.43768797348,
1.2,4.45489967734,,1.2,4.44570031838,
1.21666666667,4.47003410659,,1.21666666667,4.45519643085,
1.23333333333,4.48546528935,,1.23333333333,4.46439578981,
1.25,4.49881919751,4,1.25,4.47507891634,
1.26666666667,4.5127666127,,1.26666666667,4.48427827529,
1.28333333333,4.52760428844,,1.28333333333,4.49407114128,
1.3,4.54155170363,,1.3,4.50356725375,
1.31666666667,4.5569828864,,1.31666666667,4.51306336622,
1.33333333333,4.57004004104,,1.33333333333,4.51959194354,
1.35,4.58101992109,,1.35,4.53027507007,
1.36666666667,4.5934835687,,1.36666666667,4.5368036474,
1.38333333333,4.60683747687,,1.38333333333,4.54778352744,
1.4,4.61781735691,,1.4,4.55520236531,
1.41666666667,4.63087451156,,1.41666666667,4.56499523129,
1.43333333333,4.64422841972,,1.43333333333,4.57300757619,
1.45,4.6540212857,,1.45,4.57894264648,
1.46666666667,4.66826545441,,1.46666666667,4.5934835687,
1.48333333333,4.67865182742,,1.48333333333,4.60713423038,
1.5,4.68844469341,,1.5,4.61781735691,
1.51666666667,4.70120509454,,1.51666666667,4.62879723695,
1.53333333333,4.70951419295,,1.53333333333,4.64126088457,
1.55,4.72227459409,,1.55,4.65342777867,
1.56666666667,4.73295772061,,1.56666666667,4.66470441223,
1.58333333333,4.74334409363,,1.58333333333,4.67479403173,
1.6,4.75551098773,,1.6,4.68577391178,
1.61666666667,4.77450321267,,1.61666666667,4.69289599613,
1.63333333333,4.78162529703,,1.63333333333,4.70150184806,
1.65,4.79201167004,,1.65,4.71099796053,
1.66666666667,4.80091427548,,1.66666666667,4.72019731948,
1.68333333333,4.81189415553,,1.68333333333,4.72880317141,
1.7,4.82168702151,,1.7,4.73978305145,
1.71666666667,4.83296365507,,1.71666666667,4.74779539635,
1.73333333333,4.84008573942,,1.73333333333,4.76441359317,
1.75,4.85106561947,,1.75,4.77450321267,
1.76666666667,4.85818770382,,1.76666666667,4.78162529703,
1.78333333333,4.86946433738,,1.78333333333,4.79230842356,
1.8,4.87569616119,,1.8,4.80002401494,
1.81666666667,4.88786305529,,1.81666666667,4.80892662038,
1.83333333333,4.89498513964,,1.83333333333,4.81871948636,
1.85,4.90655852672,,1.85,4.82791884532,
1.86666666667,4.91279035053,,1.86666666667,4.83326040858,
1.88333333333,4.92317672354,,1.88333333333,4.84038249294,
1.9,4.93118906844,,1.9,4.85017535892,
1.91666666667,4.94127868794,,1.91666666667,4.85670393625,
1.93333333333,4.9466202512,,1.93333333333,4.86620004872,
1.95,4.95581961016,,1.95,4.87539940767,
1.96666666667,4.96650273669,,1.96666666667,4.88074097094,
1.98333333333,4.97243780698,8,1.98333333333,4.88994032989,
2,4.98341768702,,2,4.89557864667,
2.01666666667,4.98935275732,,2.01666666667,4.90448125211,
2.03333333333,4.9991456233,,2.03333333333,4.91249359701,
2.05,5.00686121469,,2.05,4.922286463,
2.06666666667,5.01606057364,,2.06666666667,4.92911179383,
2.08333333333,5.02318265799,,2.08333333333,4.93742089225,
2.1,5.03089824938,,2.1,4.94572999066,
2.11666666667,5.04039436185,,2.11666666667,4.95136830744,
2.13333333333,5.04603267863,,2.13333333333,4.96086441991,
2.15,5.05582554461,,2.15,4.96917351832,
2.16666666667,5.06354113599,,2.16666666667,4.97421832807,
2.18333333333,5.07066322035,,2.18333333333,4.98163716594,
2.2,5.07808205821,,2.2,4.98786898975,
2.21666666667,5.08846843123,,2.21666666667,4.99380406004,
2.23333333333,5.09648077613,,2.23333333333,5.00270666548,
2.25,5.10449312102,,2.25,5.00982874983,
2.26666666667,5.11339572646,,2.26666666667,5.01813784824,
2.28333333333,5.11992430379,,2.28333333333,5.0252599326,
2.3,5.12942041626,,2.3,5.03030474235,
2.31666666667,5.13416847249,,2.31666666667,5.03920734779,
2.33333333333,5.14277432442,,2.33333333333,5.04484566457,
2.35,5.15227043689,,2.35,5.05374827001,
2.36666666667,5.15701849313,,2.36666666667,5.05938658679,
2.38333333333,5.16681135911,,2.38333333333,5.06413464302,
2.4,5.17304318292,,2.4,5.07095997386,
2.41666666667,5.18105552782,,2.41666666667,5.07808205821,
2.43333333333,5.19055164029,,2.43333333333,5.08461063554,
2.45,5.19648671058,,2.45,5.09321648746,
2.46666666667,5.20657633008,,2.46666666667,5.09707428316,
2.48333333333,5.21399516795,,2.48333333333,5.10538338157,
2.5,5.21963348473,,2.5,5.11487949404,
2.51666666667,5.22853609017,,2.51666666667,5.11992430379,
2.53333333333,5.23654843507,,2.53333333333,5.12674963463,
2.55,5.24485753348,,2.55,5.13327821195,
2.56666666667,5.25168286432,11,2.56666666667,5.13802626819,
2.58333333333,5.26058546976,,2.58333333333,5.14396133848,
2.6,5.26830106114,,2.6,5.15286394392,
2.61666666667,5.27393937792,,2.61666666667,5.15820550718,
2.63333333333,5.2837322439,,2.63333333333,5.16710811263,
2.65,5.28996406771,,2.65,5.17304318292,
2.66666666667,5.29530563098,,2.66666666667,5.17779123916,
2.68333333333,5.30361472939,,2.68333333333,5.18461656999,
2.7,5.30954979968,,2.7,5.19233216138,
2.71666666667,5.31845240512,,2.71666666667,5.1967834641,
2.73333333333,5.32705825705,,2.73333333333,5.20479580899,
2.75,5.33239982032,,2.75,5.21013737226,
2.76666666667,5.34130242576,,2.76666666667,5.21518218201,
2.78333333333,5.34990827768,,2.78333333333,5.2211172523,
2.8,5.35910763664,,2.8,5.22823933665,
2.81666666667,5.37186803777,,2.81666666667,5.2332841464,
2.83333333333,5.37899012212,,2.83333333333,5.24188999833,
2.85,5.38522194593,,2.85,5.2472315616,
2.86666666667,5.39293753732,,2.86666666667,5.25168286432,
2.88333333333,5.39649857949,,2.88333333333,5.25791468813,
2.9,5.39857585409,,2.9,5.26563027951,
2.91666666667,5.40302715682,,2.91666666667,5.27097184277,
2.93333333333,5.40807196657,,2.93333333333,5.27631340604,
2.95,5.41608431146,,2.95,5.28462250445,
2.96666666667,5.4208323677,,2.96666666667,5.28907380717,
2.98333333333,5.42231613527,,2.98333333333,5.2938218634,
3,5.42884471259,,3,5.29946018018,
3.01666666667,5.43359276883,,3.01666666667,5.30420823642,
3.03333333333,5.43567004343,,3.03333333333,5.30954979968,
3.05,5.44071485318,,3.05,5.31756214458,
3.06666666667,5.44457264887,13,3.06666666667,5.32260695433,
3.08333333333,5.44872719808,,3.08333333333,5.32705825705,
3.1,5.45436551486,,3.1,5.33180631329,
3.11666666667,5.45881681758,,3.11666666667,5.33833489061,
3.13333333333,5.46593890193,,3.13333333333,5.34248943982,
3.15,5.47217072574,,3.15,5.34664398902,
3.16666666667,5.47751228901,,3.16666666667,5.35554659446,
3.18333333333,5.48047982415,,3.18333333333,5.36474595342,
3.2,5.48878892256,,3.2,5.37899012212,
3.21666666667,5.49383373231,,3.21666666667,5.38848623459,
3.23333333333,5.49798828152,,3.23333333333,5.39620182598,
3.25,5.50600062642,,3.25,5.39827910058,
3.26666666667,5.51074868265,,3.26666666667,5.4048076779,
3.28333333333,5.51549673889,,3.28333333333,5.40925898062,
3.3,5.52024479512,,3.3,5.41667781849,
3.31666666667,5.52825714002,,3.31666666667,5.42172262824,
3.33333333333,5.53033441462,,3.33333333333,5.42943821962,
3.35,5.53834675952,,3.35,5.43477978289,
3.36666666667,5.54517209036,,3.36666666667,5.44012134615,
3.38333333333,5.54873313253,,3.38333333333,5.44635316996,
3.4,5.55348118877,,3.4,5.45436551486,
3.41666666667,5.55822924501,,3.41666666667,5.45941032461,
3.43333333333,5.5662415899,,3.43333333333,5.46742266951,
3.45,5.57158315317,,3.45,5.47246747926,
3.46666666667,5.5742539348,,3.46666666667,5.47780904252,
3.48333333333,5.58137601915,,3.48333333333,5.48255709876,
3.5,5.58612407539,,3.5,5.48819541554,
3.51666666667,5.59116888514,,3.51666666667,5.49502074637,
3.53333333333,5.59562018786,,3.53333333333,5.49858178855,
3.55,5.60155525815,,3.55,5.50778114751,
3.56666666667,5.60541305384,,3.56666666667,5.51193569671,
3.58333333333,5.60986435656,,3.58333333333,5.51846427404,
3.6,5.61847020849,,3.6,5.52617986542,
3.61666666667,5.62381177175,,3.61666666667,5.52974090759,
3.63333333333,5.62855982799,,3.63333333333,5.53537922437,
3.65,5.63330788423,,3.65,5.54517209036,
3.66666666667,5.64042996858,,3.66666666667,5.54902988605,
3.68333333333,5.64636503887,,3.68333333333,5.55585521689,
3.7,5.6490358205,15,3.7,5.56357080827,
3.71666666667,5.65675141189,,3.71666666667,5.56980263208,
3.73333333333,5.66149946812,,3.73333333333,5.57514419534,
3.75,5.66595077084,,3.75,5.58315654024,
3.76666666667,5.67099558059,,3.76666666667,5.58879485702,
3.78333333333,5.67782091143,,3.78333333333,5.59383966677,
3.8,5.68049169306,,3.8,5.60214876518,
3.81666666667,5.68702027039,,3.81666666667,5.60511630033,
3.83333333333,5.69414235474,,3.83333333333,5.61283189171,
3.85,5.69918716449,,3.85,5.62025072958,
3.86666666667,5.70274820667,,3.86666666667,5.62618579987,
3.88333333333,5.70779301642,,3.88333333333,5.63123060962,
3.9,5.71313457968,,3.9,5.63864944749,
3.91666666667,5.71788263592,,3.91666666667,5.64606828536,
3.93333333333,5.72263069215,,3.93333333333,5.65022283456,
3.95,5.7255982273,,3.95,5.65882868649,
3.96666666667,5.73242355814,,3.96666666667,5.66268648218,
3.98333333333,5.73687486086,,3.98333333333,5.66980856653,
4,5.74518395927,,4,5.67841441846,
4.01666666667,5.75497682525,,4.01666666667,5.68345922821,
4.03333333333,5.76031838852,,4.03333333333,5.69087806608,
4.05,5.77100151505,,4.05,5.6974066434,
4.06666666667,5.77901385994,,4.06666666667,5.70245145315,
4.08333333333,5.78761971187,,4.08333333333,5.70868327696,
4.1,5.79800608489,,4.1,5.71788263592,
4.11666666667,5.80483141572,,4.11666666667,5.72322419918,
4.13333333333,5.81254700711,,4.13333333333,5.73183005111,
4.15,5.81788857037,,4.15,5.73687486086,
4.16666666667,5.82768143636,,4.16666666667,5.74399694521,
4.18333333333,5.83331975314,,4.18333333333,5.75557033228,
4.2,5.84311261912,,4.2,5.76239566312,
4.21666666667,5.84993794996,,4.21666666667,5.77248528262,
4.23333333333,5.85824704837,,4.23333333333,5.77931061346,
4.25,5.86774316084,,4.25,5.78732295836,
4.26666666667,5.87367823114,,4.26666666667,5.79800608489,
4.28333333333,5.88287759009,,4.28333333333,5.80690869033,
4.3,5.89059318147,,4.3,5.81492103522,
4.31666666667,5.89682500528,,4.31666666667,5.82204311958,
4.33333333333,5.90632111775,,4.33333333333,5.83213273908,
4.35,5.91492696968,,4.35,5.84370612615,
4.36666666667,5.92412632863,,4.36666666667,5.85023470347,
4.38333333333,5.93006139893,,4.38333333333,5.85943406243,
4.4,5.94015101843,,4.4,5.8710074495,
4.41666666667,5.94846011684,,4.41666666667,5.87931654791,
4.43333333333,5.95498869416,,4.43333333333,5.88792239984,
4.45,5.96596857421,,4.45,5.89623149825,
4.46666666667,5.97843222183,,4.46666666667,5.90632111775,
4.48333333333,5.98436729212,,4.48333333333,5.91641073725,
4.5,5.99386340459,,4.5,5.92650035675,
4.51666666667,6.00039198191,,4.51666666667,5.93451270165,
4.53333333333,6.00632705221,,4.53333333333,5.94519582818,
4.55,6.01404264359,,4.55,5.95528544768,
4.56666666667,6.02383550958,,4.56666666667,5.97220039802,
4.58333333333,6.03303486853,,4.58333333333,5.98169651049,
4.6,6.03926669234,,4.6,5.99475366513,
4.61666666667,6.04816929778,18,4.61666666667,6.00276601003,
4.63333333333,6.05677514971,,4.63333333333,6.01671342522,
4.65,6.06834853678,,4.65,6.02620953769,
4.66666666667,6.07784464925,,4.66666666667,6.0383764318,
4.68333333333,6.08526348712,,4.68333333333,6.04757579075,
4.7,6.0950563531,,4.7,6.0585556708,
4.71666666667,6.10366220503,,4.71666666667,6.07161282544,
4.73333333333,6.11345507102,,4.73333333333,6.08110893791,
4.75,6.12413819755,,4.75,6.09446284607,
4.76666666667,6.13511807759,,4.76666666667,6.10662974018,
4.78333333333,6.14817523224,,4.78333333333,6.1152355921,
4.8,6.15648433065,,4.8,6.12858950027,
4.81666666667,6.17043174584,,4.81666666667,6.14224016194,
4.83333333333,6.18348890049,,4.83333333333,6.15381354902,
4.85,6.19357851999,,4.85,6.16746421069,
4.86666666667,6.20752593518,,4.86666666667,6.17874084425,
4.88333333333,6.21909932225,,4.88333333333,6.19268825944,
4.9,6.23096946284,,4.9,6.20544866057,
4.91666666667,6.24254284991,,4.91666666667,6.21969282928,
4.93333333333,6.25411623699,,4.93333333333,6.2321564769,
4.95,6.26568962406,,4.95,6.24818116669,
4.96666666667,6.27993379276,,4.96666666667,6.26153507485,
4.98333333333,6.29210068687,,4.98333333333,6.27370196896,
5,6.30367407394,,5,6.28794613766,
5.01666666667,6.31821499616,,5.01666666667,6.3027838134,
5.03333333333,6.32860136918,,5.03333333333,6.32029227076,
5.05,6.3431422914,,5.05,6.33453643947,
5.06666666667,6.35827672065,,5.06666666667,6.34878060818,
5.08333333333,6.37311439638,,5.08333333333,6.36450854446,
5.1,6.38646830454,,5.1,6.38201700182,
5.11666666667,6.40041571973,,5.11666666667,6.40041571973,
5.13333333333,6.41525339547,,5.13333333333,6.41733067007,
5.15,6.43127808526,,5.15,6.4339488669,
5.16666666667,6.44552225397,,5.16666666667,6.45264433832,
5.18333333333,6.45917291565,,5.18333333333,6.47133980975,
5.2,6.47549435895,,5.2,6.49033203469,
5.21666666667,6.49003528117,19,5.21666666667,6.50902750612,
5.23333333333,6.50843399909,,5.23333333333,6.53128401972,
5.25,6.52505219591,,5.25,6.55146325872,
5.26666666667,6.53870285759,,5.26666666667,6.58410614534,
5.28333333333,6.55739832901,,5.28333333333,6.60487889136,
5.3,6.58291913128,,5.3,6.62891592606,
5.31666666667,6.60013083513,,5.31666666667,6.65354646778,
5.33333333333,6.61467175735,,5.33333333333,6.67877051653,
5.35,6.63099320066,,5.35,6.70280755122,
5.36666666667,6.6499854256,,5.36666666667,6.73010887457,
5.38333333333,6.66957115757,,5.38333333333,6.75414590926,
5.4,6.68678286142,,5.4,6.7853050283,
5.41666666667,6.70310430473,,5.41666666667,6.81052907705,
5.43333333333,6.72150302264,,5.43333333333,6.83872066095,
5.45,6.73901148001,,5.45,6.86750575188,
5.46666666667,6.75651993738,,5.46666666667,6.89925837795,
5.48333333333,6.77669917638,,5.48333333333,6.9265597013,
5.5,6.79509789429,,5.5,6.95415777817,
5.51666666667,6.81409011923,21,5.51666666667,6.98442663667,
5.53333333333,6.83426935823,,5.53333333333,7.0173662768,
5.55,6.85326158317,,5.55,7.05149293099,
5.56666666667,6.87225380811,,5.56666666667,7.0838390641,
5.58333333333,6.89094927954,,5.58333333333,7.11855922532,
5.6,6.91142527205,,5.6,7.1544664006,
5.61666666667,6.93101100402,,5.61666666667,7.20283722349,
5.63333333333,6.95148699654,,5.63333333333,7.2414151804,
5.65,6.97404026366,,5.65,7.28088339786,
5.66666666667,6.99600002374,,5.66666666667,7.32124187586,
5.68333333333,7.01706952329,,5.68333333333,7.36427113549,
5.7,7.03635850174,,5.7,7.41175169784,
5.71666666667,7.0577247548,,5.71666666667,7.45804524614,
5.73333333333,7.07879425435,,5.73333333333,7.51027386473,
5.75,7.10134752146,,5.75,7.56457975792,
5.76666666667,7.12508780264,,5.76666666667,7.626897996,
5.78333333333,7.14912483733,,5.78333333333,7.69485455087,
5.8,7.17909694232,,5.8,7.78061631662,
5.81666666667,7.20550800513,,5.81666666667,7.88151251162,
5.83333333333,7.2292482863,22,5.83333333333,8.00199443859,
5.85,7.25625285614,,5.85,8.14295235807,
5.86666666667,7.28533470058,,5.86666666667,8.29963821384,
5.88333333333,7.31382303799,,5.88333333333,8.46878771722,
5.9,7.34082760783,,5.9,8.64209176981,
5.91666666667,7.37287698742,,5.91666666667,8.82845297704,
5.93333333333,7.40106857131,,5.93333333333,9.0133304167,
5.95,7.43489847199,,5.95,9.20740721532,
5.96666666667,7.46754135861,,5.96666666667,9.39465868309,
5.98333333333,7.50196476631,,5.98333333333,9.59496730552,
6,7.53490440645,,6,9.77450318191,
6.01666666667,7.56932781415,,6.01666666667,9.95670983994,
6.03333333333,7.60553174295,,6.03333333333,10.1252658363,
6.05,7.6429226858,,6.05,10.3036146986,
6.06666666667,7.68120388919,,6.06666666667,10.4659388712,
6.08333333333,7.72274938125,,6.08333333333,10.6220312199,
6.1,7.76429487331,,6.1,10.7707047308,
6.11666666667,7.82008453408,,6.11666666667,10.9220490233,
6.13333333333,7.86459756128,,6.13333333333,11.0597426541,
6.15,7.90970409552,,6.15,11.1956557638,
6.16666666667,7.95926193247,,6.16666666667,11.3179182119,
6.18333333333,8.01149055106,23,6.18333333333,11.4452254697,
6.2,8.06787371885,,6.2,11.5535405026,
6.21666666667,8.12544390071,,6.21666666667,11.6499853948,
6.23333333333,8.18894915285,,6.23333333333,11.7315926114,
6.25,8.25571869366,,6.25,11.8099355393,
6.26666666667,8.33050057937,,6.26666666667,11.8856076855,
6.28333333333,8.41537208457,,6.28333333333,11.9505967052,
6.3,8.50350787844,,6.3,12.015585725,
6.31666666667,8.59223717933,,6.31666666667,12.0636597943,
6.33333333333,8.6863080435,,6.33333333333,12.1063923005,
6.35,8.78572047092,,6.35,12.1437832433,
6.36666666667,8.89047446161,,6.36666666667,12.178206651,
6.38333333333,8.99730572691,,6.38333333333,12.2129268122,
6.4,9.1121493371,,6.4,12.237557354,
6.41666666667,9.22550917971,,6.41666666667,12.2612976351,
6.43333333333,9.34391383208,,6.43333333333,12.2850379163,
6.45,9.46884706177,,6.45,12.3043268948,
6.46666666667,9.59823159418,,6.46666666667,12.3265834084,
6.48333333333,9.71633949303,,6.48333333333,12.3408275771,
6.5,9.8347441454,,6.5,12.359226295,
6.51666666667,9.95463256534,,6.51666666667,12.3743607242,
6.53333333333,10.0724437107,,6.53333333333,12.3886048929,
6.55,10.1828360181,,6.55,12.4028490616,
6.56666666667,10.3018341775,,6.56666666667,12.4126419276,
6.58333333333,10.4101492104,,6.58333333333,12.4259958358,
6.6,10.5169804757,,6.6,12.4402400045,
6.61666666667,10.6199539453,,6.61666666667,12.449736117,
6.63333333333,10.7276754711,,6.63333333333,12.4589354759,
6.65,10.846376877,,6.65,12.4728828911,
6.66666666667,10.9552854169,,6.66666666667,12.4782244544,
6.68333333333,11.0680517525,,6.68333333333,12.4877205668,
6.7,11.1837856232,,6.7,12.4975134328,
6.71666666667,11.2796370085,25,6.71666666667,12.5076030523,
6.73333333333,11.3784559289,,6.73333333333,12.5156153972,
6.75,11.4858807012,,6.75,12.520660207,
6.76666666667,11.5752035091,,6.76666666667,12.5298595659,
6.78333333333,11.6544366976,,6.78333333333,12.5352011292,
6.8,11.7324828719,,6.8,12.5452907487,
6.81666666667,11.8057809901,,6.81666666667,12.5533030936,
6.83333333333,11.8775953406,,6.83333333333,12.5577543963,
6.85,11.9375395506,,6.85,12.5642829736,
6.86666666667,11.9933292114,,6.86666666667,12.571998565,
6.88333333333,12.0529766678,,6.88333333333,12.5767466213,
6.9,12.097489695,,6.9,12.5835719521,
6.91666666667,12.1369579125,,6.91666666667,12.5898037759,
6.93333333333,12.1758326229,,6.93333333333,12.6096862614,
6.95,12.2096625236,,6.95,12.6144343176,
6.96666666667,12.2428989172,,6.96666666667,12.6212596485,
6.98333333333,12.2755418038,,6.98333333333,12.6271947188,
7,12.3013593596,,7,12.6298655004,
7.01666666667,12.3271769154,,7.01666666667,12.6355038172,
7.03333333333,12.3506204431,,7.03333333333,12.6399551199,
7.05,12.3705029285,,7.05,12.6473739578,
7.06666666667,12.3889016465,,7.06666666667,12.6524187675,
7.08333333333,12.4052230898,,7.08333333333,12.6565733167,
7.1,12.4245120682,,7.1,12.66191488,
7.11666666667,12.4414270186,,7.11666666667,12.6660694292,
7.13333333333,12.4538906662,,7.13333333333,12.6696304714,
7.15,12.4636835322,,7.15,12.6755655417,
7.16666666667,12.4755536727,,7.16666666667,12.6788298303,
7.18333333333,12.4847530317,,7.18333333333,12.6850616541,
7.2,12.4992939539,,7.2,12.6889194498,
7.21666666667,12.5070095453,,7.21666666667,12.6936675061,
7.23333333333,12.5147251367,,7.23333333333,12.6990090693,
7.25,12.5236277421,,7.25,12.7037571256,
7.26666666667,12.5343108687,,7.26666666667,12.7082084283,
7.28333333333,12.5393556784,28,7.28333333333,12.7093954423,
7.3,12.5488517909,,7.3,12.7150337591,
7.31666666667,12.5574576428,,7.31666666667,12.7197818153,
7.33333333333,12.5625024526,,7.33333333333,12.723639611,
7.35,12.571998565,,7.35,12.7277941602,
7.36666666667,12.5767466213,,7.36666666667,12.7313552024,
7.38333333333,12.582384938,,7.38333333333,12.7364000122,
7.4,12.5912875435,,7.4,12.7387740403,
7.41666666667,12.6096862614,,7.41666666667,12.7417415754,
7.43333333333,12.6150278247,,7.43333333333,12.7461928782,
7.45,12.6236336766,,7.45,12.7506441809,
7.46666666667,12.6283817328,,7.46666666667,12.7545019766,
7.48333333333,12.6337232961,,7.48333333333,12.7589532793,
7.5,12.6405486269,,7.5,12.7604370469,
7.51666666667,12.6473739578,,7.51666666667,12.763404582,
7.53333333333,12.652122014,,7.53333333333,12.7663721172,
7.55,12.6604311124,,7.55,12.7720104339,
7.56666666667,12.6663661827,,7.56666666667,12.7746812156,
7.58333333333,12.6693337178,,7.58333333333,12.7791325183,
7.6,12.671707746,,7.6,12.7791325183,
7.61666666667,12.6761590487,,7.61666666667,12.7838805745,
7.63333333333,12.6838746401,,7.63333333333,12.7874416167,
7.65,12.6880291893,,7.65,12.7889253843,
7.66666666667,12.6933707525,,7.66666666667,12.7945637011,
7.68333333333,12.701679851,,7.68333333333,12.7990150038,
7.7,12.7064279072,,7.7,12.8025760459,
7.71666666667,12.7088019353,,7.71666666667,12.8025760459,
7.73333333333,12.7088019353,30,7.73333333333,12.8055435811,
7.75,12.7138467451,,7.75,12.8108851444,
7.76666666667,12.7188915548,,7.76666666667,12.814149433,
7.78333333333,12.723046104,,7.78333333333,12.8168202147,
7.8,12.7274974067,,7.8,12.8177104752,
7.81666666667,12.7292779278,,7.81666666667,12.8215682709,
7.83333333333,12.7361032587,,7.83333333333,12.8218650244,
7.85,12.7414448219,,7.85,12.8257228201,
7.86666666667,12.7414448219,,7.86666666667,12.8263163271,
7.88333333333,12.7455993711,,7.88333333333,12.8310643834,
7.9,12.7464896317,,7.9,12.8355156861,
7.91666666667,12.7512376879,,7.91666666667,12.8355156861,
7.93333333333,12.7580630187,,7.93333333333,12.8372962072,
7.95,12.7604370469,,7.95,12.8402637423,
7.96666666667,12.7648883496,,7.96666666667,12.8414507564,
7.98333333333,12.7663721172,,7.98333333333,12.8456053056,
8,12.7729006945,,8,12.8494631013,
8.01666666667,12.7743844621,,8.01666666667,12.8500566083,
8.03333333333,12.7791325183,,8.03333333333,12.853914404,
8.05,12.7823968069,,8.05,12.8551014181,
8.06666666667,12.7880351237,,8.06666666667,12.8592559673,
8.08333333333,12.7918929194,,8.08333333333,12.8592559673,
8.1,12.7936734405,,8.1,12.8604429813,
8.11666666667,12.7981247432,,8.11666666667,12.8640040235,
8.13333333333,12.8025760459,,8.13333333333,12.8654877911,
8.15,12.8040598135,,8.15,12.8684553262,
8.16666666667,12.8082143627,,8.16666666667,12.8717196149,
8.18333333333,12.8120721584,,8.18333333333,12.8732033824,
8.2,12.813555926,,8.2,12.8755774106,
8.21666666667,12.8168202147,32,8.21666666667,12.8779514387,
8.23333333333,12.8215682709,,8.23333333333,12.8779514387,
8.25,12.8224585314,,8.25,12.8788416992,
8.26666666667,12.8263163271,,8.26666666667,12.8829962484,
8.28333333333,12.8295806158,,8.28333333333,12.8862605371,
8.3,12.8355156861,,8.3,12.8880410582,
8.31666666667,12.8358124396,,8.31666666667,12.8921956074,
8.33333333333,12.8384832212,,8.33333333333,12.8921956074,
8.35,12.8408572493,,8.35,12.8924923609,
8.36666666667,12.8506501153,,8.36666666667,12.8939761285,
8.38333333333,12.8500566083,,8.38333333333,12.8969436636,
8.4,12.854507911,,8.4,12.8975371707,
8.41666666667,12.854507911,,8.41666666667,12.9010982128,
8.43333333333,12.8562884321,,8.43333333333,12.9022852269,
8.45,12.8592559673,,8.45,12.905252762,
8.46666666667,12.8625202559,,8.46666666667,12.9079235437,
8.48333333333,12.8640040235,,8.48333333333,12.9100008183,
8.5,12.8651910376,,8.5,12.9108910788,
8.51666666667,12.8687520797,,8.51666666667,12.9111878323,
8.53333333333,12.8732033824,,8.53333333333,12.914452121,
8.55,12.8743903965,,8.55,12.9159358886,
8.56666666667,12.8779514387,,8.56666666667,12.9171229026,
8.58333333333,12.8782481922,,8.58333333333,12.9197936843,
8.6,12.8824027414,,8.6,12.9227612194,
8.61666666667,12.8868540441,,8.61666666667,12.924838494,
8.63333333333,12.8886345652,,8.63333333333,12.9257287546,
8.65,12.8921956074,,8.65,12.9286962897,
8.66666666667,12.8921956074,,8.66666666667,12.9298833038,
8.68333333333,12.8945696355,,8.68333333333,12.9301800573,
8.7,12.8969436636,,8.7,12.9307735643,
8.71666666667,12.8984274312,,8.71666666667,12.9337410994,
8.73333333333,12.9022852269,34,8.73333333333,12.93463136,
8.75,12.9061430226,,8.75,12.9361151276,
8.76666666667,12.9082202972,,8.76666666667,12.9390826627,
8.78333333333,12.9108910788,,8.78333333333,12.9393794162,
8.8,12.9108910788,,8.8,12.9408631838,
8.81666666667,12.9126715999,,8.81666666667,12.9438307189,
8.83333333333,12.9159358886,,8.83333333333,12.9453144865,
8.85,12.9186066702,,8.85,12.9485787752,
8.86666666667,12.9212774518,,8.86666666667,12.9488755287,
8.88333333333,12.9177164097,,8.88333333333,12.9503592963,
8.9,12.9251352475,,8.9,12.9527333244,
8.91666666667,12.9272125221,,8.91666666667,12.9533268314,
8.93333333333,12.9298833038,,8.93333333333,12.9536235849,
8.95,12.9298833038,,8.95,12.9557008595,
8.96666666667,12.9319605784,,8.96666666667,12.9583716412,
8.98333333333,12.93463136,,8.98333333333,12.9598554087,
9,12.935224867,,9,12.9625261904,
9.01666666667,12.9370053881,,9.01666666667,12.9631196974,
9.03333333333,12.9393794162,,9.03333333333,12.9649002185,
9.05,12.9405664303,,9.05,12.9672742466,
9.06666666667,12.945017733,,9.06666666667,12.9675710001,
9.08333333333,12.9482820217,,9.08333333333,12.9678677536,
9.1,12.9488755287,,9.1,12.9687580142,
9.11666666667,12.9512495568,,9.11666666667,12.9708352888,
9.13333333333,12.9533268314,,9.13333333333,12.9723190564,
9.15,12.9533268314,,9.15,12.9720223028,
9.16666666667,12.9545138455,,9.16666666667,12.9726158099,
9.18333333333,12.9586683947,,9.18333333333,12.9764736056,
9.2,12.9604489158,,9.2,12.9770671126,
9.21666666667,12.9628229439,36,9.21666666667,12.9770671126,
9.23333333333,12.964603465,,9.23333333333,12.9812216618,
9.25,12.9675710001,,9.25,12.9830021829,
9.26666666667,12.9675710001,,9.26666666667,12.984782704,
9.28333333333,12.9678677536,,9.28333333333,12.9862664716,
9.3,12.9690547677,,9.3,12.9862664716,
9.31666666667,12.9720223028,,9.31666666667,12.9874534856,
9.33333333333,12.9723190564,,9.33333333333,12.9910145278,
9.35,12.9732093169,,9.35,12.9916080348,
9.36666666667,12.9764736056,,9.36666666667,12.9942788164,
9.38333333333,12.9767703591,,9.38333333333,12.9963560911,
9.4,12.9770671126,,9.4,12.9999171332,
9.41666666667,12.9830021829,,9.41666666667,13.0008073938,
9.43333333333,12.9838924434,,9.43333333333,13.0031814219,
9.45,12.9862664716,,9.45,13.004961943,
9.46666666667,12.9862664716,,9.46666666667,13.006148957,
9.48333333333,12.9862664716,,9.48333333333,13.0094132457,
9.5,12.9874534856,37,9.5,13.0097099992,
9.51666666667,12.9910145278,,9.51666666667,13.0097099992,
9.53333333333,12.9913112813,,9.53333333333,13.0114905203,
9.55,12.9948723235,,9.55,13.0138645484,
9.56666666667,12.995762584,,9.56666666667,13.0150515625,
9.58333333333,12.9972463516,,9.58333333333,13.0165353301,
9.6,12.9990268727,,9.6,13.0195028652,
9.61666666667,13.0005106403,,9.61666666667,13.0224704003,
9.63333333333,13.0031814219,,9.63333333333,13.0239541679,
9.65,13.0043684359,,9.65,13.025734689,
9.66666666667,13.0046651895,,9.66666666667,13.0287022242,
9.68333333333,13.0052586965,,9.68333333333,13.0287022242,
9.7,13.0064457106,,9.7,13.0289989777,
9.71666666667,13.0088197387,,9.71666666667,13.0295924847,
9.73333333333,13.0097099992,,9.73333333333,13.0328567734,
9.75,13.0097099992,,9.75,13.0358243085,
9.76666666667,13.0100067527,,9.76666666667,13.0381983366,
9.78333333333,13.0111937668,,9.78333333333,13.0384950901,
9.8,13.0144580554,,9.8,13.0417593788,
9.81666666667,13.014754809,,9.81666666667,13.0426496393,
9.83333333333,13.015348316,,9.83333333333,13.0426496393,
9.85,13.0168320836,,9.85,13.0447269139,
9.86666666667,13.0192061117,,9.86666666667,13.0471009421,
9.88333333333,13.0212833863,,9.88333333333,13.0473976956,
9.9,13.0233606609,,9.9,13.0473976956,
9.91666666667,13.0239541679,,9.91666666667,13.0488814632,
9.93333333333,13.0245476749,,9.93333333333,13.0518489983,
9.95,13.0275152101,,9.95,13.0527392588,
9.96666666667,13.0287022242,,9.96666666667,13.0545197799,
9.98333333333,13.0287022242,,9.98333333333,13.056300301,
10,13.0287022242,,10,13.0580808221,
10.0166666667,13.0287022242,,10.0166666667,13.0610483573,
10.0333333333,13.0316697593,,10.0333333333,13.0616418643,
10.05,13.0340437874,,10.05,13.0616418643,
10.0666666667,13.035527555,,10.0666666667,13.0622353713,
10.0833333333,13.0370113226,,10.0833333333,13.0643126459,
10.1,13.0379015831,,10.1,13.0663899205,
10.1166666667,13.0384950901,,10.1166666667,13.0663899205,
10.1333333333,13.0393853507,,10.1333333333,13.0678736881,
10.15,13.0402756112,,10.15,13.0702477162,
10.1666666667,13.0426496393,39,10.1666666667,13.0723249908,
10.1833333333,13.0429463929,,10.1833333333,13.0744022654,
10.2,13.0435398999,,10.2,13.0755892795,
10.2166666667,13.0471009421,,10.2166666667,13.075886033,
10.2333333333,13.0473976956,,10.2333333333,13.0776665541,
10.25,13.0473976956,,10.25,13.0800405822,
10.2666666667,13.0476944491,,10.2666666667,13.0806340892,
10.2833333333,13.0476944491,,10.2833333333,13.0803373357,
10.3,13.0485847096,,10.3,13.0803373357,
10.3166666667,13.0494749702,,10.3166666667,13.0827113638,
10.3333333333,13.0512554913,,10.3333333333,13.0847886384,
10.35,13.0524425053,,10.35,13.0850853919,
10.3666666667,13.0524425053,,10.3666666667,13.0859756525,
10.3833333333,13.0545197799,,10.3833333333,13.0877561736,
10.4,13.0568938081,,10.4,13.0898334482,
10.4166666667,13.0586743291,,10.4166666667,13.0901302017,
10.4333333333,13.0613451108,,10.4333333333,13.0904269552,
10.45,13.0616418643,40,10.45,13.0913172158,
10.4666666667,13.0616418643,,10.4666666667,13.0948782579,
10.4833333333,13.0619386178,,10.4833333333,13.0969555325,
10.5,13.0628288783,,10.5,13.0987360536,
10.5166666667,13.0646093994,,10.5166666667,13.0993295607,
10.5333333333,13.0663899205,,10.5333333333,13.0996263142,
10.55,13.066686674,,10.55,13.1014068353,
10.5666666667,13.0669834276,,10.5666666667,13.1031873563,
10.5833333333,13.0681704416,,10.5833333333,13.1040776169,
10.6,13.0705444697,,10.6,13.1040776169,
10.6166666667,13.0720282373,,10.6166666667,13.1043743704,
10.6333333333,13.0738087584,,10.6333333333,13.1043743704,
10.65,13.0746990189,,10.65,13.1061548915,
10.6666666667,13.0755892795,,10.6666666667,13.1076386591,
10.6833333333,13.07647954,,10.6833333333,13.1094191802,
10.7,13.0782600611,,10.7,13.1120899618,
10.7166666667,13.0803373357,,10.7166666667,13.1132769758,
10.7333333333,13.0806340892,,10.7333333333,13.1132769758,
10.75,13.0803373357,,10.75,13.1138704829,
10.7666666667,13.0806340892,,10.7666666667,13.115651004,
10.7833333333,13.0809308427,,10.7833333333,13.1180250321,
10.8,13.0833048709,,10.8,13.1183217856,
10.8166666667,13.0850853919,,10.8166666667,13.1180250321,
10.8333333333,13.085678899,,10.8333333333,13.1192120461,
10.85,13.085678899,,10.85,13.1227730883,
10.8666666667,13.086865913,,10.8666666667,13.1227730883,
10.8833333333,13.0880529271,,10.8833333333,13.1227730883,
10.9,13.0898334482,,10.9,13.1227730883,
10.9166666667,13.0901302017,,10.9166666667,13.1230698418,
10.9333333333,13.0913172158,,10.9333333333,13.1230698418,
10.95,13.0916139693,,10.95,13.1254438699,
10.9666666667,13.0936912439,,10.9666666667,13.126630884,
10.9833333333,13.0951750114,,10.9833333333,13.1275211445,
11,13.0984393001,,11,13.1278178981,
11.0166666667,13.0993295607,,11.0166666667,13.1293016656,
11.0333333333,13.0993295607,42,11.0333333333,13.1307854332,
11.05,13.1002198212,,11.05,13.1325659543,
11.0666666667,13.1005165747,,11.0666666667,13.1346432289,
11.0833333333,13.1014068353,,11.0833333333,13.1349399824,
11.1,13.1037808634,,11.1,13.1367205035,
11.1166666667,13.1040776169,,11.1166666667,13.137017257,
11.1333333333,13.1040776169,,11.1333333333,13.137017257,
11.15,13.1040776169,,11.15,13.137017257,
11.1666666667,13.1043743704,,11.1666666667,13.1373140105,
11.1833333333,13.1055613845,,11.1833333333,13.1379075176,
11.2,13.1082321661,,11.2,13.1390945316,
11.2166666667,13.1091224266,,11.2166666667,13.1408750527,
11.2333333333,13.1103094407,,11.2333333333,13.1417653133,
11.25,13.1106061942,,11.25,13.1420620668,
11.2666666667,13.1120899618,,11.2666666667,13.1423588203,
11.2833333333,13.1132769758,,11.2833333333,13.1435458343,
11.3,13.1132769758,,11.3,13.1453263554,
11.3166666667,13.1138704829,,11.3166666667,13.146216616,
11.3333333333,13.1159477575,,11.3333333333,13.14740363,
11.35,13.1180250321,,11.35,13.1497776582,
11.3666666667,13.1180250321,,11.3666666667,13.1506679187,
11.3833333333,13.1180250321,,11.3833333333,13.1512614257,
11.4,13.1180250321,,11.4,13.1512614257,
11.4166666667,13.1192120461,,11.4166666667,13.1515581792,
11.4333333333,13.1209925672,,11.4333333333,13.1530419468,
11.45,13.1224763348,,11.45,13.1548224679,
11.4666666667,13.1227730883,,11.4666666667,13.1557127284,
11.4833333333,13.1227730883,,11.4833333333,13.1557127284,
11.5,13.1227730883,,11.5,13.1563062355,
11.5166666667,13.1230698418,,11.5166666667,13.1574932495,
11.5333333333,13.1233665953,,11.5333333333,13.1589770171,
11.55,13.1239601024,,11.55,13.1601640312,
11.5666666667,13.1254438699,,11.5666666667,13.1604607847,
11.5833333333,13.127224391,,11.5833333333,13.1607575382,
11.6,13.1275211445,,11.6,13.1607575382,
11.6166666667,13.1278178981,,11.6166666667,13.1607575382,
11.6333333333,13.1290049121,44,11.6333333333,13.1610542917,
11.65,13.1290049121,,11.65,13.1613510452,
11.6666666667,13.1298951727,,11.6666666667,13.1628348128,
11.6833333333,13.1322692008,,11.6833333333,13.1646153339,
11.7,13.1334562148,,11.7,13.1652088409,
11.7166666667,13.135830243,,11.7166666667,13.1655055944,
11.7333333333,13.137017257,,11.7333333333,13.1655055944,
11.75,13.137017257,,11.75,13.1660991015,
11.7666666667,13.1373140105,,11.7666666667,13.1678796225,
11.7833333333,13.137017257,,11.7833333333,13.1699568972,
11.8,13.137610764,,11.8,13.1702536507,
11.8166666667,13.1373140105,,11.8166666667,13.1714406647,
11.8333333333,13.1373140105,,11.8333333333,13.1729244323,
11.85,13.1399847922,,11.85,13.1741114464,
11.8666666667,13.1417653133,,11.8666666667,13.1747049534,
11.8833333333,13.1417653133,,11.8833333333,13.1747049534,
11.9,13.1417653133,,11.9,13.1752984604,
11.9166666667,13.1423588203,,11.9166666667,13.1758919674,
11.9333333333,13.1444360949,,11.9333333333,13.1770789815,
11.95,13.1444360949,,11.95,13.177375735,
11.9666666667,13.1453263554,,11.9666666667,13.1785627491,
11.9833333333,13.146810123,,11.9833333333,13.1791562561,
12,13.1477003835,,12,13.1791562561,
12.0166666667,13.1500744117,,12.0166666667,13.1791562561,
12.0333333333,13.1509646722,,12.0333333333,13.1791562561,
12.05,13.1512614257,,12.05,13.1791562561,
12.0666666667,13.1509646722,,12.0666666667,13.1794530096,
12.0833333333,13.1521516863,,12.0833333333,13.1806400237,
12.1,13.1524484398,,12.1,13.1818270377,
12.1166666667,13.1539322074,,12.1166666667,13.1824205448,
12.1333333333,13.1548224679,,12.1333333333,13.1836075588,
12.15,13.1557127284,,12.15,13.1844978194,
12.1666666667,13.1557127284,,12.1666666667,13.1853880799,
12.1833333333,13.1557127284,,12.1833333333,13.1868718475,
12.2,13.156009482,,12.2,13.187762108,
12.2166666667,13.1563062355,,12.2166666667,13.1886523686,
12.2333333333,13.157196496,,12.2333333333,13.1889491221,
12.25,13.1598672777,,12.25,13.1889491221,
12.2666666667,13.1598672777,46,12.2666666667,13.1889491221,
12.2833333333,13.1604607847,,12.2833333333,13.1916199037,
12.3,13.1604607847,,12.3,13.1936971783,
12.3166666667,13.1604607847,,12.3166666667,13.1957744529,
12.3333333333,13.1604607847,,12.3333333333,13.196961467,
12.35,13.1610542917,,12.35,13.1987419881,
12.3666666667,13.1619445523,,12.3666666667,13.1999290021,
12.3833333333,13.1628348128,,12.3833333333,13.2017095232,
12.4,13.1646153339,,12.4,13.2023030303,
12.4166666667,13.1652088409,,12.4166666667,13.2028965373,
12.4333333333,13.1652088409,,12.4333333333,13.2028965373,
12.45,13.1652088409,,12.45,13.2028965373,
12.4666666667,13.1658023479,,12.4666666667,13.2034900443,
12.4833333333,13.1655055944,,12.4833333333,13.2040835513,
12.5,13.166989362,,12.5,13.2046770584,
12.5166666667,13.1693633901,,12.5166666667,13.2070510865,
12.5333333333,13.1696601436,,12.5333333333,13.2076445935,
12.55,13.1699568972,,12.55,13.2085348541,
12.5666666667,13.1711439112,,12.5666666667,13.2088316076,
12.5833333333,13.1726276788,,12.5833333333,13.2097218681,
12.6,13.1735179393,,12.6,13.2106121287,
12.6166666667,13.1747049534,,12.6166666667,13.2117991427,
12.6333333333,13.1747049534,,12.6333333333,13.2120958962,
12.65,13.1747049534,,12.65,13.2120958962,
12.6666666667,13.1747049534,,12.6666666667,13.2120958962,
12.6833333333,13.1755952139,,12.6833333333,13.2120958962,
12.7,13.176188721,,12.7,13.2120958962,
12.7166666667,13.1770789815,,12.7166666667,13.2123926498,
12.7333333333,13.177969242,,12.7333333333,13.2126894033,
12.75,13.1782659956,,12.75,13.2129861568,
12.7666666667,13.1791562561,,12.7666666667,13.2135796638,
12.7833333333,13.1791562561,,12.7833333333,13.2150634314,
12.8,13.1791562561,,12.8,13.2162504454,
12.8166666667,13.1794530096,,12.8166666667,13.2168439525,
12.8333333333,13.1791562561,,12.8333333333,13.2168439525,
12.85,13.1794530096,,12.85,13.2168439525,
12.8666666667,13.1794530096,,12.8666666667,13.2168439525,
12.8833333333,13.1812335307,,12.8833333333,13.2174374595,
12.9,13.1815302842,,12.9,13.2189212271,
12.9166666667,13.1830140518,,12.9166666667,13.2192179806,
12.9333333333,13.1842010659,,12.9333333333,13.2198114876,
12.95,13.1842010659,,12.95,13.2212952552,
12.9666666667,13.1847945729,,12.9666666667,13.2224822693,
12.9833333333,13.1856848334,,12.9833333333,13.2221855157,
13,13.1868718475,,13,13.2236692833,
13.0166666667,13.1883556151,,13.0166666667,13.2239660368,
13.0333333333,13.1886523686,,13.0333333333,13.2257465579,
13.05,13.1889491221,,13.05,13.2260433114,
13.0666666667,13.1886523686,,13.0666666667,13.2263400649,
13.0833333333,13.1889491221,,13.0833333333,13.2263400649,
13.1,13.1892458756,,13.1,13.2266368185,
13.1166666667,13.1904328897,,13.1166666667,13.2266368185,
13.1333333333,13.1922134108,,13.1333333333,13.2272303255,
13.15,13.1951809459,,13.15,13.2272303255,
13.1666666667,13.19636796,,13.1666666667,13.2287140931,
13.1833333333,13.1978517275,,13.1833333333,13.2290108466,
13.2,13.1984452346,,13.2,13.2299011071,
13.2166666667,13.1996322486,,13.2166666667,13.2310881212,
13.2333333333,13.2002257557,,13.2333333333,13.2307913677,
13.25,13.2005225092,,13.25,13.2310881212,
13.2666666667,13.2020062767,,13.2666666667,13.2310881212,
13.2833333333,13.2028965373,,13.2833333333,13.2310881212,
13.3,13.2028965373,,13.3,13.2313848747,
13.3166666667,13.2031932908,,13.3166666667,13.2313848747,
13.3333333333,13.2034900443,49,13.3333333333,13.2313848747,
13.35,13.2031932908,,13.35,13.2313848747,
13.3666666667,13.2034900443,,13.3666666667,13.2316816282,
13.3833333333,13.2064575795,,13.3833333333,13.2328686423,
13.4,13.207941347,,13.4,13.2334621493,
13.4166666667,13.207941347,,13.4166666667,13.2340556563,
13.4333333333,13.2097218681,,13.4333333333,13.2352426704,
13.45,13.2097218681,,13.45,13.2355394239,
13.4666666667,13.2109088822,,13.4666666667,13.2358361774,
13.4833333333,13.2112056357,,13.4833333333,13.2358361774,
13.5,13.2115023892,,13.5,13.2361329309,
13.5166666667,13.2120958962,,13.5166666667,13.236726438,
13.5333333333,13.2120958962,,13.5333333333,13.236726438,
13.55,13.2120958962,,13.55,13.237319945,
13.5666666667,13.2120958962,,13.5666666667,13.238506959,
13.5833333333,13.2123926498,,13.5833333333,13.2396939731,
13.6,13.2120958962,,13.6,13.2396939731,
13.6166666667,13.2126894033,,13.6166666667,13.2399907266,
13.6333333333,13.2120958962,,13.6333333333,13.2405842337,
13.65,13.2141731708,,13.65,13.2405842337,
13.6666666667,13.2144699244,,13.6666666667,13.2405842337,
13.6833333333,13.2144699244,,13.6833333333,13.2405842337,
13.7,13.2156569384,,13.7,13.2408809872,
13.7166666667,13.216547199,,13.7166666667,13.2414744942,
13.7333333333,13.2168439525,,13.7333333333,13.2417712477,
13.75,13.2168439525,,13.75,13.2426615083,
13.7666666667,13.2168439525,,13.7666666667,13.2432550153,
13.7833333333,13.2168439525,,13.7833333333,13.2435517688,
13.8,13.217734213,,13.8,13.2444420293,
13.8166666667,13.2180309665,,13.8166666667,13.2453322899,
13.8333333333,13.21832772,,13.8333333333,13.2459257969,
13.85,13.2195147341,,13.85,13.2465193039,
13.8666666667,13.2198114876,,13.8666666667,13.2468160575,
13.8833333333,13.2207017482,,13.8833333333,13.2480030715,
13.9,13.2218887622,,13.9,13.248299825,
13.9166666667,13.2227790228,,13.9166666667,13.2497835926,
13.9333333333,13.2230757763,,13.9333333333,13.2497835926,
13.95,13.2239660368,,13.95,13.2497835926,
13.9666666667,13.2242627903,,13.9666666667,13.2497835926,
13.9833333333,13.2251530509,,13.9833333333,13.2500803461,
14,13.2260433114,,14,13.2497835926,
14.0166666667,13.2263400649,,14.0166666667,13.2500803461,
14.0333333333,13.2263400649,,14.0333333333,13.2497835926,
14.05,13.2266368185,,14.05,13.2503770996,
14.0666666667,13.2266368185,,14.0666666667,13.2506738532,
14.0833333333,13.227527079,,14.0833333333,13.2506738532,
14.1,13.227527079,,14.1,13.2512673602,
14.1166666667,13.228120586,,14.1166666667,13.2524543742,
14.1333333333,13.2287140931,,14.1333333333,13.2542348953,
14.15,13.2299011071,,14.15,13.2542348953,
14.1666666667,13.2307913677,,14.1666666667,13.2545316488,
14.1833333333,13.2310881212,,14.1833333333,13.2548284024,
14.2,13.2310881212,,14.2,13.2545316488,
14.2166666667,13.2310881212,,14.2166666667,13.2548284024,
14.2333333333,13.2310881212,,14.2333333333,13.2548284024,
14.25,13.2310881212,,14.25,13.256905677,
14.2666666667,13.2310881212,,14.2666666667,13.2583894445,
14.2833333333,13.2310881212,,14.2833333333,13.2604667191,
14.3,13.2313848747,,14.3,13.2610602262,
14.3166666667,13.2310881212,,14.3166666667,13.2631375008,
14.3333333333,13.2310881212,,14.3333333333,13.2637310078,
14.35,13.2313848747,,14.35,13.2640277613,
14.3666666667,13.2322751352,,14.3666666667,13.2646212683,
14.3833333333,13.2328686423,,14.3833333333,13.2658082824,
14.4,13.2337589028,,14.4,13.26729205,
14.4166666667,13.2346491634,,14.4166666667,13.268479064,
14.4333333333,13.2352426704,,14.4333333333,13.2687758175,
14.45,13.2352426704,,14.45,13.2687758175,
14.4666666667,13.2358361774,,14.4666666667,13.2687758175,
14.4833333333,13.2358361774,,14.4833333333,13.2690725711,
14.5,13.2358361774,,14.5,13.2696660781,
14.5166666667,13.2358361774,,14.5166666667,13.2699628316,
14.5333333333,13.2364296844,,14.5333333333,13.2705563386,
14.55,13.2364296844,,14.55,13.2726336132,
14.5666666667,13.2361329309,,14.5666666667,13.2735238738,
14.5833333333,13.2382102055,,14.5833333333,13.2735238738,
14.6,13.2391004661,,14.6,13.2738206273,
14.6166666667,13.2388037126,,14.6166666667,13.2738206273,
14.6333333333,13.2388037126,,14.6333333333,13.2741173808,
14.65,13.2399907266,,14.65,13.2750076414,
14.6666666667,13.2405842337,,14.6666666667,13.2767881624,
14.6833333333,13.2402874801,,14.6833333333,13.277678423,
14.7,13.2405842337,,14.7,13.27827193,
14.7166666667,13.2405842337,,14.7166666667,13.27827193,
14.7333333333,13.2405842337,,14.7333333333,13.27827193,
14.75,13.2408809872,,14.75,13.27827193,
14.7666666667,13.2405842337,,14.7666666667,13.27827193,
14.7833333333,13.2408809872,,14.7833333333,13.27827193,
14.8,13.2414744942,,14.8,13.2785686835,
14.8166666667,13.2414744942,,14.8166666667,13.27827193,
14.8333333333,13.2423647547,,14.8333333333,13.2785686835,
14.85,13.2426615083,,14.85,13.2785686835,
14.8666666667,13.2432550153,,14.8666666667,13.2785686835,
14.8833333333,13.2432550153,,14.8833333333,13.278865437,
14.9,13.2438485223,,14.9,13.2785686835,
14.9166666667,13.2444420293,,14.9166666667,13.2785686835,
14.9333333333,13.2444420293,,14.9333333333,13.2785686835,
14.95,13.2444420293,,14.95,13.278865437,
14.9666666667,13.2447387829,,14.9666666667,13.2785686835,
14.9833333333,13.2450355364,,14.9833333333,13.2785686835,
15,13.2459257969,,15,13.278865437,
