Run 2: Time (min),Run 2: pH,Run 2: Temperature (°C),Run 2: Volume of NaOH Added (cm³),Run 1: Time (min),Run 1: pH,Run 1: Temperature (°C),Run 1: Volume of NaOH Added (cm³)
0,3.37865165087,26.020585182,0,0,3.373891635,25.8626271938,0
0.0166666666667,3.37775914789,26.020585182,,0.0166666666667,3.37448663698,25.8626271938,
0.0333333333333,3.37775914789,26.023483529,,0.0333333333333,3.37448663698,25.8626271938,
0.05,3.37835414988,26.0220343553,,0.05,3.37448663698,25.8655254823,
0.0666666666667,3.37894915186,26.023483529,,0.0666666666667,3.37508163897,25.8626271938,
0.0833333333333,3.37894915186,26.023483529,,0.0833333333333,3.37508163897,25.8626271938,
0.1,3.37924665285,26.0249327031,,0.1,3.37478413797,25.864076338,
0.116666666667,3.37865165087,26.023483529,,0.116666666667,3.37597414194,25.864076338,
0.133333333333,3.37865165087,26.023483529,,0.133333333333,3.37567664095,25.8626271938,
0.15,3.37954415385,26.0249327031,,0.15,3.37567664095,25.8626271938,
0.166666666667,3.37984165484,26.020585182,,0.166666666667,3.37597414194,25.8611780496,
0.183333333333,3.37984165484,26.0249327031,,0.183333333333,3.37567664095,25.8611780496,
0.2,3.38013915583,26.0220343553,,0.2,3.37627164293,25.864076338,
0.216666666667,3.37984165484,26.020585182,,0.216666666667,3.37597414194,25.8626271938,
0.233333333333,3.38043665682,26.020585182,,0.233333333333,3.37627164293,25.8597289056,
0.25,3.37984165484,26.0220343553,,0.25,3.37627164293,25.8626271938,
0.266666666667,3.38103165881,26.0249327031,,0.266666666667,3.37627164293,25.8626271938,
0.283333333333,3.38162666079,26.0249327031,,0.283333333333,3.37627164293,25.8611780496,
0.3,3.3813291598,26.0220343553,,0.3,3.37627164293,25.8611780496,
0.316666666667,3.38162666079,26.020585182,,0.316666666667,3.37656914393,25.8611780496,
0.333333333333,3.38162666079,26.0220343553,,0.333333333333,3.37686664492,25.8597289056,
0.35,3.38222166277,26.020585182,,0.35,3.37686664492,25.8597289056,
0.366666666667,3.38192416178,26.0220343553,,0.366666666667,3.37716414591,25.8611780496,
0.383333333333,3.38192416178,26.0162376647,,0.383333333333,3.37716414591,25.8597289056,
0.4,3.38251916377,26.0162376647,,0.4,3.37716414591,25.8582797617,
0.416666666667,3.38251916377,26.0176868367,,0.416666666667,3.37686664492,25.8597289056,
0.433333333333,3.38222166277,26.0191360091,,0.433333333333,3.37775914789,25.8582797617,
0.45,3.38341166674,26.0191360091,,0.45,3.37775914789,25.8597289056,
0.466666666667,3.38311416575,26.0176868367,,0.466666666667,3.37775914789,25.8568306179,
0.483333333333,3.38311416575,26.0176868367,,0.483333333333,3.37775914789,25.8553814742,
0.5,3.38370916773,26.0162376647,,0.5,3.37835414988,25.8553814742,
0.516666666667,3.38430416972,26.014788493,,0.516666666667,3.38281666476,25.8539323307,
0.533333333333,3.38460167071,26.0176868367,,0.533333333333,3.4072117461,25.8597289056,
0.55,3.38430416972,26.014788493,,0.55,3.43368933439,25.8597289056,
0.566666666667,3.38460167071,26.0133393218,,0.566666666667,3.46552194054,25.8626271938,
0.583333333333,3.3848991717,26.007542641,,0.583333333333,3.5116345943,25.8756694962,
0.6,3.38400666873,26.007542641,,0.6,3.5416821945,25.8800169328,0.5
0.616666666667,3.38460167071,26.0060934717,,0.616666666667,3.57827481651,25.8829152245,
0.633333333333,3.3848991717,26.0046443029,,0.633333333333,3.60445490381,25.8829152245,
0.65,3.38460167071,26.0031951344,,0.65,3.62974248813,25.8843643706,
0.666666666667,3.3848991717,26.0017459664,,0.666666666667,3.65384006849,25.8829152245,
0.683333333333,3.38519667269,26.0017459664,,0.683333333333,3.67317763297,25.8858135169,
0.7,3.38519667269,26.0017459664,,0.7,3.69578770836,25.8872626633,
0.716666666667,3.3848991717,26.0017459664,,0.716666666667,3.71839778376,25.8901609566,
0.733333333333,3.39560920741,26.0031951344,,0.733333333333,3.74309036609,25.8959575453,
0.75,3.42803681555,26.0060934717,,0.75,3.76421293653,25.8959575453,
0.766666666667,3.46105942566,26.011890151,,0.766666666667,3.7799804891,25.9017541367,
0.783333333333,3.49021452288,26.014788493,,0.783333333333,3.79991305557,25.9061015823,
0.8,3.52085712506,26.0162376647,,0.8,3.81508560616,25.9075507312,1
0.816666666667,3.57053979072,26.0220343553,,0.816666666667,3.83025815676,25.9118981792,
0.833333333333,3.6050499058,26.0278310526,0.5,0.833333333333,3.8507857252,25.9147964789,
0.85,3.63152749409,26.0365261116,,0.85,3.86833828373,25.9118981792,
0.866666666667,3.66484760519,26.0394244682,,0.866666666667,3.87964332143,25.9147964789,
0.883333333333,3.69281269844,26.0408736471,,0.883333333333,3.89511337302,25.916245629,
0.9,3.71720777979,26.0437720064,,0.9,3.91266593154,25.9205930808,
0.916666666667,3.74636287701,26.0466703675,,0.916666666667,3.92813598313,25.9234913831,1.5
0.933333333333,3.76956795438,26.0510179127,,0.933333333333,3.93765601487,25.9220422318,
0.95,3.79366553474,26.0510179127,1,0.95,3.95610107638,25.9263896863,
0.966666666667,3.82014312303,26.0524670954,,0.966666666667,3.96919112003,25.9278388383,
0.983333333333,3.8433482004,26.0539162786,,0.983333333333,3.98079365872,25.9321862956,
1,3.86625577679,26.0582638309,,1,3.99031369046,25.9336354485,
1.01666666667,3.88737834722,26.0640605743,,1.01666666667,4.00637874403,25.9336354485,
1.03333333333,3.90612090972,26.066958949,,1.03333333333,4.01708877974,25.9379829088,
1.05,3.93051599107,26.0684081371,,1.05,4.03017882339,25.9394320628,
1.06666666667,3.95104355951,26.0684081371,,1.06666666667,4.04654137795,25.9423303715,
1.08333333333,3.96681111209,26.0684081371,,1.08333333333,4.05516890672,25.955372774,
1.1,3.98317366665,26.0684081371,,1.1,4.06736644739,25.9611694049,
1.11666666667,4.00280873213,26.0698573257,,1.11666666667,4.08015899005,25.9568219313,
1.13333333333,4.01946878768,26.0684081371,,1.13333333333,4.08997652279,25.9655168812,
1.15,4.03523634026,26.0727557045,,1.15,4.10306656644,25.9713135206,
1.16666666667,4.0521938968,26.0742048946,,1.16666666667,4.10990908925,25.9742118422,
1.18333333333,4.07004395632,26.0756540853,,1.18333333333,4.12121412695,25.9756610035,
1.2,4.08491900592,26.0771032765,,1.2,4.12894915274,25.9756610035,2.5
1.21666666667,4.10306656644,26.0872476298,,1.21666666667,4.14233669738,25.9756610035,
1.23333333333,4.11823911703,26.0886968253,2.5,1.23333333333,4.15453423806,25.9800084895,
1.25,4.1304366577,26.0886968253,,1.25,4.16286426583,25.9829068151,
1.26666666667,4.14590670929,26.0915952179,,1.26666666667,4.17238429758,25.9829068151,
1.28333333333,4.1601867569,26.095942811,,1.28333333333,4.17952432139,25.9887034705,
1.3,4.17625181047,26.095942811,,1.3,4.19291186603,25.9872543062,
1.31666666667,4.18934185412,26.0988412092,,1.31666666667,4.19796938289,25.9945001317,
1.33333333333,4.19915938686,26.0988412092,,1.33333333333,4.21076192555,25.9945001317,
1.35,4.21076192555,26.1046380124,,1.35,4.22147196126,25.9959492979,
1.36666666667,4.22414947019,26.1060872147,,1.36666666667,4.22980198904,25.9973984644,3
1.38333333333,4.23545450789,26.1060872147,,1.38333333333,4.23545450789,25.9988476314,
1.4,4.24765204856,26.1104348249,,1.4,4.24378453566,25.9988476314,
1.41666666667,4.25925458725,26.1133332347,,1.41666666667,4.25419707038,25.9988476314,
1.43333333333,4.27353463486,26.1133332347,,1.43333333333,4.26222959717,26.0002967987,
1.45,4.28216216363,26.1147824405,,1.45,4.27264213189,25.9988476314,3.5
1.46666666667,4.29227719736,26.1162316469,,1.46666666667,4.27829465074,26.0002967987,
1.48333333333,4.30596224299,26.1191300614,,1.48333333333,4.2872196805,26.0017459664,
1.5,4.31548227474,26.1191300614,,1.5,4.29673971224,26.0031951344,
1.51666666667,4.3282748174,26.1249268979,,1.51666666667,4.30774724895,26.0017459664,
1.53333333333,4.3354148412,26.1307237442,,1.53333333333,4.31101975986,26.0089918106,
1.55,4.34850488485,26.1394190326,,1.55,4.31934978763,26.0133393218,
1.56666666667,4.35772741561,26.1394190326,4,1.56666666667,4.32976232236,26.014788493,
1.58333333333,4.36873495231,26.1423174672,,1.58333333333,4.3354148412,26.0220343553,
1.6,4.37498247314,26.1437666855,,1.6,4.34255486501,26.0220343553,
1.61666666667,4.38658501183,26.1495635652,,1.61666666667,4.34850488485,26.0249327031,4
1.63333333333,4.39580754258,26.1524620091,,1.63333333333,4.35832241759,26.0307294039,
1.65,4.40532757433,26.1553604556,,1.65,4.36754494834,26.035076934,
1.66666666667,4.41514510706,26.1553604556,,1.66666666667,4.3728999662,26.0365261116,
1.68333333333,4.4249626398,26.1568096798,,1.68333333333,4.38152749497,26.0379752897,
1.7,4.43329266758,26.1582589048,,1.7,4.39075002572,26.0423228265,
1.71666666667,4.44430020428,26.1582589048,,1.71666666667,4.39580754258,26.0437720064,
1.73333333333,4.45292773305,26.1568096798,,1.73333333333,4.40473257234,26.0452211867,
1.75,4.4621502638,26.1553604556,5,1.75,4.41068259218,26.0466703675,
1.76666666667,4.47137279456,26.1582589048,,1.76666666667,4.41782261599,26.0466703675,4.5
1.78333333333,4.48059532531,26.1582589048,,1.78333333333,4.42407013683,26.0481195488,
1.8,4.48773534912,26.1611573567,,1.8,4.42912765369,26.0510179127,
1.81666666667,4.49547037491,26.1597081304,,1.81666666667,4.43418517055,26.0495687305,
1.83333333333,4.50231289773,26.1597081304,,1.83333333333,4.44281269932,26.0539162786,
1.85,4.51183292947,26.1611573567,,1.85,4.44757271519,26.0597130161,
1.86666666667,4.52075795923,26.1597081304,5.5,1.86666666667,4.45649774496,26.0597130161,
1.88333333333,4.52819548403,26.1611573567,,1.88333333333,4.4624477648,26.0626113877,
1.9,4.53741801478,26.1611573567,,1.9,4.46661277868,26.0655097614,
1.91666666667,4.54634304455,26.1611573567,,1.91666666667,4.47375280249,26.066958949,
1.93333333333,4.55229306439,26.1626065838,,1.93333333333,4.48059532531,26.0684081371,
1.95,4.56032559117,26.1626065838,,1.95,4.48535534118,26.0684081371,5
1.96666666667,4.57073812589,26.1626065838,,1.96666666667,4.49457787193,26.0684081371,
1.98333333333,4.57609314375,26.1626065838,,1.98333333333,4.49993288979,26.0684081371,
2,4.58323316756,26.1640558114,,2,4.50439540467,26.0698573257,
2.01666666667,4.59215819732,26.1669542689,6,2.01666666667,4.5106429255,26.0684081371,
2.03333333333,4.59870321914,26.1684034987,,2.03333333333,4.51778294931,26.0698573257,
2.05,4.60822325089,26.1698527292,,2.05,4.52313796717,26.0698573257,
2.06666666667,4.61655327866,26.1742004249,,2.06666666667,4.52760048205,26.0713065148,
2.08333333333,4.62131329453,26.1756496582,,2.08333333333,4.53503800685,26.0742048946,
2.1,4.6299408233,26.1742004249,,2.1,4.53771551578,26.0756540853,
2.11666666667,4.63470083917,26.178548127,,2.11666666667,4.54634304455,26.0756540853,5.5
2.13333333333,4.64570837588,26.1799973625,,2.13333333333,4.55140056141,26.0800016605,
2.15,4.65076589274,26.1843450733,6.5,2.15,4.55645807827,26.0829000466,
2.16666666667,4.65582340961,26.1843450733,,2.16666666667,4.56062309216,26.0857984349,
2.18333333333,4.66534344135,26.1843450733,,2.18333333333,4.56865561895,26.0857984349,
2.2,4.67337596814,26.1857943116,,2.2,4.57192812986,26.0886968253,
2.21666666667,4.68140849492,26.1886927906,,2.21666666667,4.57877065268,26.0915952179,
2.23333333333,4.68795351675,26.1886927906,,2.23333333333,4.5814481616,26.093044415,6
2.25,4.69241603163,26.1930405147,7,2.25,4.58650567847,26.095942811,
2.26666666667,4.69896105345,26.1886927906,,2.26666666667,4.59334820128,26.095942811,
2.28333333333,4.70729108123,26.1901420312,,2.28333333333,4.59870321914,26.0988412092,
2.3,4.71234859809,26.1973882455,,2.3,4.60346323501,26.1046380124,
2.31666666667,4.72186862984,26.1988374906,,2.31666666667,4.60941325485,26.1060872147,
2.33333333333,4.72781864968,26.1973882455,,2.33333333333,4.61357826874,26.1089856209,
2.35,4.73257866555,26.2002867364,,2.35,4.61804078362,26.1104348249,6.5
2.36666666667,4.74001619035,26.2017359831,7.5,2.36666666667,4.62190829652,26.1118840295,
2.38333333333,4.74656121217,26.2060837275,,2.38333333333,4.62875081933,26.1118840295,
2.4,4.75251123201,26.2075329773,,2.4,4.63202333025,26.1133332347,
2.41666666667,4.7605437588,26.2089822277,,2.41666666667,4.63589084314,26.1118840295,
2.43333333333,4.77363380245,26.2162284919,,2.43333333333,4.64332836794,26.1133332347,
2.45,4.78196383022,26.2147792375,,2.45,4.65046839175,26.1118840295,
2.46666666667,4.78612884411,26.2147792375,8,2.46666666667,4.65195589671,26.1147824405,
2.48333333333,4.79326886792,26.2176777471,,2.48333333333,4.65701341358,26.1147824405,
2.5,4.79743388181,26.2220255175,,2.5,4.66088092647,26.1162316469,
2.51666666667,4.8015988957,26.2234747759,,2.51666666667,4.66831845127,26.1191300614,
2.53333333333,4.81052392546,26.2249240351,,2.53333333333,4.67426847111,26.1191300614,
2.55,4.81885395323,26.227822556,,2.55,4.67545847508,26.1220284784,
2.56666666667,4.82331646812,26.2292718177,,2.56666666667,4.68378850286,26.1220284784,
2.58333333333,4.82837398498,26.2292718177,,2.58333333333,4.68884601972,26.1234776878,
2.6,4.83700151375,26.2307210801,,2.6,4.69301103361,26.1263761085,
2.61666666667,4.84027402466,26.2307210801,,2.61666666667,4.69420103758,26.1307237442,
2.63333333333,4.84741404847,26.2307210801,,2.63333333333,4.69925855444,26.1365206006,
2.65,4.85574407625,26.2321703434,,2.65,4.70729108123,26.1394190326,
2.66666666667,4.85871908617,26.2307210801,,2.66666666667,4.7081835842,26.1408682496,
2.68333333333,4.86556160898,26.2365181383,,2.68333333333,4.71264609908,26.1466651241,
2.7,4.87448663874,26.2336196075,,2.7,4.72097612686,26.1466651241,7.5
2.71666666667,4.87865165263,26.2365181383,,2.71666666667,4.72573614273,26.1481143443,
2.73333333333,4.88251916553,26.2365181383,,2.73333333333,4.72930615464,26.1481143443,
2.75,4.88817168438,26.2365181383,,2.75,4.73198366357,26.1524620091,
2.76666666667,4.89620421116,26.2350688725,,2.76666666667,4.73882618638,26.1553604556,
2.78333333333,4.90066672604,26.2408659406,,2.78333333333,4.74418120424,26.153911232,
2.8,4.90840175183,26.2394166723,,2.8,4.75042872507,26.153911232,
2.81666666667,4.91464927266,26.2394166723,,2.81666666667,4.75072622606,26.153911232,
2.83333333333,4.91911178755,26.2423152097,9.5,2.83333333333,4.75727124789,26.1553604556,
2.85,4.92654931235,26.2423152097,,2.85,4.76084125979,26.1582589048,8
2.86666666667,4.93398683715,26.2423152097,,2.86666666667,4.76827878459,26.1597081304,
2.88333333333,4.93487934012,26.2408659406,,2.88333333333,4.77452630542,26.1611573567,
2.9,4.94439937187,26.2394166723,,2.9,4.7828563332,26.1597081304,
2.91666666667,4.95005189072,26.2379674049,10,2.91666666667,4.78315383419,26.1626065838,
2.93333333333,4.95302690064,26.2437644797,,2.93333333333,4.78761634907,26.1611573567,
2.95,4.95778691651,26.2423152097,,2.95,4.79594637685,26.1611573567,
2.96666666667,4.9655219423,26.2408659406,,2.96666666667,4.80011139074,26.1611573567,
2.98333333333,4.97147196214,26.2452137505,,2.98333333333,4.80189639669,26.1611573567,
3,4.97623197801,26.2452137505,,3,4.80576390959,26.1611573567,
3.01666666667,4.98366950281,26.2466630222,10.5,3.01666666667,4.81111892744,26.1611573567,8.5
3.03333333333,4.99080952662,26.2466630222,,3.03333333333,4.81677144629,26.1611573567,
3.05,4.99556954249,26.2481122947,,3.05,4.82034145819,26.1611573567,
3.06666666667,5.00092456035,26.2481122947,,3.06666666667,4.82480397308,26.1611573567,
3.08333333333,5.00836208515,26.2524601173,,3.08333333333,4.827481482,26.1626065838,
3.1,5.00955208912,26.2481122947,,3.1,4.83372900284,26.1626065838,
3.11666666667,5.01579960995,26.2510108423,,3.11666666667,4.83610901077,26.1626065838,
3.13333333333,5.02293963376,26.2524601173,,3.13333333333,4.83938152168,26.1626065838,
3.15,5.02948465558,26.2524601173,11,3.15,4.84473653954,26.1640558114,
3.16666666667,5.03305466749,26.2539093933,,3.16666666667,4.84830655144,26.1655050398,
3.18333333333,5.03811218435,26.2539093933,,3.18333333333,4.85068655938,26.1698527292,
3.2,5.04554970915,26.2553586701,,3.2,4.85842158517,26.1684034987,
3.21666666667,5.05149972899,26.2539093933,,3.21666666667,4.85961158914,26.1713019604,
3.23333333333,5.05715224784,26.2553586701,,3.23333333333,4.86437160501,26.1742004249,
3.25,5.06220976471,26.2568079478,11.5,3.25,4.87032162485,26.1727511923,
3.26666666667,5.06845728554,26.2582572264,,3.26666666667,4.87627164469,26.1698527292,
3.28333333333,5.07529980836,26.2582572264,,3.28333333333,4.87746164866,26.1756496582,
3.3,5.08005982423,26.2582572264,,3.3,4.88192416354,26.1770988922,
3.31666666667,5.08392733712,26.2582572264,,3.31666666667,4.88668417942,26.1799973625,
3.33333333333,5.08779485002,26.2582572264,,3.33333333333,4.88757668239,26.1828958356,
3.35,5.09493487383,26.2597065058,,3.35,4.89441920521,26.1843450733,
3.36666666667,5.10088489367,26.2611557861,,3.36666666667,4.8985842191,26.1843450733,9.5
3.38333333333,5.1071324145,26.2626050673,,3.38333333333,4.90096422703,26.1857943116,
3.4,5.11129742839,26.2655036323,,3.4,4.90691424687,26.1872435508,
3.41666666667,5.11754494922,26.2640543494,,3.41666666667,4.91048425878,26.1857943116,
3.43333333333,5.12260246609,26.2655036323,,3.43333333333,4.91494677366,26.1886927906,
3.45,5.12736248196,26.2684022009,,3.45,4.91524427465,26.1915912726,
3.46666666667,5.13450250577,26.2727500605,,3.46666666667,4.91970678953,26.1901420312,
3.48333333333,5.13926252164,26.2698514865,,3.48333333333,4.92476430639,26.1915912726,
3.5,5.14402253751,26.2741993488,,3.5,4.9319043302,26.1959390011,
3.51666666667,5.14997255735,26.2741993488,12.5,3.51666666667,4.93398683715,26.1944897575,
3.53333333333,5.15532757521,26.271300773,,3.53333333333,4.93636684508,26.1944897575,10
3.55,5.16038509207,26.2741993488,,3.55,4.9432093679,26.1988374906,
3.56666666667,5.16633511191,26.2727500605,,3.56666666667,4.94499437385,26.2031852304,
3.58333333333,5.17198763076,26.275648638,,3.58333333333,4.95034939171,26.2060837275,
3.6,5.17972265655,26.275648638,,3.6,4.95272939964,26.2046344786,
3.61666666667,5.18329266846,26.2770979282,,3.61666666667,4.95689441353,26.2060837275,
3.63333333333,5.18745768235,26.2770979282,,3.63333333333,4.95957192246,26.211880731,10.5
3.65,5.1966802131,26.2770979282,,3.65,4.96314193436,26.2147792375,
3.66666666667,5.20114272798,26.2770979282,,3.66666666667,4.96849695222,26.2176777471,
3.68333333333,5.20382023691,26.2770979282,,3.68333333333,4.97176946313,26.2205762599,
3.7,5.21185276369,26.2770979282,,3.7,4.97623197801,26.2220255175,
3.71666666667,5.21750528254,26.2770979282,,3.71666666667,4.97801698397,26.2234747759,
3.73333333333,5.22196779742,26.2770979282,,3.73333333333,4.98337200182,26.2220255175,
3.75,5.22672781329,26.2770979282,,3.75,4.98813201769,26.2220255175,
3.76666666667,5.23476034008,26.2770979282,,3.76666666667,4.99318953456,26.2263732952,
3.78333333333,5.23833035198,26.2770979282,,3.78333333333,4.9952720415,26.2292718177,
3.8,5.24457787281,26.2770979282,,3.8,4.99705704745,26.227822556,
3.81666666667,5.25201539761,26.2770979282,,3.81666666667,5.00151956233,26.2307210801,
3.83333333333,5.25499040753,26.2785472192,,3.83333333333,5.00746958217,26.2307210801,
3.85,5.26183293035,26.2785472192,,3.85,5.00925458813,26.2292718177,11
3.86666666667,5.26659294622,26.2785472192,,3.86666666667,5.01282460003,26.2321703434,
3.88333333333,5.27611297797,26.2785472192,,3.88333333333,5.01728711491,26.2307210801,
3.9,5.2784929859,26.2785472192,,3.9,5.02204713078,26.2336196075,
3.91666666667,5.28771551666,26.2799965112,14.5,3.91666666667,5.02740214864,26.2350688725,
3.93333333333,5.29158302955,26.2799965112,,3.93333333333,5.02859215261,26.2350688725,
3.95,5.2972355484,26.2828950979,,3.95,5.03305466749,26.2365181383,
3.96666666667,5.30080556031,26.2814458041,,3.96666666667,5.03483967344,26.2365181383,
3.98333333333,5.31062309304,26.2828950979,,3.98333333333,5.04168219626,26.2394166723,
4,5.31181309701,26.2843443926,,4,5.04406220419,26.2350688725,
4.01666666667,5.31716811487,26.2857936882,,4.01666666667,5.04792971709,26.2336196075,
4.03333333333,5.32401063768,26.2828950979,,4.03333333333,5.05239223197,26.2350688725,11.5
4.05,5.33144816248,26.2857936882,,4.05,5.05328473495,26.2365181383,
4.06666666667,5.33799318431,26.2872429848,,4.06666666667,5.05893725379,26.2408659406,
4.08333333333,5.34305070117,26.2828950979,,4.08333333333,5.06191226371,26.2423152097,
4.1,5.349595723,26.2872429848,,4.1,5.06548227562,26.2394166723,
4.11666666667,5.35435573887,26.2857936882,,4.11666666667,5.07024229149,26.2423152097,
4.13333333333,5.36119826169,26.2872429848,,4.13333333333,5.07440730538,26.2481122947,
4.15,5.36714828153,26.2901415807,15.5,4.15,5.07619231133,26.2466630222,
4.16666666667,5.37339580236,26.2857936882,,4.16666666667,5.07946482224,26.2466630222,
4.18333333333,5.38708084799,26.2886922823,,4.18333333333,5.0848198401,26.2510108423,12
4.2,5.39154336287,26.2901415807,,4.2,5.08630734506,26.2524601173,
4.21666666667,5.39957588966,26.2901415807,,4.21666666667,5.09106736093,26.2524601173,
4.23333333333,5.40582341049,26.2901415807,,4.23333333333,5.09761238276,26.2510108423,
4.25,5.41058342636,26.2915908801,,4.25,5.10118239466,26.2524601173,
4.26666666667,5.41534344223,26.2886922823,16,4.26666666667,5.10385990359,26.2539093933,
4.28333333333,5.42456597299,26.2886922823,,4.28333333333,5.10623991153,26.2553586701,
4.3,5.42962348985,26.2886922823,,4.3,5.11278493335,26.2539093933,
4.31666666667,5.43468100671,26.2886922823,,4.31666666667,5.11427243831,26.2524601173,
4.33333333333,5.44152352953,26.2915908801,,4.33333333333,5.12081746013,26.2539093933,
4.35,5.44449853945,26.2930401804,,4.35,5.12468497303,26.2539093933,12.5
4.36666666667,5.45223356524,26.2915908801,,4.36666666667,5.12884998692,26.2539093933,
4.38333333333,5.461456096,26.2915908801,,4.38333333333,5.13212249783,26.2568079478,
4.4,5.46413360492,26.2930401804,,4.4,5.1368825137,26.2568079478,
4.41666666667,5.47127362873,26.297388087,16.5,4.41666666667,5.14164252958,26.2568079478,
4.43333333333,5.47900865453,26.2959387839,,4.43333333333,5.14253503255,26.2568079478,
4.45,5.48347116941,26.297388087,,4.45,5.14640254545,26.2568079478,
4.46666666667,5.48793368429,26.2988373911,,4.46666666667,5.15116256132,26.2611557861,
4.48333333333,5.49834621901,26.297388087,,4.48333333333,5.1556250762,26.2611557861,
4.5,5.50518874182,26.297388087,,4.5,5.16038509207,26.2626050673,
4.51666666667,5.51084126067,26.2944894817,,4.51666666667,5.16098009406,26.2597065058,
4.53333333333,5.51649377952,26.2959387839,,4.53333333333,5.16544260894,26.2597065058,13
4.55,5.52184879738,26.2988373911,,4.55,5.1705001258,26.2611557861,
4.56666666667,5.52898882118,26.2988373911,,4.56666666667,5.17496264068,26.2611557861,
4.58333333333,5.53791385095,26.3002866962,,4.58333333333,5.17912765457,26.2640543494,
4.6,5.54356636979,26.3002866962,,4.6,5.18388767044,26.2669529162,
4.61666666667,5.55130139559,26.3002866962,,4.61666666667,5.18388767044,26.2640543494,
4.63333333333,5.55695391443,26.3002866962,,4.63333333333,5.18864768631,26.2640543494,
4.65,5.5620114313,26.3017360022,17.5,4.65,5.19311020119,26.2655036323,
4.66666666667,5.5694489561,26.3017360022,,4.66666666667,5.19787021707,26.2655036323,
4.68333333333,5.57569647693,26.3017360022,,4.68333333333,5.20233273195,26.2669529162,
4.7,5.58134899578,26.3002866962,,4.7,5.2079852508,26.2684022009,13.5
4.71666666667,5.59027402554,26.3031853091,,4.71666666667,5.21244776568,26.2727500605,
4.73333333333,5.59711654836,26.3031853091,,4.73333333333,5.21482777361,26.2727500605,
4.75,5.60098406125,26.3002866962,,4.75,5.21720778155,26.2698514865,
4.76666666667,5.60901658804,26.3060839259,,4.76666666667,5.22167029643,26.271300773,
4.78333333333,5.61347910292,26.304634617,18,4.78333333333,5.22405030436,26.2727500605,
4.8,5.62478414061,26.304634617,,4.8,5.22940532222,26.2741993488,
4.81666666667,5.6328166674,26.3060839259,,4.81666666667,5.23297533413,26.2741993488,
4.83333333333,5.63757668327,26.3060839259,,4.83333333333,5.23416533809,26.2770979282,
4.85,5.64352670311,26.3075332358,,4.85,5.23833035198,26.275648638,
4.86666666667,5.6515592299,26.3075332358,,4.86666666667,5.24219786488,26.275648638,
4.88333333333,5.65631924577,26.3060839259,,4.88333333333,5.24844538571,26.2770979282,14
4.9,5.66821928545,26.3089825466,18.5,4.9,5.25171789662,26.275648638,
4.91666666667,5.67416930529,26.3089825466,,4.91666666667,5.25469290654,26.2770979282,
4.93333333333,5.68279683406,26.3075332358,,4.93333333333,5.25737041547,26.2770979282,
4.95,5.68963935687,26.3118811711,,4.95,5.26153542936,26.2770979282,
4.96666666667,5.69529187572,26.3118811711,,4.96666666667,5.26451043928,26.2770979282,
4.98333333333,5.70570441044,26.3089825466,,4.98333333333,5.27254296606,26.2785472192,
5,5.71254693326,26.3162291153,,5,5.27670797995,26.2770979282,
5.01666666667,5.72028195905,26.3133304849,19,5.01666666667,5.2784929859,26.2785472192,
5.03333333333,5.72920698881,26.3104318584,,5.03333333333,5.28295550078,26.2785472192,
5.05,5.73932202254,26.3104318584,,5.05,5.28860801963,26.2770979282,
5.06666666667,5.74586704437,26.3133304849,,5.06666666667,5.29247553253,26.2770979282,14.5
5.08333333333,5.75479207413,26.3147797996,,5.08333333333,5.29485554047,26.2785472192,
5.1,5.76431210587,26.3147797996,,5.1,5.2972355484,26.2770979282,
5.11666666667,5.77026212571,26.3162291153,,5.11666666667,5.29783055039,26.2785472192,
5.13333333333,5.78335216936,26.3147797996,,5.13333333333,5.30199556427,26.2770979282,
5.15,5.78840968623,26.317678432,,5.15,5.30824308511,26.2799965112,
5.16666666667,5.8006072269,26.3162291153,19.5,5.16666666667,5.31151559602,26.2785472192,
5.18333333333,5.80715224872,26.3191277497,,5.18333333333,5.31359810296,26.2799965112,
5.2,5.81667228047,26.3147797996,,5.2,5.31746561586,26.2814458041,
5.21666666667,5.82589481122,26.3162291153,,5.21666666667,5.32192813074,26.2799965112,
5.23333333333,5.83273733404,26.317678432,,5.23333333333,5.32579564364,26.2857936882,
5.25,5.84047235983,26.3162291153,,5.25,5.32996065752,26.2814458041,
5.26666666667,5.85147989653,26.322026388,,5.26666666667,5.33382817042,26.2843443926,
5.28333333333,5.86040492629,26.3191277497,,5.28333333333,5.33680318034,26.2886922823,
5.3,5.87022245903,26.317678432,,5.3,5.3457282101,26.2944894817,15
5.31666666667,5.88301500169,26.322026388,20,5.31666666667,5.35435573887,26.2930401804,
5.33333333333,5.89313003542,26.322026388,,5.33333333333,5.36238826565,26.2930401804,
5.35,5.90175756418,26.322026388,,5.35,5.3680407845,26.2988373911,
5.36666666667,5.90711258204,26.3234757086,,5.36666666667,5.38470084006,26.297388087,
5.38333333333,5.9160376118,26.322026388,,5.38333333333,5.38975835692,26.2988373911,
5.4,5.93002015843,26.3234757086,,5.4,5.40017089164,26.3002866962,
5.41666666667,5.93954019017,26.3249250303,20.5,5.41666666667,5.40612091148,26.3002866962,
5.43333333333,5.95263023382,26.3278236766,,5.43333333333,5.41504594124,26.3075332358,
5.45,5.95887775465,26.326374353,,5.45,5.42367347001,26.3147797996,
5.46666666667,5.97018279235,26.3249250303,,5.46666666667,5.42992099084,26.3191277497,
5.48333333333,5.98892535485,26.3278236766,,5.48333333333,5.4388460206,26.3162291153,16
5.5,6.0020153985,26.3249250303,,5.5,5.44360603648,26.322026388,
5.51666666667,6.01480794115,26.326374353,,5.51666666667,5.45074606028,26.3249250303,
5.53333333333,6.02581547786,26.330722327,21,5.53333333333,5.461158595,26.3292730013,
5.55,6.03712051555,26.330722327,,5.55,5.46562110988,26.3350703101,
5.56666666667,6.04902055523,26.330722327,,5.56666666667,5.47543864262,26.3394183025,
5.58333333333,6.06240809988,26.330722327,,5.58333333333,5.48168616345,26.3423169692,
5.6,6.07222563261,26.3336209814,21.2,5.6,5.4873386823,26.3452156401,
5.61666666667,6.08591067824,26.3336209814,,5.61666666667,5.49566871008,26.3452156401,
5.63333333333,6.09989322487,26.3336209814,,5.63333333333,5.50489124083,26.3481143151,
5.65,6.11060326058,26.3336209814,,5.65,5.51560127654,26.346664977,
5.66666666667,6.12369330423,26.3350703101,,5.66666666667,5.51976629043,26.346664977,
5.68333333333,6.1397583578,26.3365196399,21.5,5.68333333333,5.5248238073,26.3524623355,17
5.7,6.15582341137,26.3350703101,,5.7,5.5319638311,26.3539116777,
5.71666666667,6.16772345105,26.3321716537,,5.71666666667,5.53850885293,26.3568103654,
5.73333333333,6.18468100759,26.3336209814,,5.73333333333,5.54505387475,26.3539116777,
5.75,6.20253106712,26.3379689707,21.7,5.75,5.55249139955,26.3568103654,
5.76666666667,6.21472860779,26.3379689707,,5.76666666667,5.5581439184,26.3524623355,
5.78333333333,6.23198366533,26.3350703101,,5.78333333333,5.56587894419,26.3539116777,
5.8,6.24596621195,26.3350703101,,5.8,5.57450647296,26.3524623355,
5.81666666667,6.26560127742,26.3379689707,,5.81666666667,5.5804564928,26.3539116777,
5.83333333333,6.28315383595,26.3394183025,22,5.83333333333,5.58581151066,26.355361021,
5.85,6.29921888952,26.3408676353,,5.85,5.59235653248,26.3524623355,
5.86666666667,6.31796145202,26.3394183025,,5.86666666667,5.5991990553,26.3582597108,
5.88333333333,6.33997652543,26.3394183025,,5.88333333333,5.60425657217,26.3597090573,
5.9,6.36080159487,26.3394183025,22.2,5.9,5.61288410093,26.3582597108,
5.91666666667,6.37865165439,26.3408676353,,5.91666666667,5.61853661978,26.3611584048,
5.93333333333,6.39858422086,26.3365196399,,5.93333333333,5.62716414855,26.3626077534,
5.95,6.42030179327,26.3437663041,,5.95,5.63400667137,26.3597090573,
5.96666666667,6.44053186073,26.3437663041,22.5,5.96666666667,5.64084919418,26.3611584048,
5.98333333333,6.4640344391,26.3394183025,,5.98333333333,5.64947672295,26.3626077534,
6,6.48694201549,26.3423169692,,6,5.65602174478,26.3655064539,18.5
6.01666666667,6.51520460973,26.3408676353,,6.01666666667,5.66226926561,26.3611584048,
6.03333333333,6.54108719603,26.3437663041,,6.03333333333,5.67059929339,26.3669558058,
6.05,6.5645897744,26.3452156401,,6.05,5.67506180827,26.3684051587,
6.06666666667,6.60028989345,26.3437663041,,6.06666666667,5.6813093291,26.3669558058,
6.08333333333,6.6279574857,26.3437663041,23,6.08333333333,5.69201936481,26.3684051587,
6.1,6.65681508193,26.3452156401,,6.1,5.6997543906,26.3698545128,
6.11666666667,6.691325197,26.3437663041,,6.11666666667,5.70778691739,26.3698545128,
6.13333333333,6.72791781902,26.3452156401,,6.13333333333,5.71254693326,26.3698545128,
6.15,6.76183293211,26.3437663041,,6.15,5.71790195112,26.3698545128,
6.16666666667,6.79128553032,26.346664977,23.5,6.16666666667,5.72861198683,26.3713038679,
6.18333333333,6.82520064341,26.3437663041,,6.18333333333,5.73664451361,26.3713038679,
6.2,6.86417327337,26.3452156401,,6.2,5.74378453742,26.3713038679,
6.21666666667,6.90463340828,26.3452156401,,6.21666666667,5.75032955925,26.3698545128,
6.23333333333,6.9486635551,26.3481143151,,6.23333333333,5.75746958306,26.3698545128,
6.25,6.99209869994,26.3452156401,,6.25,5.76490710786,26.3713038679,
6.26666666667,7.0343438408,26.346664977,,6.26666666667,5.77561714357,26.3727532241,
6.28333333333,7.08343150448,26.346664977,,6.28333333333,5.78335216936,26.3742025814,
6.3,7.13103166321,26.346664977,24,6.3,5.78900468821,26.3756519398,19.5
6.31666666667,7.19945689137,26.3481143151,,6.31666666667,5.80209473186,26.3742025814,
6.33333333333,7.26579961259,26.346664977,,6.33333333333,5.80744974971,26.3785506599,
6.35,7.34225736754,26.346664977,,6.35,5.81696978146,26.3785506599,
6.36666666667,7.42139263142,26.3452156401,,6.36666666667,5.82440730626,26.3814493844,
6.38333333333,7.50558541216,26.3452156401,,6.38333333333,5.83303483503,26.3814493844,20
6.4,7.60078572961,26.3452156401,,6.4,5.8416623638,26.3843481134,
6.41666666667,7.70669608277,26.3437663041,,6.41666666667,5.85385990447,26.3843481134,
6.43333333333,7.84086903017,26.3423169692,24.2,6.43333333333,5.85891742133,26.3872468468,
6.45,7.98039699542,26.3394183025,,6.45,5.87260246697,26.3828987483,
6.46666666667,8.16365760651,26.3394183025,,6.46666666667,5.8827175007,26.3886962152,
6.48333333333,8.36030576223,26.3423169692,,6.48333333333,5.88837001954,26.3901455847,
6.5,8.58105149831,26.3394183025,,6.5,5.89848505327,26.3901455847,20.2
6.51666666667,8.82113479887,26.3365196399,24.5,6.51666666667,5.90979009097,26.3901455847,
6.53333333333,9.06181310141,26.3350703101,,6.53333333333,5.91633511279,26.3901455847,
6.55,9.300706398,26.3379689707,,6.55,5.92883015446,26.3915949554,
6.56666666667,9.52948466087,26.330722327,,6.56666666667,5.93656518025,26.3930443272,
6.58333333333,9.75975042869,26.330722327,,6.58333333333,5.94489520803,26.3944937001,20.5
6.6,9.98436367766,26.326374353,24.7,6.6,5.95828275267,26.3930443272,
6.61666666667,10.193804376,26.3292730013,,6.61666666667,5.96512527548,26.3930443272,
6.63333333333,10.4112776012,26.3292730013,,6.63333333333,5.98595034493,26.4002912031,
6.65,10.5823406716,26.326374353,,6.65,5.99576787766,26.4046393425,20.7
6.66666666667,10.753403742,26.3234757086,,6.66666666667,6.0094529233,26.4017405818,
6.68333333333,10.9081042579,26.3234757086,25,6.68333333333,6.01570044413,26.4017405818,
6.7,11.0404921993,26.326374353,,6.7,6.02700548182,26.4002912031,
6.71666666667,11.165442616,26.317678432,,6.71666666667,6.03860802051,26.4002912031,
6.73333333333,11.2645104463,26.3191277497,,6.73333333333,6.0466405473,26.4002912031,21
6.75,11.3623882727,26.3147797996,,6.75,6.05259056714,26.4031899615,
6.76666666667,11.4668111209,26.317678432,,6.76666666667,6.06568061079,26.4046393425,
6.78333333333,11.5477313907,26.3147797996,,6.78333333333,6.07311813559,26.4046393425,
6.8,11.6176441238,26.3118811711,25.5,6.8,6.08055566039,26.4089874922,
6.81666666667,11.6789293282,26.3133304849,,6.81666666667,6.09007569213,26.4031899615,
6.83333333333,11.7357520177,26.3118811711,,6.83333333333,6.10227323281,26.4089874922,
6.85,11.797334723,26.3118811711,,6.85,6.11090076157,26.4060887245,21.2
6.86666666667,11.8410673689,26.3075332358,,6.86666666667,6.12339580324,26.4075381078,
6.88333333333,11.8794449968,26.3089825466,,6.88333333333,6.132320833,26.4104368777,
6.9,11.9130626089,26.3089825466,,6.9,6.14213836574,26.4075381078,
6.91666666667,11.9437052111,26.3060839259,26,6.91666666667,6.15225339946,26.4075381078,
6.93333333333,11.9669102885,26.3017360022,,6.93333333333,6.16117842923,26.4089874922,
6.95,11.9880328589,26.304634617,,6.95,6.17129346295,26.4075381078,21.5
6.96666666667,12.0100479323,26.3017360022,,6.96666666667,6.18408600561,26.4118862645,
6.98333333333,12.0371205226,26.3031853091,,6.98333333333,6.19747355025,26.4075381078,
7,12.0522930732,26.3017360022,26.2,7,6.20491107505,26.4060887245,
7.01666666667,12.0707381347,26.3002866962,,7.01666666667,6.21770361771,26.4104368777,
7.03333333333,12.0844231803,26.3002866962,,7.03333333333,6.22900865541,26.4089874922,
7.05,12.0990007289,26.2988373911,,7.05,6.24061119409,26.4104368777,
7.06666666667,12.1132807766,26.3002866962,,7.06666666667,6.25042872683,26.4060887245,
7.08333333333,12.1222058063,26.3002866962,,7.08333333333,6.26143626354,26.4089874922,
7.1,12.134700848,26.3002866962,26.5,7.1,6.27809631909,26.4075381078,
7.11666666667,12.1471958896,26.297388087,,7.11666666667,6.28850885381,26.4046393425,22
7.13333333333,12.1599884323,26.2959387839,,7.13333333333,6.29862388754,26.4060887245,
7.15,12.169805965,26.2959387839,,7.15,6.31201143218,26.4046393425,
7.16666666667,12.1817060047,26.2930401804,26.7,7.16666666667,6.32182896492,26.4046393425,
7.18333333333,12.1885485275,26.2915908801,,7.18333333333,6.33610901253,26.4075381078,22.2
7.2,12.1986635613,26.2915908801,,7.2,6.35009155916,26.4060887245,
7.21666666667,12.209671098,26.2930401804,,7.21666666667,6.36526410975,26.4060887245,
7.23333333333,12.2215711376,26.2944894817,27,7.23333333333,6.37924665638,26.4089874922,
7.25,12.2293061634,26.2886922823,,7.25,6.39263420102,26.4104368777,
7.26666666667,12.2409087021,26.2915908801,,7.26666666667,6.41048426054,26.4075381078,22.5
7.28333333333,12.245371217,26.2930401804,,7.28333333333,6.42565681113,26.4089874922,
7.3,12.2548912488,26.2901415807,27.2,7.3,6.44410187264,26.4133356524,
7.31666666667,12.2605437676,26.2857936882,,7.31666666667,6.46105942918,26.4133356524,
7.33333333333,12.2733363103,26.2843443926,,7.33333333333,6.47355447085,26.4118862645,22.7
7.35,12.282558841,26.2857936882,,7.35,6.49051202739,26.4162344317,
7.36666666667,12.2861288529,26.2872429848,27.5,7.36666666667,6.50984959187,26.4162344317,
7.38333333333,12.2926738747,26.2872429848,,7.38333333333,6.52561714445,26.4162344317,
7.4,12.3021939065,26.2857936882,,7.4,6.54495470893,26.4162344317,
7.41666666667,12.3090364293,26.2828950979,,7.41666666667,6.56310226944,26.4191332157,23
7.43333333333,12.319448964,26.2828950979,27.7,7.43333333333,6.59433987361,26.4176838231,
7.45,12.32123397,26.2828950979,,7.45,6.61427244007,26.4191332157,
7.46666666667,12.3271839898,26.2799965112,,7.46666666667,6.63420500654,26.4205826095,
7.48333333333,12.3352165166,26.2799965112,,7.48333333333,6.65205506606,26.4205826095,
7.5,12.3399765325,26.2814458041,28,7.5,6.67407013947,26.4176838231,
7.51666666667,12.3491990632,26.2799965112,,7.51666666667,6.69459770792,26.4205826095,
7.53333333333,12.3539590791,26.2799965112,,7.53333333333,6.71720778331,26.4191332157,23.2
7.55,12.3542565801,26.2785472192,,7.55,6.74011535969,26.4205826095,
7.56666666667,12.3619916059,26.2785472192,,7.56666666667,6.76570044501,26.4176838231,
7.58333333333,12.3712141366,26.2785472192,28.2,7.58333333333,6.79307053627,26.4205826095,
7.6,12.3777591585,26.2770979282,,7.6,6.82163063151,26.4205826095,
7.61666666667,12.3825191743,26.2785472192,,7.61666666667,6.84602571285,26.4191332157,
7.63333333333,12.3872791902,26.2770979282,,7.63333333333,6.8742883071,26.4191332157,
7.65,12.3917417051,26.2770979282,,7.65,6.89808838646,26.4191332157,
7.66666666667,12.3967992219,26.2770979282,28.5,7.66666666667,6.92278096879,26.4191332157,23.5
7.68333333333,12.4015592378,26.275648638,,7.68333333333,6.95401857296,26.4205826095,
7.7,12.4107817686,26.2770979282,,7.7,6.9822811672,26.4191332157,
7.71666666667,12.4116742715,26.2770979282,,7.71666666667,7.01143626442,26.4205826095,
7.73333333333,12.4158392854,26.275648638,28.7,7.73333333333,7.04118636362,26.4205826095,
7.75,12.4241693132,26.275648638,,7.75,7.07242396778,26.4191332157,
7.76666666667,12.4298218321,26.2741993488,,7.76666666667,7.10693408285,26.4234814006,
7.78333333333,12.4342843469,26.2741993488,,7.78333333333,7.14174169892,26.4220320045,
7.8,12.4345818479,26.2727500605,29,7.8,7.17565681201,26.4205826095,
7.81666666667,12.4390443628,26.2727500605,,7.81666666667,7.22057946181,26.4205826095,
7.83333333333,12.4441018797,26.2727500605,,7.83333333333,7.26103959672,26.4205826095,
7.85,12.4497543985,26.2741993488,,7.85,7.29971472568,26.4191332157,24
7.86666666667,12.4533244104,26.2727500605,,7.86666666667,7.34314987052,26.4191332157,
7.88333333333,12.4557044184,26.271300773,,7.88333333333,7.39342753817,26.4205826095,
7.9,12.4625469412,26.2684022009,,7.9,7.44935772467,26.4162344317,
7.91666666667,12.4673069571,26.271300773,,7.91666666667,7.50261040224,26.4191332157,
7.93333333333,12.4714719709,26.2669529162,29.5,7.93333333333,7.55824308775,26.4176838231,
7.95,12.4723644739,26.2669529162,,7.95,7.61536327822,26.4176838231,24.2
7.96666666667,12.4765294878,26.2669529162,,7.96666666667,7.67873098952,26.4162344317,
7.98333333333,12.4803970007,26.2655036323,,7.98333333333,7.75161873256,26.4176838231,
8,12.4860495196,26.2655036323,,8,7.84205903413,26.4162344317,
8.01666666667,12.4905120344,26.2640543494,,8.01666666667,7.92208680099,26.4162344317,
8.03333333333,12.4911070364,26.2611557861,,8.03333333333,8.01341960554,26.4176838231,
8.05,12.4955695513,26.2640543494,,8.05,8.11397494084,26.4176838231,24.5
8.06666666667,12.5012220701,26.2640543494,30,8.06666666667,8.2273228188,26.4162344317,
8.08333333333,12.505089583,26.2626050673,,8.08333333333,8.35673575033,26.4162344317,
8.1,12.506874589,26.2597065058,,8.1,8.4995362265,26.4147850414,
8.11666666667,12.5098495989,26.2582572264,,8.11666666667,8.64590671457,26.4147850414,
8.13333333333,12.5143121138,26.2568079478,,8.13333333333,8.7976322205,26.4147850414,
8.15,12.5184771277,26.2582572264,,8.15,8.95471274429,26.4162344317,
8.16666666667,12.5238321455,26.2553586701,,8.16666666667,9.12131329982,26.4147850414,24.7
8.18333333333,12.5247246485,26.2539093933,,8.18333333333,9.2896988613,26.4162344317,
8.2,12.5285921614,26.2582572264,,8.2,9.45094439897,26.4089874922,
8.21666666667,12.5291871634,26.2568079478,,8.21666666667,9.61962746145,26.4104368777,
8.23333333333,12.5372196902,26.2539093933,,8.23333333333,9.77641048424,26.4104368777,
8.25,12.5390046961,26.2539093933,,8.25,9.92545848124,26.4104368777,
8.26666666667,12.542872209,26.2539093933,,8.26666666667,10.0673664544,26.4118862645,
8.28333333333,12.5473347239,26.2553586701,,8.28333333333,10.2208769663,26.4104368777,25
8.3,12.5479297259,26.2553586701,,8.3,10.3553474147,26.4089874922,
8.31666666667,12.5514997378,26.2539093933,,8.31666666667,10.4892228611,26.4089874922,
8.33333333333,12.5526897418,26.2524601173,,8.33333333333,10.6082232579,26.4075381078,
8.35,12.5577472586,26.2524601173,,8.35,10.7290086607,26.4075381078,
8.36666666667,12.5616147715,26.2524601173,,8.36666666667,10.8432490416,26.4075381078,
8.38333333333,12.5642922805,26.2524601173,31,8.38333333333,10.9435068759,26.4089874922,
8.4,12.5663747874,26.2539093933,,8.4,11.0375171894,26.4060887245,
8.41666666667,12.5672672904,26.2524601173,,8.41666666667,11.1237924771,26.4089874922,
8.43333333333,12.5744073142,26.2539093933,,8.43333333333,11.202332739,26.4060887245,
8.45,12.5761923201,26.2524601173,,8.45,11.277897991,26.4060887245,
8.46666666667,12.579464831,26.2510108423,,8.46666666667,11.350785734,26.4031899615,
8.48333333333,12.582737342,26.249561568,,8.48333333333,11.426053485,26.4046393425,
8.5,12.5854148509,26.2481122947,,8.5,11.4855536834,26.4031899615,
8.51666666667,12.5860098529,26.2452137505,,8.51666666667,11.5355338501,26.4031899615,
8.53333333333,12.5877948588,26.2452137505,,8.53333333333,11.5861090187,26.4046393425,
8.55,12.5901748668,26.2437644797,31.5,8.55,11.6316266705,26.4017405818,25.5
8.56666666667,12.5955298846,26.2423152097,,8.56666666667,11.6744668133,26.4002912031,
8.58333333333,12.5993973975,26.2423152097,,8.58333333333,11.7086794274,26.4017405818,
8.6,12.5999923995,26.2423152097,,8.6,11.7428920415,26.3959430741,
8.61666666667,12.6041574134,26.2394166723,,8.61666666667,11.7687746278,26.3988418257,
8.63333333333,12.6044549144,26.2408659406,,8.63333333333,11.7940622121,26.3988418257,
8.65,12.6098099322,26.2365181383,,8.65,11.8208373014,26.3959430741,
8.66666666667,12.6118924392,26.2379674049,,8.66666666667,11.8446373808,26.3959430741,
8.68333333333,12.6139749461,26.2365181383,,8.68333333333,11.8627849413,26.3959430741,
8.7,12.618437461,26.2365181383,,8.7,11.8824200067,26.4002912031,
8.71666666667,12.618437461,26.2350688725,,8.71666666667,11.8972950563,26.3959430741,
8.73333333333,12.6270649898,26.2350688725,32,8.73333333333,11.9103851,26.3944937001,
8.75,12.6368825225,26.2336196075,,8.75,11.9246651476,26.3988418257,
8.76666666667,12.6377750255,26.2350688725,,8.76666666667,11.9434077101,26.3930443272,26
8.78333333333,12.6410475364,26.2336196075,,8.78333333333,11.9556052508,26.3915949554,
8.8,12.6422375404,26.2336196075,,8.8,11.9660177855,26.3930443272,
8.81666666667,12.6467000552,26.2307210801,,8.81666666667,11.9761328192,26.3930443272,
8.83333333333,12.6514600711,26.2321703434,,8.83333333333,11.9868428549,26.3886962152,
8.85,12.654435081,26.2292718177,,8.85,11.9999328986,26.3872468468,
8.86666666667,12.655625085,26.2336196075,32.5,8.86666666667,12.0094529303,26.3901455847,
8.88333333333,12.656220087,26.2321703434,,8.88333333333,12.023732978,26.3843481134,
8.9,12.656220087,26.2307210801,,8.9,12.0329555087,26.3872468468,
8.91666666667,12.6583025939,26.2292718177,,8.91666666667,12.0442605464,26.3843481134,26.2
8.93333333333,12.6609801029,26.2307210801,,8.93333333333,12.0519955722,26.3843481134,
8.95,12.6645501148,26.2307210801,,8.95,12.060920602,26.3828987483,
8.96666666667,12.6657401187,26.2292718177,,8.96666666667,12.0695481307,26.3828987483,
8.98333333333,12.6663351207,26.2263732952,,8.98333333333,12.0754981506,26.3843481134,
9,12.6705001346,26.2263732952,,9,12.0853156833,26.3828987483,
9.01666666667,12.6752601505,26.227822556,,9.01666666667,12.0945382141,26.3800000216,
9.03333333333,12.6761526535,26.2263732952,,9.03333333333,12.0995957309,26.3771012993,
9.05,12.6797226654,26.2249240351,33,9.05,12.1085207607,26.3814493844,
9.06666666667,12.6797226654,26.2263732952,,9.06666666667,12.1132807766,26.3785506599,26.5
9.08333333333,12.6809126693,26.2234747759,,9.08333333333,12.1230983093,26.3814493844,
9.1,12.6835901783,26.2234747759,,9.1,12.1278583252,26.3814493844,
9.11666666667,12.6868626892,26.2263732952,,9.11666666667,12.134105846,26.3800000216,
9.13333333333,12.6892426971,26.2234747759,,9.13333333333,12.1421383728,26.3785506599,
9.15,12.692515208,26.2234747759,,9.15,12.1501708996,26.3814493844,
9.16666666667,12.694002713,26.2205762599,,9.16666666667,12.1543359135,26.3785506599,
9.18333333333,12.694002713,26.2220255175,,9.18333333333,12.1614759373,26.3756519398,
9.2,12.694895216,26.2191270031,,9.2,12.1656409511,26.3771012993,26.7
9.21666666667,12.6975727249,26.2205762599,33.5,9.21666666667,12.1739709789,26.3742025814,
9.23333333333,12.6984652279,26.2205762599,,9.23333333333,12.1769459888,26.3771012993,
9.25,12.6987627288,26.2191270031,,9.25,12.1840860127,26.3756519398,
9.26666666667,12.7032252437,26.2191270031,,9.26666666667,12.1888460285,26.3742025814,
9.28333333333,12.7038202457,26.2176777471,,9.28333333333,12.1977710583,26.3756519398,
9.3,12.7053077507,26.2191270031,,9.3,12.2031260761,26.3756519398,
9.31666666667,12.7103652675,26.2133299839,,9.31666666667,12.206993589,26.3742025814,
9.33333333333,12.7127452755,26.2147792375,,9.33333333333,12.2102661,26.3713038679,27
9.35,12.7127452755,26.211880731,,9.35,12.2203811337,26.3727532241,
9.36666666667,12.7130427765,26.2133299839,34,9.36666666667,12.2227611416,26.3727532241,
9.38333333333,12.7157202854,26.210431479,,9.38333333333,12.2269261555,26.3742025814,
9.4,12.7175052913,26.211880731,,9.4,12.2322811734,26.3727532241,
9.41666666667,12.7183977943,26.211880731,,9.41666666667,12.2388261952,26.3727532241,
9.43333333333,12.7222653072,26.210431479,,9.43333333333,12.243883712,26.3727532241,
9.45,12.7240503132,26.2060837275,,9.45,12.2495362309,26.3727532241,
9.46666666667,12.7261328201,26.2031852304,,9.46666666667,12.2501312329,26.3756519398,
9.48333333333,12.7273228241,26.2060837275,,9.48333333333,12.2593537636,26.3713038679,
9.5,12.729405331,26.2031852304,,9.5,12.2608412686,26.3698545128,27.5
9.51666666667,12.731487838,26.1988374906,,9.51666666667,12.2658987855,26.3713038679,
9.53333333333,12.731785339,26.2017359831,34.5,9.53333333333,12.2700637993,26.3713038679,
9.55,12.7347603489,26.1988374906,,9.55,12.2783938271,26.3713038679,
9.56666666667,12.7362478538,26.1973882455,,9.56666666667,12.2786913281,26.3713038679,
9.58333333333,12.7362478538,26.1973882455,,9.58333333333,12.283153843,26.3713038679,
9.6,12.7368428558,26.1988374906,,9.6,12.2852363499,26.3713038679,
9.61666666667,12.7395203648,26.1959390011,,9.61666666667,12.2902938668,26.3698545128,27.7
9.63333333333,12.7410078697,26.1944897575,,9.63333333333,12.2941613797,26.3713038679,
9.65,12.7416028717,26.1944897575,,9.65,12.3004089005,26.3713038679,
9.66666666667,12.7439828796,26.1959390011,,9.66666666667,12.3021939065,26.3727532241,
9.68333333333,12.7466603886,26.1973882455,,9.68333333333,12.3063589204,26.3698545128,
9.7,12.7493378975,26.1901420312,,9.7,12.3114164372,26.3698545128,
9.71666666667,12.7508254025,26.1930405147,35,9.71666666667,12.3134989442,26.3713038679,
9.73333333333,12.7514204044,26.1886927906,,9.73333333333,12.320936469,26.3713038679,28
9.75,12.7538004124,26.1901420312,,9.75,12.321828972,26.3698545128,
9.76666666667,12.7552879173,26.1901420312,,9.76666666667,12.3256964849,26.3698545128,
9.78333333333,12.7555854183,26.1872435508,,9.78333333333,12.3259939858,26.3713038679,
9.8,12.7555854183,26.1886927906,,9.8,12.3325390077,26.3698545128,
9.81666666667,12.7573704243,26.1872435508,,9.81666666667,12.3352165166,26.3698545128,
9.83333333333,12.7597504322,26.1872435508,,9.83333333333,12.3390840295,26.3698545128,
9.85,12.7609404362,26.1857943116,35.5,9.85,12.3408690354,26.3698545128,
9.86666666667,12.7642129471,26.1857943116,,9.86666666667,12.3491990632,26.3698545128,
9.88333333333,12.7651054501,26.1843450733,,9.88333333333,12.3497940652,26.3698545128,
9.9,12.7651054501,26.1857943116,,9.9,12.3539590791,26.3698545128,
9.91666666667,12.767782959,26.1857943116,,9.91666666667,12.3545540811,26.3698545128,28.2
9.93333333333,12.769270464,26.1843450733,,9.93333333333,12.359016596,26.3698545128,
9.95,12.769270464,26.1843450733,,9.95,12.3605041009,26.3698545128,
9.96666666667,12.769270464,26.1828958356,,9.96666666667,12.3649666158,26.3698545128,
9.98333333333,12.7713529709,26.1843450733,,9.98333333333,12.3706191347,26.3698545128,
10,12.7731379769,26.1814465987,,10,12.3732966436,26.3698545128,
10.0166666667,12.7740304798,26.1814465987,,10.0166666667,12.3771641565,26.3698545128,
10.0333333333,12.7746254818,26.1770988922,36,10.0333333333,12.3777591585,26.3698545128,
10.05,12.7767079888,26.1799973625,,10.05,12.3804366674,26.3684051587,28.5
10.0666666667,12.7787904957,26.1814465987,,10.0666666667,12.3851966833,26.3669558058,
10.0833333333,12.7790879967,26.1770988922,,10.0833333333,12.3878741922,26.3698545128,
10.1,12.7799804997,26.178548127,,10.1,12.3908492021,26.3698545128,
10.1166666667,12.7820630066,26.1770988922,,10.1166666667,12.3926342081,26.3698545128,
10.1333333333,12.7844430145,26.1756496582,,10.1333333333,12.394121713,26.3698545128,
10.15,12.7865255215,26.1742004249,,10.15,12.3997742319,26.3669558058,
10.1666666667,12.7880130265,26.1742004249,,10.1666666667,12.4012617368,26.3684051587,
10.1833333333,12.7883105274,26.1742004249,,10.1833333333,12.4033442438,26.3684051587,
10.2,12.7886080284,26.1727511923,,10.2,12.4069142557,26.3684051587,
10.2166666667,12.7886080284,26.1727511923,,10.2166666667,12.4107817686,26.3669558058,
10.2333333333,12.7909880364,26.1742004249,,10.2333333333,12.4107817686,26.3669558058,
10.25,12.7927730423,26.1698527292,,10.25,12.4158392854,26.3684051587,
10.2666666667,12.7936655453,26.1713019604,,10.2666666667,12.4164342874,26.3640571031,
10.2833333333,12.7951530503,26.1713019604,,10.2833333333,12.4247643152,26.3669558058,
10.3,12.7975330582,26.1669542689,,10.3,12.4301193331,26.3669558058,
10.3166666667,12.7984255612,26.1684034987,,10.3166666667,12.4342843469,26.3669558058,
10.3333333333,12.8014005711,26.1669542689,,10.3333333333,12.4390443628,26.3640571031,
10.35,12.8016980721,26.1669542689,,10.35,12.4482668936,26.3640571031,
10.3666666667,12.8028880761,26.1655050398,,10.3666666667,12.4530269094,26.3655064539,
10.3833333333,12.8028880761,26.1669542689,,10.3833333333,12.4542169134,26.3684051587,
10.4,12.80407808,26.1669542689,,10.4,12.4607619352,26.3626077534,
10.4166666667,12.806755589,26.1669542689,,10.4166666667,12.4652244501,26.3640571031,
10.4333333333,12.8070530899,26.1655050398,,10.4333333333,12.47117447,26.3626077534,
10.45,12.8070530899,26.1655050398,,10.45,12.4720669729,26.3582597108,
10.4666666667,12.8079455929,26.1655050398,,10.4666666667,12.4768269888,26.3611584048,
10.4833333333,12.8079455929,26.1655050398,,10.4833333333,12.4842645136,26.3640571031,
10.5,12.8106231018,26.1626065838,,10.5,12.4866445215,26.3582597108,
10.5166666667,12.8118131058,26.1640558114,,10.5166666667,12.4908095354,26.3597090573,
10.5333333333,12.8121106068,26.1626065838,,10.5333333333,12.4949745493,26.3568103654,
10.55,12.8124081078,26.1611573567,,10.55,12.5006270682,26.3597090573,
10.5666666667,12.8133006108,26.1626065838,,10.5666666667,12.505089583,26.3597090573,
10.5833333333,12.8156806187,26.1626065838,,10.5833333333,12.506577088,26.3611584048,
10.6,12.8168706227,26.1626065838,,10.6,12.5146096148,26.3582597108,
10.6166666667,12.8168706227,26.1626065838,,10.6166666667,12.5193696307,26.3597090573,
10.6333333333,12.8216306386,26.1626065838,,10.6333333333,12.5205596346,26.3582597108,
10.65,12.8257956524,26.1611573567,,10.65,12.5250221495,26.3597090573,
10.6666666667,12.8260931534,26.1611573567,,10.6666666667,12.5288896624,26.3597090573,
10.6833333333,12.8260931534,26.1611573567,,10.6833333333,12.5339471793,26.3597090573,
10.7,12.8263906544,26.1611573567,,10.7,12.5381121932,26.3582597108,
10.7166666667,12.8272831574,26.1626065838,,10.7166666667,12.542872209,26.3568103654,
10.7333333333,12.8296631653,26.1611573567,,10.7333333333,12.5473347239,26.3568103654,
10.75,12.8308531693,26.1611573567,,10.75,12.5476322249,26.355361021,
10.7666666667,12.8308531693,26.1611573567,,10.7666666667,12.5523922408,26.3582597108,
10.7833333333,12.8308531693,26.1626065838,,10.7833333333,12.5565572547,26.3524623355,
10.8,12.8314481713,26.1611573567,,10.8,12.5616147715,26.3539116777,
10.8166666667,12.8347206822,26.1611573567,,10.8166666667,12.5616147715,26.355361021,
10.8333333333,12.8356131852,26.1611573567,,10.8333333333,12.5663747874,26.3539116777,
10.85,12.8376956921,26.1611573567,,10.85,12.5711348033,26.3568103654,
10.8666666667,12.8400757001,26.1611573567,,10.8666666667,12.5755973182,26.355361021,
10.8833333333,12.840373201,26.1611573567,,10.8833333333,12.5785723281,26.3524623355,
10.9,12.840670702,26.1611573567,,10.9,12.581547338,26.355361021,
10.9166666667,12.84305071,26.1611573567,,10.9166666667,12.5854148509,26.3524623355,
10.9333333333,12.8448357159,26.1611573567,,10.9333333333,12.5857123519,26.3524623355,
10.95,12.8451332169,26.1611573567,,10.95,12.5901748668,26.3524623355,
10.9666666667,12.8457282189,26.1611573567,,10.9666666667,12.5940423797,26.3510129943,
10.9833333333,12.8490007298,26.1611573567,,10.9833333333,12.5993973975,26.3495636542,
11,12.8495957318,26.1611573567,,11,12.6002899005,26.3481143151,
11.0166666667,12.8495957318,26.1611573567,,11.0166666667,12.6041574134,26.3495636542,
11.0333333333,12.8498932328,26.1611573567,,11.0333333333,12.6047524154,26.3510129943,
11.05,12.8501907338,26.1611573567,,11.05,12.6101074332,26.3495636542,
11.0666666667,12.8534632447,26.1611573567,,11.0666666667,12.6136774451,26.3481143151,
11.0833333333,12.8543557477,26.1597081304,,11.0833333333,12.616652455,26.3510129943,
11.1,12.8543557477,26.1611573567,,11.1,12.618734962,26.3495636542,
11.1166666667,12.8549507497,26.1611573567,,11.1166666667,12.6348000156,26.3495636542,
11.1333333333,12.8570332566,26.1597081304,,11.1333333333,12.6377750255,26.3495636542,
11.15,12.8597107655,26.1611573567,,11.15,12.6419400394,26.3481143151,
11.1666666667,12.8620907735,26.1582589048,,11.1666666667,12.6440225463,26.346664977,
11.1833333333,12.8638757794,26.1582589048,,11.1833333333,12.6467000552,26.346664977,
11.2,12.8641732804,26.1611573567,,11.2,12.6514600711,26.3481143151,
11.2166666667,12.8638757794,26.1582589048,,11.2166666667,12.654732582,26.3481143151,
11.2333333333,12.8641732804,26.1568096798,,11.2333333333,12.656220087,26.3481143151,
11.25,12.8659582864,26.1568096798,,11.25,12.656815089,26.346664977,
11.2666666667,12.8677432923,26.1553604556,,11.2666666667,12.6609801029,26.3481143151,
11.2833333333,12.8686357953,26.153911232,,11.2833333333,12.6621701068,26.3481143151,
11.3,12.8686357953,26.1524620091,,11.3,12.6657401187,26.346664977,
11.3166666667,12.8692307973,26.1524620091,,11.3166666667,12.6675251247,26.346664977,
11.3333333333,12.8713133042,26.1524620091,,11.3333333333,12.6722851406,26.346664977,
11.35,12.8733958112,26.153911232,,11.35,12.6749626495,26.346664977,
11.3666666667,12.8742883141,26.1510127868,,11.3666666667,12.6776401584,26.346664977,
11.3833333333,12.8766683221,26.1524620091,,11.3833333333,12.6797226654,26.346664977,
11.4,12.877858326,26.1495635652,,11.4,12.6800201664,26.346664977,
11.4166666667,12.878155827,26.1466651241,,11.4166666667,12.6841851802,26.346664977,
11.4333333333,12.878453328,26.1481143443,,11.4333333333,12.6895401981,26.346664977,
11.45,12.880238334,26.1495635652,,11.45,12.6895401981,26.3452156401,
11.4666666667,12.8829158429,26.1466651241,,11.4666666667,12.692812709,26.3452156401,
11.4833333333,12.8826183419,26.1466651241,,11.4833333333,12.694002713,26.346664977,
11.5,12.8835108449,26.1452159045,,11.5,12.694895216,26.346664977,
11.5166666667,12.8844033479,26.1481143443,,11.5166666667,12.6984652279,26.346664977,
11.5333333333,12.8864858548,26.1423174672,,11.5333333333,12.6993577308,26.346664977,
11.55,12.8873783578,26.1437666855,,11.55,12.7020352398,26.346664977,
11.5666666667,12.8873783578,26.1408682496,,11.5666666667,12.7035227447,26.346664977,
11.5833333333,12.8873783578,26.1408682496,,11.5833333333,12.7079852596,26.3437663041,
11.6,12.8873783578,26.1394190326,,11.6,12.7097702656,26.3452156401,
11.6166666667,12.8885683618,26.1394190326,,11.6166666667,12.7127452755,26.3452156401,
11.6333333333,12.8897583657,26.1379698163,,11.6333333333,12.7127452755,26.3452156401,
11.65,12.8921383737,26.1379698163,,11.65,12.7169102894,26.3423169692,
11.6666666667,12.8921383737,26.1394190326,,11.6666666667,12.7178027923,26.3452156401,
11.6833333333,12.8927333756,26.1379698163,,11.6833333333,12.7210753032,26.3423169692,
11.7,12.8936258786,26.1394190326,,11.7,12.7240503132,26.3408676353,
11.7166666667,12.8954108846,26.1394190326,,11.7166666667,12.7267278221,26.3423169692,
11.7333333333,12.8966008885,26.1365206006,,11.7333333333,12.7279178261,26.3394183025,
11.75,12.8992783975,26.1365206006,,11.75,12.730892836,26.3379689707,
11.7666666667,12.9004684014,26.1350713855,,11.7666666667,12.731785339,26.3379689707,
11.7833333333,12.9016584054,26.1379698163,,11.7833333333,12.7353553509,26.3379689707,
11.8,12.9016584054,26.1350713855,,11.8,12.7362478538,26.3394183025,
11.8166666667,12.9022534074,26.1350713855,,11.8166666667,12.7362478538,26.3365196399,
11.8333333333,12.9028484094,26.1336221711,,11.8333333333,12.7377353588,26.3379689707,
11.85,12.9055259183,26.1263761085,,11.85,12.7398178657,26.3365196399,
11.8666666667,12.9064184213,26.1307237442,,11.8666666667,12.7410078697,26.3350703101,
11.8833333333,12.9064184213,26.1307237442,,11.8833333333,12.7448753826,26.3336209814,
11.9,12.9064184213,26.1278253198,,11.9,12.7463628876,26.330722327,
11.9166666667,12.9067159223,26.1278253198,,11.9166666667,12.7499328995,26.330722327,
11.9333333333,12.9067159223,26.1292745317,,11.9333333333,12.7508254025,26.3350703101,
11.95,12.9070134233,26.1263761085,,11.95,12.7535029114,26.330722327,
11.9666666667,12.9087984292,26.1263761085,,11.9666666667,12.7552879173,26.3365196399,
11.9833333333,12.9105834352,26.1307237442,,11.9833333333,12.7552879173,26.3321716537,
12,12.9114759381,26.1263761085,,12,12.7552879173,26.3379689707,
12.0166666667,12.9144509481,26.1278253198,,12.0166666667,12.7594529312,26.3321716537,
12.0333333333,12.91504595,26.1263761085,,12.0333333333,12.7624279411,26.3321716537,
12.05,12.915938453,26.1278253198,,12.05,12.7645104481,26.330722327,
12.0666666667,12.915640952,26.1292745317,,12.0666666667,12.7651054501,26.3321716537,
12.0833333333,12.916235954,26.1234776878,,12.0833333333,12.766295454,26.3350703101,
12.1,12.917425958,26.1263761085,,12.1,12.769270464,26.3336209814,
12.1166666667,12.91802096,26.1249268979,,12.1166666667,12.769270464,26.3336209814,
12.1333333333,12.9198059659,26.1263761085,,12.1333333333,12.769270464,26.330722327,
12.15,12.9204009679,26.1263761085,,12.15,12.7716504719,26.3278236766,
12.1666666667,12.9204009679,26.1249268979,,12.1666666667,12.7740304798,26.326374353,
12.1833333333,12.9204009679,26.1234776878,,12.1833333333,12.7752204838,26.3292730013,
12.2,12.9206984689,26.1234776878,,12.2,12.7776004917,26.3234757086,
12.2166666667,12.9204009679,26.1220284784,,12.2166666667,12.7787904957,26.3234757086,
12.2333333333,12.9248634828,26.1234776878,,12.2333333333,12.7802780007,26.3249250303,
12.25,12.9251609838,26.1249268979,,12.25,12.7826580086,26.3249250303,
12.2666666667,12.9212934709,26.1191300614,,12.2666666667,12.7850380165,26.322026388,
12.2833333333,12.9251609838,26.1249268979,,12.2833333333,12.7877155255,26.317678432,
12.3,12.9251609838,26.1249268979,,12.3,12.7883105274,26.3205770683,
12.3166666667,12.9260534867,26.1205792696,,12.3166666667,12.7883105274,26.3249250303,
12.3333333333,12.9278384927,26.1205792696,,12.3333333333,12.7889055294,26.3234757086,
12.35,12.9296234987,26.1234776878,,12.35,12.7921780403,26.322026388,
12.3666666667,12.9299209996,26.1205792696,,12.3666666667,12.7930705433,26.3191277497,
12.3833333333,12.9302185006,26.1205792696,,12.3833333333,12.7933680443,26.317678432,
12.4,12.9308135026,26.1191300614,,12.4,12.7972355572,26.3205770683,
12.4166666667,12.9337885125,26.1191300614,,12.4166666667,12.7990205632,26.3133304849,
12.4333333333,12.9346810155,26.1191300614,,12.4333333333,12.8025905751,26.322026388,
12.45,12.9355735185,26.1205792696,,12.45,12.8028880761,26.3147797996,
12.4666666667,12.9367635225,26.1191300614,,12.4666666667,12.8025905751,26.3162291153,
12.4833333333,12.9394410314,26.1191300614,,12.4833333333,12.805268084,26.3147797996,
12.5,12.9394410314,26.1191300614,,12.5,12.8070530899,26.317678432,
12.5166666667,12.9394410314,26.1162316469,,12.5166666667,12.8070530899,26.3147797996,
12.5333333333,12.9394410314,26.1162316469,,12.5333333333,12.8070530899,26.3133304849,
12.55,12.9397385324,26.1162316469,,12.55,12.8085405949,26.3147797996,
12.5666666667,12.9400360334,26.1162316469,,12.5666666667,12.8106231018,26.3104318584,
12.5833333333,12.9412260373,26.1162316469,,12.5833333333,12.8118131058,26.3133304849,
12.6,12.9433085443,26.1147824405,,12.6,12.8127056088,26.3118811711,
12.6166666667,12.9442010473,26.1147824405,,12.6166666667,12.8141931138,26.3104318584,
12.6333333333,12.9442010473,26.1147824405,,12.6333333333,12.8162756207,26.3118811711,
12.65,12.9444985483,26.1147824405,,12.65,12.8168706227,26.3060839259,
12.6666666667,12.9450935502,26.1147824405,,12.6666666667,12.8177631257,26.3075332358,
12.6833333333,12.9462835542,26.1147824405,,12.6833333333,12.8198456326,26.3075332358,
12.7,12.9480685602,26.1147824405,,12.7,12.8219281395,26.3075332358,
12.7166666667,12.9486635621,26.1133332347,,12.7166666667,12.8254981514,26.3089825466,
12.7333333333,12.9501510671,26.1147824405,,12.7333333333,12.8260931534,26.304634617,
12.75,12.953126077,26.1147824405,,12.75,12.8263906544,26.3060839259,
12.7666666667,12.953423578,26.1147824405,,12.7666666667,12.8278781594,26.3031853091,
12.7833333333,12.953423578,26.1147824405,,12.7833333333,12.8308531693,26.3060839259,
12.8,12.953423578,26.1133332347,,12.8,12.8311506703,26.304634617,
12.8166666667,12.953721079,26.1133332347,,12.8166666667,12.8308531693,26.304634617,
12.8333333333,12.954911083,26.1147824405,,12.8333333333,12.8314481713,26.3060839259,
12.85,12.9563985879,26.1118840295,,12.85,12.8323406743,26.304634617,
12.8666666667,12.9569935899,26.1147824405,,12.8666666667,12.8353156842,26.3031853091,
12.8833333333,12.9581835939,26.1133332347,,12.8833333333,12.8365056882,26.304634617,
12.9,12.9581835939,26.1133332347,,12.9,12.8397781991,26.3031853091,
12.9166666667,12.9584810949,26.1118840295,,12.9166666667,12.8400757001,26.304634617,
12.9333333333,12.9581835939,26.1104348249,,12.9333333333,12.840373201,26.3031853091,
12.95,12.9584810949,26.1118840295,,12.95,12.841563205,26.304634617,
12.9666666667,12.9587785959,26.1118840295,,12.9666666667,12.843645712,26.3017360022,
12.9833333333,12.9599685998,26.1133332347,,12.9833333333,12.8448357159,26.304634617,
13,12.9620511068,26.1104348249,,13,12.8451332169,26.3002866962,
13.0166666667,12.9623486078,26.1075364175,,13.0166666667,12.8457282189,26.3031853091,
13.0333333333,12.9629436098,26.1118840295,,13.0333333333,12.8490007298,26.3017360022,
13.05,12.9632411108,26.1104348249,,13.05,12.8495957318,26.304634617,
13.0666666667,12.9635386117,26.1104348249,,13.0666666667,12.8495957318,26.3031853091,
13.0833333333,12.9641336137,26.1104348249,,13.0833333333,12.8498932328,26.304634617,
13.1,12.9662161207,26.1075364175,,13.1,12.8507857358,26.3017360022,
13.1166666667,12.9671086236,26.1104348249,,13.1166666667,12.8540582467,26.304634617,
13.1333333333,12.9677036256,26.1104348249,,13.1333333333,12.8543557477,26.3031853091,
13.15,12.9677036256,26.1075364175,,13.15,12.8546532487,26.304634617,
13.1666666667,12.9677036256,26.1075364175,,13.1666666667,12.8558432526,26.3031853091,
13.1833333333,12.9682986276,26.1089856209,,13.1833333333,12.8591157635,26.304634617,
13.2,12.9691911306,26.1060872147,,13.2,12.8600082665,26.304634617,
13.2166666667,12.9700836336,26.1075364175,,13.2166666667,12.8623882745,26.3017360022,
13.2333333333,12.9721661405,26.1075364175,,13.2333333333,12.8638757794,26.3060839259,
13.25,12.9733561445,26.1060872147,,13.25,12.8641732804,26.3031853091,
13.2666666667,12.9733561445,26.1060872147,,13.2666666667,12.8638757794,26.3031853091,
13.2833333333,12.9748436494,26.1031888107,,13.2833333333,12.8641732804,26.3060839259,
13.3,12.9766286554,26.1031888107,,13.3,12.8656607854,26.3017360022,
13.3166666667,12.9772236574,26.1031888107,,13.3166666667,12.8680407933,26.304634617,
13.3333333333,12.9772236574,26.1031888107,,13.3333333333,12.8686357953,26.304634617,
13.35,12.9772236574,26.1046380124,,13.35,12.8689332963,26.304634617,
13.3666666667,12.9775211584,26.1031888107,,13.3666666667,12.8710158032,26.3017360022,
13.3833333333,12.9781161604,26.1017396097,,13.3833333333,12.8730983102,26.3017360022,
13.4,12.9787111623,26.1031888107,,13.4,12.8739908131,26.304634617,
13.4166666667,12.9804961683,26.1017396097,,13.4166666667,12.8766683221,26.3002866962,
13.4333333333,12.9813886713,26.1002904091,,13.4333333333,12.878155827,26.3031853091,
13.45,12.9816861723,26.1031888107,,13.45,12.877858326,26.3017360022,
13.4666666667,12.9816861723,26.1017396097,,13.4666666667,12.878750829,26.3031853091,
13.4833333333,12.9816861723,26.1031888107,,13.4833333333,12.880535835,26.3017360022,
13.5,12.9816861723,26.1002904091,,13.5,12.8823208409,26.3017360022,
13.5166666667,12.9819836732,26.1031888107,,13.5166666667,12.8826183419,26.3017360022,
13.5333333333,12.9819836732,26.0973920098,,13.5333333333,12.8829158429,26.3017360022,
13.55,12.9822811742,26.1002904091,,13.55,12.8838083459,26.3031853091,
13.5666666667,12.9831736772,26.1002904091,,13.5666666667,12.8864858548,26.3031853091,
13.5833333333,12.9846611822,26.1002904091,,13.5833333333,12.8873783578,26.3017360022,
13.6,12.9858511861,26.0988412092,,13.6,12.8873783578,26.3031853091,
13.6166666667,12.9867436891,26.1017396097,,13.6166666667,12.8873783578,26.3017360022,
13.6333333333,12.9870411901,26.0973920098,,13.6333333333,12.8879733598,26.3002866962,
13.65,12.9888261961,26.0973920098,,13.65,12.8882708608,26.3017360022,
13.6666666667,12.9891236971,26.0973920098,,13.6666666667,12.8900558667,26.3017360022,
13.6833333333,12.990611202,26.0988412092,,13.6833333333,12.8918408727,26.3017360022,
13.7,12.991206204,26.0973920098,,13.7,12.8921383737,26.3031853091,
13.7166666667,12.991503705,26.095942811,,13.7166666667,12.8924358747,26.3017360022,
13.7333333333,12.991206204,26.095942811,,13.7333333333,12.8936258786,26.3017360022,
13.75,12.991503705,26.0973920098,,13.75,12.8968983895,26.3017360022,
13.7666666667,12.992098707,26.095942811,,13.7666666667,12.8968983895,26.3031853091,
13.7833333333,12.992693709,26.095942811,,13.7833333333,12.8980883935,26.3017360022,
13.8,12.9944787149,26.0973920098,,13.8,12.8998733995,26.3017360022,
13.8166666667,12.9950737169,26.0944936127,,13.8166666667,12.9016584054,26.3002866962,
13.8333333333,12.9959662199,26.0944936127,,13.8333333333,12.9019559064,26.3002866962,
13.85,12.9959662199,26.0915952179,,13.85,12.9019559064,26.3017360022,
13.8666666667,12.9959662199,26.095942811,,13.8666666667,12.9040384133,26.3002866962,
13.8833333333,12.9959662199,26.0944936127,,13.8833333333,12.9055259183,26.3017360022,
13.9,12.9959662199,26.093044415,,13.9,12.9064184213,26.3002866962,
13.9166666667,12.9959662199,26.0944936127,,13.9166666667,12.9064184213,26.3002866962,
13.9333333333,12.9962637209,26.0944936127,,13.9333333333,12.9067159223,26.3002866962,
13.95,12.9962637209,26.0944936127,,13.95,12.9064184213,26.3002866962,
13.9666666667,12.9962637209,26.0944936127,,13.9666666667,12.9070134233,26.3002866962,
13.9833333333,12.9968587229,26.093044415,,13.9833333333,12.9079059262,26.3017360022,
14,12.9980487268,26.095942811,,14,12.9099884332,26.3002866962,
14.0166666667,12.9989412298,26.0915952179,,14.0166666667,12.9114759381,26.2988373911,
14.0333333333,13.0004287348,26.093044415,,14.0333333333,12.9126659421,26.3002866962,
14.05,13.0007262357,26.0915952179,,14.05,12.9141534471,26.3002866962,
14.0666666667,13.0007262357,26.0915952179,,14.0666666667,12.915343451,26.2988373911,
14.0833333333,13.0025112417,26.0944936127,,14.0833333333,12.915938453,26.3002866962,
14.1,13.0016187387,26.0915952179,,14.1,12.915938453,26.3002866962,
14.1166666667,13.0028087427,26.0915952179,,14.1166666667,12.916830956,26.3002866962,
14.1333333333,13.0031062437,26.093044415,,14.1333333333,12.9192109639,26.3002866962,
14.15,13.0037012457,26.093044415,,14.15,12.9201034669,26.2988373911,
14.1666666667,13.0051887506,26.0944936127,,14.1666666667,12.9204009679,26.3002866962,
14.1833333333,13.0054862516,26.093044415,,14.1833333333,12.9204009679,26.3002866962,
14.2,13.0054862516,26.0915952179,,14.2,12.9204009679,26.3002866962,
14.2166666667,13.0054862516,26.0901460213,,14.2166666667,12.9209959699,26.297388087,
14.2333333333,13.0057837526,26.0915952179,,14.2333333333,12.9206984689,26.2988373911,
14.25,13.0057837526,26.0901460213,,14.25,12.9209959699,26.3002866962,
14.2666666667,13.0060812536,26.0915952179,,14.2666666667,12.9230784768,26.3002866962,
14.2833333333,13.0072712576,26.0901460213,,14.2833333333,12.9248634828,26.3002866962,
14.3,13.0078662596,26.0872476298,,14.3,12.9251609838,26.2988373911,
14.3166666667,13.0096512655,26.0901460213,,14.3166666667,12.9254584848,26.297388087,
14.3333333333,13.0093537645,26.0901460213,,14.3333333333,12.9257559858,26.297388087,
14.35,13.0102462675,26.0901460213,,14.35,12.9269459897,26.2988373911,
14.3666666667,13.0105437685,26.0915952179,,14.3666666667,12.9290284967,26.297388087,
14.3833333333,13.0114362715,26.0901460213,,14.3833333333,12.9299209996,26.297388087,
14.4,13.0132212774,26.0915952179,,14.4,12.9299209996,26.2959387839,
14.4166666667,13.0141137804,26.0886968253,,14.4166666667,12.9302185006,26.297388087,
14.4333333333,13.0144112814,26.0886968253,,14.4333333333,12.9305160016,26.2944894817,
14.45,13.0150062834,26.0901460213,,14.45,12.9317060056,26.2959387839,
14.4666666667,13.0150062834,26.0886968253,,14.4666666667,12.9337885125,26.2944894817,
14.4833333333,13.0150062834,26.0886968253,,14.4833333333,12.9352760175,26.2901415807,
14.5,13.0150062834,26.0872476298,,14.5,12.9355735185,26.2930401804,
14.5166666667,13.0150062834,26.0872476298,,14.5166666667,12.9364660215,26.2944894817,
14.5333333333,13.0150062834,26.0857984349,,14.5333333333,12.9385485284,26.2930401804,
14.55,13.0153037844,26.0843492405,,14.55,12.9394410314,26.2930401804,
14.5666666667,13.0150062834,26.0843492405,,14.5666666667,12.9394410314,26.2901415807,
14.5833333333,13.0153037844,26.0857984349,,14.5833333333,12.9394410314,26.2930401804,
14.6,13.0158987863,26.0857984349,,14.6,12.9394410314,26.2901415807,
14.6166666667,13.0161962873,26.0843492405,,14.6166666667,12.9394410314,26.2930401804,
14.6333333333,13.0173862913,26.0843492405,,14.6333333333,12.9397385324,26.2901415807,
14.65,13.0182787943,26.0872476298,,14.65,12.9403335344,26.2930401804,
14.6666666667,13.0185762953,26.0814508533,,14.6666666667,12.9415235383,26.2886922823,
14.6833333333,13.0194687982,26.0843492405,,14.6833333333,12.9430110433,26.2886922823,
14.7,13.0194687982,26.0829000466,,14.7,12.9442010473,26.2872429848,
14.7166666667,13.0197662992,26.0800016605,,14.7166666667,12.9442010473,26.2872429848,
14.7333333333,13.0194687982,26.0785524682,,14.7333333333,12.9442010473,26.2843443926,
14.75,13.0197662992,26.0814508533,,14.75,12.9447960492,26.2872429848,
14.7666666667,13.0197662992,26.0829000466,,14.7666666667,12.9450935502,26.2857936882,
14.7833333333,13.0206588022,26.0829000466,,14.7833333333,12.9468785562,26.2872429848,
14.8,13.0215513052,26.0829000466,,14.8,12.9486635621,26.2843443926,
14.8166666667,13.0239313131,26.0814508533,,14.8166666667,12.9489610631,26.2843443926,
14.8333333333,13.0227413092,26.0800016605,,14.8333333333,12.9498535661,26.2828950979,
14.85,13.0239313131,26.0800016605,,14.85,12.9516385721,26.2843443926,
14.8666666667,13.0242288141,26.0800016605,,14.8666666667,12.952828576,26.2828950979,
14.8833333333,13.0245263151,26.0800016605,,14.8833333333,12.953423578,26.2799965112,
14.9,13.0248238161,26.0800016605,,14.9,12.953423578,26.2799965112,
14.9166666667,13.0254188181,26.0800016605,,14.9166666667,12.953423578,26.2857936882,
14.9333333333,13.027203824,26.0800016605,,14.9333333333,12.95401858,26.2843443926,
14.95,13.028691329,26.0800016605,,14.95,12.95401858,26.2799965112,
14.9666666667,13.028691329,26.0785524682,,14.9666666667,12.955506085,26.2814458041,
14.9833333333,13.02898883,26.0785524682,,14.9833333333,12.9572910909,26.2799965112,
15,13.02898883,26.0800016605,,15,12.9578860929,26.2814458041,
