Run 1: Time (min),Run 1: pH,Run 1: Temperature (°C),Run 1: Volume of NaOH Added (cm³),Run 2: Time (min),Run 2: Temperature (°C),Run 2: pH,Run 2: Volume of NaOH Added (cm³),Run 3: Time (min),Run 3: pH,Run 3: Temperature (°C),Run 3: Volume of NaOH Added (cm³)
0,3.157,25.5887378132,0,0,25.6916282012,3.181,0,0,3.157,25.5887378132,0
0.0166666666667,3.164,25.5858394668,,0.0166666666667,25.6930773514,3.129,,0.0166666666667,3.164,25.5858394668,
0.0333333333333,3.164,25.5872886402,,0.0333333333333,25.6916282012,3.175,,0.0333333333333,3.164,25.5872886402,
0.05,3.147,25.5843902929,,0.05,25.6901790508,3.138,,0.05,3.147,25.5843902929,
0.0666666666667,3.164,25.5814919439,,0.0666666666667,25.6901790508,3.143,,0.0666666666667,3.164,25.5814919439,
0.0833333333333,3.153,25.5814919439,,0.0833333333333,25.6858315981,3.162,,0.0833333333333,3.153,25.5814919439,
0.1,3.172,25.5829411186,,0.1,25.6843824468,3.171,,0.1,3.172,25.5829411186,
0.116666666667,3.134,25.5800427688,,0.116666666667,25.6843824468,3.185,,0.116666666667,3.134,25.5800427688,
0.133333333333,3.163,25.5785935932,,0.133333333333,25.6829332952,3.198,,0.133333333333,3.163,25.5785935932,
0.15,3.175,25.5800427688,,0.15,25.6814841434,3.164,,0.15,3.175,25.5800427688,
0.166666666667,3.167,25.5800427688,,0.166666666667,25.6814841434,3.172,,0.166666666667,3.167,25.5800427688,
0.183333333333,3.179,25.5800427688,,0.183333333333,25.6800349914,3.229,,0.183333333333,3.179,25.5800427688,
0.2,3.167,25.5814919439,,0.2,25.6800349914,3.188,,0.2,3.167,25.5814919439,
0.216666666667,3.196,25.5800427688,,0.216666666667,25.6742383808,3.151,,0.216666666667,3.196,25.5800427688,
0.233333333333,3.171,25.5829411186,,0.233333333333,25.6742383808,3.180,,0.233333333333,3.171,25.5829411186,
0.25,3.173,25.5843902929,,0.25,25.6771366866,3.158,,0.25,3.173,25.5843902929,
0.266666666667,3.158,25.5829411186,,0.266666666667,25.6727892276,3.208,,0.266666666667,3.158,25.5829411186,
0.283333333333,3.176,25.5829411186,,0.283333333333,25.6742383808,3.111,,0.283333333333,3.176,25.5829411186,
0.3,3.146,25.5814919439,,0.3,25.6742383808,3.181,,0.3,3.146,25.5814919439,
0.316666666667,3.204,25.5829411186,,0.316666666667,25.6742383808,3.187,,0.316666666667,3.204,25.5829411186,
0.333333333333,3.158,25.5800427688,,0.333333333333,25.6742383808,3.156,,0.333333333333,3.158,25.5800427688,
0.35,3.174,25.5829411186,,0.35,25.6727892276,3.190,,0.35,3.174,25.5829411186,
0.366666666667,3.216,25.5800427688,,0.366666666667,25.6698909203,3.180,,0.366666666667,3.216,25.5800427688,
0.383333333333,3.162,25.5843902929,,0.383333333333,25.6727892276,3.130,,0.383333333333,3.162,25.5843902929,
0.4,3.234,25.5872886402,,0.4,25.6698909203,3.220,,0.4,3.234,25.5872886402,
0.416666666667,3.278,25.5930853298,,0.416666666667,25.671340074,3.316,,0.416666666667,3.278,25.5930853298,
0.433333333333,3.260,25.5959836722,,0.433333333333,25.6727892276,3.358,,0.433333333333,3.26,25.5959836722,
0.45,3.326,25.5974328427,,0.45,25.6800349914,3.440,,0.45,3.326,25.5974328427,
0.466666666667,3.369,25.5988820129,,0.466666666667,25.6771366866,3.498,,0.466666666667,3.369,25.5988820129,
0.483333333333,3.408,25.6003311827,,0.483333333333,25.6814841434,3.507,,0.483333333333,3.408,25.6003311827,
0.5,3.394,25.6003311827,0.5,0.5,25.6800349914,3.519,1,0.5,3.3795046577226,25.6003311827,0.5
0.516666666667,3.346,25.6003311827,,0.516666666667,25.6814841434,3.544,,0.516666666667,3.3315046577225997,25.6003311827,
0.533333333333,3.463,25.6003311827,,0.533333333333,25.6814841434,3.656,,0.533333333333,3.4485046577225997,25.6003311827,
0.55,3.416,25.6017803521,,0.55,25.6858315981,3.590,,0.55,3.4015046577225996,25.6017803521,
0.566666666667,3.436,25.6003311827,,0.566666666667,25.6843824468,3.609,,0.566666666667,3.4215046577225996,25.6003311827,
0.583333333333,3.445,25.6017803521,,0.583333333333,25.6872807492,3.638,,0.583333333333,3.4305046577225995,25.6017803521,
0.6,3.561,25.6017803521,,0.6,25.6843824468,3.693,,0.6,3.5465046577225996,25.6017803521,
0.616666666667,3.513,25.6017803521,,0.616666666667,25.6901790508,3.676,,0.616666666667,3.4985046577225996,25.6017803521,
0.633333333333,3.550,25.6017803521,,0.633333333333,25.6858315981,3.710,,0.633333333333,3.5355046577225995,25.6017803521,
0.65,3.558,25.603229521,,0.65,25.6872807492,3.688,,0.65,3.5435046577225995,25.603229521,
0.666666666667,3.568,25.6017803521,,0.666666666667,25.6872807492,3.725,1.5,0.666666666667,3.5535046577225997,25.6017803521,
0.683333333333,3.560,25.603229521,1,0.683333333333,25.6887299001,3.750,,0.683333333333,3.5190272727272727,25.603229521,1
0.7,3.638,25.6046786896,,0.7,25.6872807492,3.751,,0.7,3.5970272727272725,25.6046786896,
0.716666666667,3.621,25.6046786896,,0.716666666667,25.6887299001,3.759,,0.716666666667,3.5800272727272726,25.6046786896,
0.733333333333,3.611,25.6046786896,,0.733333333333,25.6901790508,3.788,,0.733333333333,3.570027272727273,25.6046786896,
0.75,3.654,25.6075770257,,0.75,25.6930773514,3.792,,0.75,3.6130272727272725,25.6075770257,
0.766666666667,3.679,25.6061278578,,0.766666666667,25.6901790508,3.817,,0.766666666667,3.6380272727272724,25.6061278578,
0.783333333333,3.664,25.6104753602,,0.783333333333,25.6901790508,3.846,,0.783333333333,3.6230272727272728,25.6104753602,
0.8,3.720,25.6119245269,,0.8,25.6901790508,3.777,,0.8,3.679027272727273,25.6119245269,
0.816666666667,3.742,25.6119245269,,0.816666666667,25.6916282012,3.834,2,0.816666666667,3.7010272727272726,25.6119245269,
0.833333333333,3.738,25.61772119,,0.833333333333,25.6930773514,3.856,,0.833333333333,3.6970272727272726,25.61772119,
0.85,3.779,25.6206195194,,0.85,25.6901790508,3.906,,0.85,3.7380272727272725,25.6206195194,
0.866666666667,3.766,25.6206195194,1.5,0.866666666667,25.6916282012,3.885,,0.866666666667,3.726761904761905,25.6206195194,1.5
0.883333333333,3.796,25.61772119,,0.883333333333,25.6916282012,3.916,,0.883333333333,3.756761904761905,25.61772119,
0.9,3.798,25.6220686836,,0.9,25.6930773514,3.904,,0.9,3.758761904761905,25.6220686836,
0.916666666667,3.858,25.6249670108,,0.916666666667,25.6901790508,3.948,,0.916666666667,3.8187619047619052,25.6249670108,
0.933333333333,3.840,25.6264161739,,0.933333333333,25.6945265014,3.917,,0.933333333333,3.800761904761905,25.6264161739,
0.95,3.860,25.6249670108,,0.95,25.6887299001,3.921,,0.95,3.820761904761905,25.6249670108,
0.966666666667,3.805,25.6264161739,,0.966666666667,25.6930773514,3.926,2.5,0.966666666667,3.7657619047619053,25.6264161739,
0.983333333333,3.862,25.6293144991,2,0.983333333333,25.6930773514,3.995,,0.983333333333,3.862,25.6293144991,2
1,3.755,25.6249670108,,1,25.6916282012,4.019,,1,3.755,25.6249670108,
1.01666666667,3.862,25.6293144991,,1.01666666667,25.6916282012,4.012,,1.01666666667,3.862,25.6293144991,
1.03333333333,3.933,25.6278653367,,1.03333333333,25.6930773514,4.060,,1.03333333333,3.933,25.6278653367,
1.05,4.002,25.6293144991,,1.05,25.6916282012,4.001,,1.05,4.002,25.6293144991,
1.06666666667,3.941,25.6336619844,,1.06666666667,25.6930773514,4.034,,1.06666666667,3.941,25.6336619844,
1.08333333333,3.929,25.6307636612,,1.08333333333,25.6916282012,4.050,,1.08333333333,3.929,25.6307636612,
1.1,3.943,25.6380094667,2.5,1.1,25.6930773514,4.005,,1.1,3.943,25.6380094667,2.5
1.11666666667,3.947,25.6380094667,,1.11666666667,25.6930773514,4.031,3,1.11666666667,3.947,25.6380094667,
1.13333333333,4.003,25.6409077866,,1.13333333333,25.6930773514,4.047,,1.13333333333,4.003,25.6409077866,
1.15,3.990,25.6438061053,,1.15,25.6930773514,4.089,,1.15,3.99,25.6438061053,
1.16666666667,3.913,25.6452552642,,1.16666666667,25.6945265014,4.120,,1.16666666667,3.913,25.6452552642,
1.18333333333,4.009,25.6467044227,,1.18333333333,25.6930773514,4.025,,1.18333333333,4.009,25.6467044227,
1.2,4.002,25.649602739,,1.2,25.6959756512,4.117,,1.2,4.002,25.649602739,
1.21666666667,4.038,25.6452552642,,1.21666666667,25.6945265014,4.058,,1.21666666667,4.038,25.6452552642,
1.23333333333,4.092,25.648153581,3,1.23333333333,25.6945265014,4.111,,1.23333333333,4.092,25.648153581,3
1.25,4.065,25.648153581,,1.25,25.6945265014,4.130,,1.25,4.065,25.648153581,
1.26666666667,3.962,25.648153581,,1.26666666667,25.6930773514,4.088,,1.26666666667,3.962,25.648153581,
1.28333333333,4.091,25.6510518966,,1.28333333333,25.6945265014,4.166,3.5,1.28333333333,4.091,25.6510518966,
1.3,4.090,25.6582976805,,1.3,25.6930773514,4.138,,1.3,4.09,25.6582976805,
1.31666666667,4.147,25.653950211,,1.31666666667,25.6945265014,4.106,,1.31666666667,4.147,25.653950211,
1.33333333333,4.093,25.6582976805,,1.33333333333,25.6930773514,4.175,,1.33333333333,4.093,25.6582976805,
1.35,4.113,25.6582976805,,1.35,25.6959756512,4.105,,1.35,4.113,25.6582976805,
1.36666666667,4.136,25.6568485243,,1.36666666667,25.6974248008,4.156,,1.36666666667,4.136,25.6568485243,
1.38333333333,4.141,25.6582976805,,1.38333333333,25.6930773514,4.152,,1.38333333333,4.141,25.6582976805,
1.4,4.134,25.6640943026,3.5,1.4,25.6945265014,4.247,,1.4,4.134,25.6640943026,3.5
1.41666666667,4.160,25.6640943026,,1.41666666667,25.6959756512,4.158,,1.41666666667,4.16,25.6640943026,
1.43333333333,4.176,25.6669926119,,1.43333333333,25.6945265014,4.191,,1.43333333333,4.176,25.6669926119,
1.45,4.120,25.6626451475,,1.45,25.6959756512,4.289,,1.45,4.12,25.6626451475,
1.46666666667,4.188,25.6684417662,,1.46666666667,25.6945265014,4.235,4,1.46666666667,4.188,25.6684417662,
1.48333333333,4.253,25.6684417662,,1.48333333333,25.6974248008,4.205,,1.48333333333,4.253,25.6684417662,
1.5,4.179,25.6727892276,,1.5,25.6959756512,4.220,,1.5,4.179,25.6727892276,
1.51666666667,4.133,25.6727892276,,1.51666666667,25.6945265014,4.248,,1.51666666667,4.133,25.6727892276,
1.53333333333,4.265,25.6727892276,,1.53333333333,25.6959756512,4.323,,1.53333333333,4.265,25.6727892276,
1.55,4.226,25.671340074,,1.55,25.6974248008,4.155,,1.55,4.226,25.671340074,
1.56666666667,4.210,25.671340074,4,1.56666666667,25.6959756512,4.221,,1.56666666667,4.21,25.671340074,4
1.58333333333,4.188,25.671340074,,1.58333333333,25.6959756512,4.199,,1.58333333333,4.188,25.671340074,
1.6,4.294,25.6771366866,,1.6,25.6959756512,4.232,,1.6,4.294,25.6771366866,
1.61666666667,4.190,25.6756875338,,1.61666666667,25.6945265014,4.202,,1.61666666667,4.19,25.6756875338,
1.63333333333,4.203,25.6756875338,,1.63333333333,25.6959756512,4.292,,1.63333333333,4.203,25.6756875338,
1.65,4.227,25.6771366866,,1.65,25.6974248008,4.260,4.5,1.65,4.227,25.6771366866,
1.66666666667,4.262,25.6785858391,,1.66666666667,25.6945265014,4.277,,1.66666666667,4.262,25.6785858391,
1.68333333333,4.227,25.6756875338,,1.68333333333,25.6959756512,4.296,,1.68333333333,4.227,25.6756875338,
1.7,4.225,25.6800349914,4.5,1.7,25.6945265014,4.285,,1.7,4.225,25.6800349914,4.5
1.71666666667,4.268,25.6829332952,,1.71666666667,25.6959756512,4.302,,1.71666666667,4.268,25.6829332952,
1.73333333333,4.288,25.6814841434,,1.73333333333,25.6959756512,4.279,,1.73333333333,4.288,25.6814841434,
1.75,4.231,25.6872807492,,1.75,25.6988739502,4.324,,1.75,4.231,25.6872807492,
1.76666666667,4.315,25.6843824468,,1.76666666667,25.6959756512,4.292,,1.76666666667,4.315,25.6843824468,
1.78333333333,4.321,25.6887299001,,1.78333333333,25.6959756512,4.321,,1.78333333333,4.321,25.6887299001,
1.8,4.289,25.6872807492,,1.8,25.6974248008,4.316,,1.8,4.289,25.6872807492,
1.81666666667,4.290,25.6872807492,,1.81666666667,25.6945265014,4.339,,1.81666666667,4.29,25.6872807492,
1.83333333333,4.308,25.6901790508,5,1.83333333333,25.6959756512,4.352,5,1.83333333333,4.326153846153846,25.6901790508,5
1.85,4.315,25.6916282012,,1.85,25.6974248008,4.330,,1.85,4.333153846153847,25.6916282012,
1.86666666667,4.352,25.6901790508,,1.86666666667,25.7003230994,4.348,,1.86666666667,4.370153846153847,25.6901790508,
1.88333333333,4.351,25.6930773514,,1.88333333333,25.6988739502,4.362,,1.88333333333,4.369153846153846,25.6930773514,
1.9,4.347,25.6901790508,,1.9,25.6959756512,4.389,,1.9,4.365153846153847,25.6901790508,
1.91666666667,4.386,25.6916282012,,1.91666666667,25.6945265014,4.331,,1.91666666667,4.4041538461538465,25.6916282012,
1.93333333333,4.299,25.6945265014,,1.93333333333,25.6974248008,4.394,,1.93333333333,4.317153846153847,25.6945265014,
1.95,4.375,25.6945265014,,1.95,25.6974248008,4.339,,1.95,4.393153846153846,25.6945265014,
1.96666666667,4.401,25.6930773514,,1.96666666667,25.6974248008,4.358,,1.96666666667,4.419153846153846,25.6930773514,
1.98333333333,4.406,25.6974248008,,1.98333333333,25.6974248008,4.373,,1.98333333333,4.424153846153846,25.6974248008,
2,4.418,25.6959756512,5.5,2,25.7003230994,4.395,,2,4.418,25.6959756512,5.5
2.01666666667,4.402,25.6945265014,,2.01666666667,25.6959756512,4.466,,2.01666666667,4.402,25.6945265014,
2.03333333333,4.405,25.6959756512,,2.03333333333,25.6974248008,4.401,,2.03333333333,4.405,25.6959756512,
2.05,4.438,25.6945265014,,2.05,25.6988739502,4.412,5.5,2.05,4.438,25.6945265014,
2.06666666667,4.404,25.6959756512,,2.06666666667,25.7003230994,4.419,,2.06666666667,4.404,25.6959756512,
2.08333333333,4.452,25.6959756512,,2.08333333333,25.7017722483,4.407,,2.08333333333,4.452,25.6959756512,
2.1,4.435,25.7017722483,,2.1,25.6988739502,4.463,,2.1,4.435,25.7017722483,
2.11666666667,4.439,25.7061196941,,2.11666666667,25.6988739502,4.378,,2.11666666667,4.439,25.7061196941,
2.13333333333,4.433,25.7046705457,6,2.13333333333,25.6974248008,4.444,,2.13333333333,4.490357142857143,25.7046705457,6
2.15,4.433,25.7090179903,,2.15,25.7003230994,4.472,,2.15,4.490357142857143,25.7090179903,
2.16666666667,4.427,25.7148145806,,2.16666666667,25.6974248008,4.421,,2.16666666667,4.484357142857143,25.7148145806,
2.18333333333,4.407,25.7148145806,,2.18333333333,25.7046705457,4.429,,2.18333333333,4.464357142857144,25.7148145806,
2.2,4.441,25.7119162858,,2.2,25.6959756512,4.453,,2.2,4.498357142857143,25.7119162858,
2.21666666667,4.475,25.7133654333,,2.21666666667,25.7017722483,4.445,6,2.21666666667,4.532357142857143,25.7133654333,
2.23333333333,4.437,25.7133654333,,2.23333333333,25.6988739502,4.506,,2.23333333333,4.494357142857144,25.7133654333,
2.25,4.449,25.7104671381,6.5,2.25,25.7046705457,4.465,,2.25,4.449,25.7104671381,6.5
2.26666666667,4.487,25.7148145806,,2.26666666667,25.7017722483,4.509,,2.26666666667,4.487,25.7148145806,
2.28333333333,4.475,25.7148145806,,2.28333333333,25.6988739502,4.494,,2.28333333333,4.475,25.7148145806,
2.3,4.489,25.7119162858,,2.3,25.7061196941,4.518,,2.3,4.489,25.7119162858,
2.31666666667,4.465,25.7162637277,,2.31666666667,25.6974248008,4.492,,2.31666666667,4.465,25.7162637277,
2.33333333333,4.549,25.7162637277,,2.33333333333,25.7032213971,4.517,,2.33333333333,4.549,25.7162637277,
2.35,4.530,25.7162637277,,2.35,25.7017722483,4.514,,2.35,4.53,25.7162637277,
2.36666666667,4.542,25.7177128746,,2.36666666667,25.7017722483,4.475,,2.36666666667,4.542,25.7177128746,
2.38333333333,4.544,25.7177128746,7,2.38333333333,25.7003230994,4.511,6.5,2.38333333333,4.544,25.7177128746,7
2.4,4.549,25.7177128746,,2.4,25.7032213971,4.539,,2.4,4.549,25.7177128746,
2.41666666667,4.527,25.7162637277,,2.41666666667,25.6988739502,4.516,,2.41666666667,4.527,25.7162637277,
2.43333333333,4.550,25.7162637277,,2.43333333333,25.7003230994,4.535,,2.43333333333,4.55,25.7162637277,
2.45,4.573,25.7177128746,,2.45,25.7032213971,4.535,,2.45,4.573,25.7177128746,
2.46666666667,4.571,25.7177128746,,2.46666666667,25.7017722483,4.524,,2.46666666667,4.571,25.7177128746,
2.48333333333,4.526,25.7177128746,,2.48333333333,25.7032213971,4.564,,2.48333333333,4.526,25.7177128746,
2.5,4.524,25.7162637277,7.5,2.5,25.7032213971,4.511,,2.5,4.570333333333333,25.7162637277,7.5
2.51666666667,4.609,25.7177128746,,2.51666666667,25.7017722483,4.539,,2.51666666667,4.655333333333333,25.7177128746,
2.53333333333,4.561,25.7191620214,,2.53333333333,25.6988739502,4.579,,2.53333333333,4.607333333333333,25.7191620214,
2.55,4.579,25.7191620214,,2.55,25.6988739502,4.557,,2.55,4.625333333333333,25.7191620214,
2.56666666667,4.605,25.7220603145,,2.56666666667,25.7017722483,4.553,,2.56666666667,4.6513333333333335,25.7220603145,
2.58333333333,4.607,25.7177128746,,2.58333333333,25.7003230994,4.514,7,2.58333333333,4.653333333333333,25.7177128746,
2.6,4.610,25.7220603145,,2.6,25.7003230994,4.572,,2.6,4.656333333333333,25.7220603145,
2.61666666667,4.638,25.720611168,,2.61666666667,25.6988739502,4.548,,2.61666666667,4.684333333333333,25.720611168,
2.63333333333,4.619,25.7293060445,,2.63333333333,25.7017722483,4.571,,2.63333333333,4.665333333333333,25.7293060445,
2.65,4.632,25.726407753,8,2.65,25.7032213971,4.592,,2.65,4.629088942307693,25.726407753,8
2.66666666667,4.615,25.7278568988,,2.66666666667,25.6988739502,4.571,,2.66666666667,4.612088942307693,25.7278568988,
2.68333333333,4.658,25.726407753,,2.68333333333,25.7061196941,4.548,,2.68333333333,4.655088942307693,25.726407753,
2.7,4.642,25.7278568988,,2.7,25.7003230994,4.581,,2.7,4.639088942307693,25.7278568988,
2.71666666667,4.598,25.7278568988,,2.71666666667,25.6959756512,4.619,,2.71666666667,4.595088942307693,25.7278568988,
2.73333333333,4.656,25.7307551901,,2.73333333333,25.7003230994,4.644,,2.73333333333,4.653088942307693,25.7307551901,
2.75,4.643,25.7293060445,,2.75,25.7003230994,4.560,,2.75,4.640088942307693,25.7293060445,
2.76666666667,4.650,25.7322043355,,2.76666666667,25.7032213971,4.656,7.5,2.76666666667,4.647088942307693,25.7322043355,
2.78333333333,4.644,25.7322043355,,2.78333333333,25.7032213971,4.599,,2.78333333333,4.641088942307693,25.7322043355,
2.8,4.673,25.7307551901,,2.8,25.7017722483,4.616,,2.8,4.670088942307693,25.7307551901,
2.81666666667,4.622,25.7380009158,,2.81666666667,25.7061196941,4.629,,2.81666666667,4.619088942307693,25.7380009158,
2.83333333333,4.678,25.7351026259,,2.83333333333,25.7032213971,4.634,,2.83333333333,4.675088942307693,25.7351026259,
2.85,4.666,25.7322043355,,2.85,25.6988739502,4.658,,2.85,4.663088942307693,25.7322043355,
2.86666666667,4.679,25.7351026259,,2.86666666667,25.6974248008,4.612,,2.86666666667,4.676088942307693,25.7351026259,
2.88333333333,4.704,25.7336534807,,2.88333333333,25.7003230994,4.648,,2.88333333333,4.701088942307693,25.7336534807,
2.9,4.722,25.7336534807,,2.9,25.7032213971,4.685,,2.9,4.719088942307693,25.7336534807,
2.91666666667,4.697,25.7365517709,,2.91666666667,25.7046705457,4.652,,2.91666666667,4.694088942307693,25.7365517709,
2.93333333333,4.702,25.7380009158,,2.93333333333,25.7032213971,4.644,,2.93333333333,4.699088942307693,25.7380009158,
2.95,4.730,25.7351026259,,2.95,25.7032213971,4.681,,2.95,4.727088942307693,25.7351026259,
2.96666666667,4.695,25.7394500605,,2.96666666667,25.7046705457,4.619,,2.96666666667,4.692088942307693,25.7394500605,
2.98333333333,4.750,25.7394500605,,2.98333333333,25.7046705457,4.641,8,2.98333333333,4.747088942307693,25.7394500605,
3,4.758,25.7394500605,,3,25.7090179903,4.648,,3,4.755088942307693,25.7394500605,
3.01666666667,4.751,25.7394500605,,3.01666666667,25.7061196941,4.669,,3.01666666667,4.748088942307693,25.7394500605,
3.03333333333,4.726,25.7394500605,,3.03333333333,25.7046705457,4.727,,3.03333333333,4.723088942307693,25.7394500605,
3.05,4.736,25.7394500605,,3.05,25.7032213971,4.724,,3.05,4.733088942307693,25.7394500605,
3.06666666667,4.728,25.7408992051,,3.06666666667,25.7046705457,4.690,,3.06666666667,4.725088942307693,25.7408992051,
3.08333333333,4.742,25.7408992051,,3.08333333333,25.7046705457,4.708,,3.08333333333,4.739088942307693,25.7408992051,
3.1,4.782,25.7408992051,,3.1,25.7104671381,4.714,,3.1,4.779088942307693,25.7408992051,
3.11666666667,4.763,25.7394500605,,3.11666666667,25.7090179903,4.714,,3.11666666667,4.760088942307693,25.7394500605,
3.13333333333,4.755,25.7408992051,,3.13333333333,25.7061196941,4.713,,3.13333333333,4.752088942307693,25.7408992051,
3.15,4.799,25.7408992051,,3.15,25.7090179903,4.678,,3.15,4.796088942307693,25.7408992051,
3.16666666667,4.747,25.7423483496,,3.16666666667,25.7075688423,4.695,,3.16666666667,4.744088942307693,25.7423483496,
3.18333333333,4.771,25.743797494,9.5,3.18333333333,25.7090179903,4.718,,3.18333333333,4.804214285714286,25.743797494,9.5
3.2,4.774,25.7423483496,,3.2,25.7075688423,4.726,8.5,3.2,4.807214285714286,25.7423483496,
3.21666666667,4.798,25.7408992051,,3.21666666667,25.7119162858,4.671,,3.21666666667,4.831214285714286,25.7408992051,
3.23333333333,4.788,25.743797494,,3.23333333333,25.7061196941,4.718,,3.23333333333,4.821214285714286,25.743797494,
3.25,4.814,25.743797494,,3.25,25.7003230994,4.679,,3.25,4.847214285714286,25.743797494,
3.26666666667,4.807,25.7423483496,,3.26666666667,25.7032213971,4.717,,3.26666666667,4.8402142857142865,25.7423483496,
3.28333333333,4.776,25.743797494,,3.28333333333,25.7075688423,4.734,,3.28333333333,4.809214285714286,25.743797494,
3.3,4.768,25.743797494,,3.3,25.7090179903,4.734,,3.3,4.801214285714286,25.743797494,
3.31666666667,4.694,25.743797494,10,3.31666666667,25.7046705457,4.737,,3.31666666667,4.740099999999999,25.743797494,10
3.33333333333,4.820,25.7466957824,,3.33333333333,25.7061196941,4.729,,3.33333333333,4.866099999999999,25.7466957824,
3.35,4.826,25.7466957824,,3.35,25.7075688423,4.761,,3.35,4.872099999999999,25.7466957824,
3.36666666667,4.810,25.7466957824,,3.36666666667,25.7075688423,4.761,9,3.36666666667,4.856099999999999,25.7466957824,
3.38333333333,4.794,25.7481449264,,3.38333333333,25.7119162858,4.758,,3.38333333333,4.840099999999999,25.7481449264,
3.4,4.885,25.7495940704,,3.4,25.7032213971,4.771,,3.4,4.931099999999999,25.7495940704,
3.41666666667,4.786,25.7466957824,,3.41666666667,25.7119162858,4.806,,3.41666666667,4.832099999999999,25.7466957824,
3.43333333333,4.756,25.7510432142,,3.43333333333,25.7075688423,4.786,,3.43333333333,4.802099999999999,25.7510432142,
3.45,4.872,25.7452466383,,3.45,25.7046705457,4.763,,3.45,4.918099999999999,25.7452466383,
3.46666666667,4.796,25.7481449264,,3.46666666667,25.7046705457,4.754,,3.46666666667,4.842099999999999,25.7481449264,
3.48333333333,4.863,25.7481449264,10.5,3.48333333333,25.7090179903,4.784,,3.48333333333,4.863,25.7481449264,10.5
3.5,4.852,25.7510432142,,3.5,25.7104671381,4.776,,3.5,4.852,25.7510432142,
3.51666666667,4.871,25.7495940704,,3.51666666667,25.6988739502,4.792,,3.51666666667,4.871,25.7495940704,
3.53333333333,4.852,25.7510432142,,3.53333333333,25.7061196941,4.789,,3.53333333333,4.852,25.7510432142,
3.55,4.919,25.7510432142,,3.55,25.7032213971,4.819,9.5,3.55,4.919,25.7510432142,
3.56666666667,4.884,25.7495940704,,3.56666666667,25.7046705457,4.811,,3.56666666667,4.884,25.7495940704,
3.58333333333,4.843,25.7524923579,,3.58333333333,25.7017722483,4.717,,3.58333333333,4.843,25.7524923579,
3.6,4.860,25.7568397885,,3.6,25.7075688423,4.810,,3.6,4.86,25.7568397885,
3.61666666667,4.901,25.7597380751,,3.61666666667,25.7046705457,4.784,,3.61666666667,4.901,25.7597380751,
3.63333333333,4.882,25.7597380751,11,3.63333333333,25.6988739502,4.813,,3.63333333333,4.956272727272727,25.7597380751,11
3.65,4.895,25.7568397885,,3.65,25.7046705457,4.816,,3.65,4.969272727272727,25.7568397885,
3.66666666667,4.919,25.7582889318,,3.66666666667,25.7075688423,4.838,,3.66666666667,4.993272727272727,25.7582889318,
3.68333333333,4.876,25.7568397885,,3.68333333333,25.7075688423,4.819,,3.68333333333,4.950272727272727,25.7568397885,
3.7,4.897,25.7597380751,,3.7,25.7075688423,4.826,,3.7,4.971272727272727,25.7597380751,
3.71666666667,4.913,25.7611872183,,3.71666666667,25.7061196941,4.800,,3.71666666667,4.987272727272727,25.7611872183,
3.73333333333,4.912,25.7611872183,,3.73333333333,25.7046705457,4.925,,3.73333333333,4.986272727272727,25.7611872183,
3.75,4.951,25.7568397885,,3.75,25.7061196941,4.820,,3.75,5.025272727272727,25.7568397885,
3.76666666667,4.900,25.7597380751,,3.76666666667,25.7061196941,4.885,,3.76666666667,4.974272727272727,25.7597380751,
3.78333333333,4.945,25.7611872183,,3.78333333333,25.7075688423,4.790,10,3.78333333333,5.019272727272727,25.7611872183,
3.8,4.947,25.7597380751,11.5,3.8,25.7104671381,4.840,,3.8,4.886859471664603,25.7597380751,11.5
3.81666666667,4.882,25.7626363614,,3.81666666667,25.7119162858,4.880,,3.81666666667,4.821859471664602,25.7626363614,
3.83333333333,4.962,25.7655346473,,3.83333333333,25.7119162858,4.894,,3.83333333333,4.9018594716646025,25.7655346473,
3.85,4.984,25.7626363614,,3.85,25.7119162858,4.866,,3.85,4.923859471664603,25.7626363614,
3.86666666667,4.948,25.7611872183,,3.86666666667,25.7104671381,4.829,,3.86666666667,4.887859471664603,25.7611872183,
3.88333333333,4.979,25.7626363614,,3.88333333333,25.7104671381,4.860,,3.88333333333,4.918859471664603,25.7626363614,
3.9,4.992,25.7655346473,,3.9,25.7104671381,4.841,,3.9,4.931859471664603,25.7655346473,
3.91666666667,5.008,25.7626363614,,3.91666666667,25.7119162858,4.874,10.5,3.91666666667,4.947859471664603,25.7626363614,
3.93333333333,5.003,25.7655346473,,3.93333333333,25.7133654333,4.894,,3.93333333333,4.942859471664603,25.7655346473,
3.95,5.003,25.7611872183,,3.95,25.7119162858,4.845,,3.95,4.942859471664603,25.7611872183,
3.96666666667,4.978,25.7626363614,12,3.96666666667,25.7104671381,4.914,,3.96666666667,4.978,25.7626363614,12
3.98333333333,4.974,25.7640855044,,3.98333333333,25.7119162858,4.906,,3.98333333333,4.974,25.7640855044,
4,5.028,25.7626363614,,4,25.7162637277,4.971,,4,5.028,25.7626363614,
4.01666666667,4.983,25.7655346473,,4.01666666667,25.7148145806,4.889,,4.01666666667,4.983,25.7655346473,
4.03333333333,5.003,25.7640855044,,4.03333333333,25.7162637277,4.914,11,4.03333333333,5.003,25.7640855044,
4.05,5.035,25.7669837901,,4.05,25.7162637277,4.946,,4.05,5.035,25.7669837901,
4.06666666667,4.985,25.7669837901,,4.06666666667,25.7162637277,4.936,,4.06666666667,4.985,25.7669837901,
4.08333333333,5.022,25.7655346473,,4.08333333333,25.7162637277,4.941,,4.08333333333,5.022,25.7655346473,
4.1,5.018,25.7669837901,,4.1,25.7177128746,4.939,,4.1,5.018,25.7669837901,
4.11666666667,5.037,25.7655346473,,4.11666666667,25.7177128746,5.024,,4.11666666667,5.037,25.7655346473,
4.13333333333,5.005,25.7669837901,,4.13333333333,25.7191620214,5.047,,4.13333333333,5.005,25.7669837901,
4.15,5.045,25.7684329329,12.5,4.15,25.720611168,4.982,,4.15,5.0899,25.7684329329,12.5
4.16666666667,5.081,25.7669837901,,4.16666666667,25.7191620214,5.024,,4.16666666667,5.125900000000001,25.7669837901,
4.18333333333,5.073,25.7698820756,,4.18333333333,25.724958607,5.018,,4.18333333333,5.117900000000001,25.7698820756,
4.2,5.039,25.7684329329,,4.2,25.7235094608,5.045,,4.2,5.0839,25.7684329329,
4.21666666667,5.073,25.7684329329,,4.21666666667,25.724958607,4.922,12,4.21666666667,5.117900000000001,25.7684329329,
4.23333333333,5.070,25.7669837901,,4.23333333333,25.720611168,5.059,,4.23333333333,5.1149000000000004,25.7669837901,
4.25,5.057,25.7742295034,,4.25,25.7220603145,5.070,,4.25,5.1019000000000005,25.7742295034,
4.26666666667,5.073,25.7698820756,,4.26666666667,25.7235094608,5.035,,4.26666666667,5.117900000000001,25.7698820756,
4.28333333333,5.098,25.7698820756,,4.28333333333,25.7220603145,5.127,,4.28333333333,5.1429,25.7698820756,
4.3,5.061,25.7713312183,,4.3,25.7235094608,5.102,,4.3,5.1059,25.7713312183,
4.31666666667,5.063,25.7742295034,13,4.31666666667,25.7177128746,5.132,,4.31666666667,5.101277777777778,25.7742295034,13
4.33333333333,5.103,25.7727803608,,4.33333333333,25.7220603145,5.066,,4.33333333333,5.141277777777778,25.7727803608,
4.35,5.101,25.7727803608,,4.35,25.7191620214,5.092,12.5,4.35,5.139277777777778,25.7727803608,
4.36666666667,5.094,25.7713312183,,4.36666666667,25.724958607,5.091,,4.36666666667,5.132277777777778,25.7713312183,
4.38333333333,5.103,25.7727803608,,4.38333333333,25.724958607,5.087,,4.38333333333,5.141277777777778,25.7727803608,
4.4,5.112,25.7727803608,,4.4,25.7235094608,5.102,,4.4,5.150277777777778,25.7727803608,
4.41666666667,5.110,25.7742295034,,4.41666666667,25.720611168,5.136,,4.41666666667,5.148277777777778,25.7742295034,
4.43333333333,5.096,25.7756786458,,4.43333333333,25.7235094608,5.121,,4.43333333333,5.134277777777778,25.7756786458,
4.45,5.117,25.7727803608,,4.45,25.7191620214,5.107,,4.45,5.155277777777778,25.7727803608,
4.46666666667,5.059,25.7742295034,,4.46666666667,25.720611168,5.121,,4.46666666667,5.097277777777778,25.7742295034,
4.48333333333,5.125,25.7713312183,,4.48333333333,25.7191620214,5.135,,4.48333333333,5.163277777777778,25.7713312183,
4.5,5.091,25.7727803608,,4.5,25.7220603145,5.127,,4.5,5.129277777777778,25.7727803608,
4.51666666667,5.128,25.7742295034,13.5,4.51666666667,25.7235094608,5.116,13,4.51666666667,5.128,25.7742295034,13.5
4.53333333333,5.093,25.7713312183,,4.53333333333,25.720611168,5.076,,4.53333333333,5.093,25.7713312183,
4.55,5.178,25.7742295034,,4.55,25.7220603145,5.158,,4.55,5.178,25.7742295034,
4.56666666667,5.180,25.7771277882,,4.56666666667,25.720611168,5.175,,4.56666666667,5.18,25.7771277882,
4.58333333333,5.160,25.7742295034,,4.58333333333,25.720611168,5.070,,4.58333333333,5.16,25.7742295034,
4.6,5.156,25.7756786458,,4.6,25.7235094608,5.134,,4.6,5.156,25.7756786458,
4.61666666667,5.201,25.7756786458,,4.61666666667,25.720611168,5.165,,4.61666666667,5.201,25.7756786458,
4.63333333333,5.173,25.7771277882,,4.63333333333,25.7220603145,5.149,,4.63333333333,5.173,25.7771277882,
4.65,5.239,25.7771277882,,4.65,25.7220603145,5.182,,4.65,5.239,25.7771277882,
4.66666666667,5.112,25.7771277882,,4.66666666667,25.7220603145,5.207,13.5,4.66666666667,5.112,25.7771277882,
4.68333333333,5.190,25.7771277882,14,4.68333333333,25.724958607,5.144,,4.68333333333,5.19,25.7771277882,14
4.7,5.200,25.7785769306,,4.7,25.726407753,5.176,,4.7,5.2,25.7785769306,
4.71666666667,5.184,25.7742295034,,4.71666666667,25.7235094608,5.135,,4.71666666667,5.184,25.7742295034,
4.73333333333,5.174,25.7785769306,,4.73333333333,25.7191620214,5.208,,4.73333333333,5.174,25.7785769306,
4.75,5.231,25.7800260729,,4.75,25.7220603145,5.179,,4.75,5.231,25.7800260729,
4.76666666667,5.223,25.7829243574,,4.76666666667,25.720611168,5.192,,4.76666666667,5.223,25.7829243574,
4.78333333333,5.221,25.7829243574,,4.78333333333,25.7191620214,5.165,,4.78333333333,5.221,25.7829243574,
4.8,5.307,25.7800260729,,4.8,25.7235094608,5.208,,4.8,5.307,25.7800260729,
4.81666666667,5.237,25.7800260729,,4.81666666667,25.7220603145,5.197,,4.81666666667,5.237,25.7800260729,
4.83333333333,5.251,25.7814752152,,4.83333333333,25.7177128746,5.203,,4.83333333333,5.251,25.7814752152,
4.85,5.188,25.7829243574,14.5,4.85,25.724958607,5.248,14,4.85,5.232733333333333,25.7829243574,14.5
4.86666666667,5.217,25.7814752152,,4.86666666667,25.7235094608,5.222,,4.86666666667,5.261733333333333,25.7814752152,
4.88333333333,5.252,25.7785769306,,4.88333333333,25.7235094608,5.242,,4.88333333333,5.296733333333333,25.7785769306,
4.9,5.238,25.7843734996,,4.9,25.726407753,5.231,,4.9,5.282733333333334,25.7843734996,
4.91666666667,5.293,25.7814752152,,4.91666666667,25.7220603145,5.256,,4.91666666667,5.337733333333333,25.7814752152,
4.93333333333,5.271,25.7829243574,,4.93333333333,25.7235094608,5.283,,4.93333333333,5.315733333333333,25.7829243574,
4.95,5.279,25.7800260729,,4.95,25.7220603145,5.271,,4.95,5.323733333333333,25.7800260729,
4.96666666667,5.285,25.7829243574,,4.96666666667,25.7220603145,5.273,,4.96666666667,5.329733333333333,25.7829243574,
4.98333333333,5.299,25.7814752152,,4.98333333333,25.720611168,5.280,,4.98333333333,5.343733333333334,25.7814752152,
5,5.284,25.7814752152,,5,25.724958607,5.265,,5,5.328733333333333,25.7814752152,
5.01666666667,5.287,25.7814752152,15,5.01666666667,25.726407753,5.239,,5.01666666667,5.287,25.7814752152,15
5.03333333333,5.296,25.7800260729,,5.03333333333,25.7235094608,5.266,,5.03333333333,5.296,25.7800260729,
5.05,5.296,25.7800260729,,5.05,25.7220603145,5.288,,5.05,5.296,25.7800260729,
5.06666666667,5.268,25.7829243574,,5.06666666667,25.7293060445,5.222,14.5,5.06666666667,5.268,25.7829243574,
5.08333333333,5.312,25.7829243574,,5.08333333333,25.724958607,5.285,,5.08333333333,5.312,25.7829243574,
5.1,5.261,25.7814752152,,5.1,25.7191620214,5.305,,5.1,5.261,25.7814752152,
5.11666666667,5.300,25.7843734996,,5.11666666667,25.7191620214,5.307,,5.11666666667,5.3,25.7843734996,
5.13333333333,5.328,25.7843734996,,5.13333333333,25.7191620214,5.282,,5.13333333333,5.328,25.7843734996,
5.15,5.326,25.7814752152,,5.15,25.726407753,5.251,,5.15,5.326,25.7814752152,
5.16666666667,5.295,25.7858226417,,5.16666666667,25.7177128746,5.351,,5.16666666667,5.295,25.7858226417,
5.18333333333,5.334,25.7843734996,15.5,5.18333333333,25.7191620214,5.288,,5.18333333333,5.406214285714285,25.7843734996,15.5
5.2,5.321,25.7829243574,,5.2,25.7177128746,5.331,,5.2,5.3932142857142855,25.7829243574,
5.21666666667,5.366,25.7843734996,,5.21666666667,25.7235094608,5.363,,5.21666666667,5.4382142857142854,25.7843734996,
5.23333333333,5.404,25.7843734996,,5.23333333333,25.7235094608,5.342,,5.23333333333,5.476214285714286,25.7843734996,
5.25,5.327,25.7858226417,,5.25,25.720611168,5.337,,5.25,5.399214285714286,25.7858226417,
5.26666666667,5.378,25.7843734996,,5.26666666667,25.7191620214,5.343,15,5.26666666667,5.450214285714286,25.7843734996,
5.28333333333,5.362,25.7858226417,,5.28333333333,25.720611168,5.334,,5.28333333333,5.434214285714286,25.7858226417,
5.3,5.360,25.7843734996,,5.3,25.7220603145,5.363,,5.3,5.432214285714286,25.7843734996,
5.31666666667,5.414,25.7858226417,16,5.31666666667,25.7191620214,5.326,,5.31666666667,5.414,25.7858226417,16
5.33333333333,5.407,25.7843734996,,5.33333333333,25.7191620214,5.337,,5.33333333333,5.407,25.7843734996,
5.35,5.400,25.7858226417,,5.35,25.7177128746,5.361,,5.35,5.4,25.7858226417,
5.36666666667,5.402,25.7843734996,,5.36666666667,25.720611168,5.376,,5.36666666667,5.402,25.7843734996,
5.38333333333,5.382,25.7858226417,,5.38333333333,25.720611168,5.364,,5.38333333333,5.382,25.7858226417,
5.4,5.413,25.7843734996,,5.4,25.720611168,5.332,,5.4,5.413,25.7843734996,
5.41666666667,5.437,25.7858226417,,5.41666666667,25.7191620214,5.366,,5.41666666667,5.437,25.7858226417,
5.43333333333,5.368,25.7829243574,,5.43333333333,25.724958607,5.399,,5.43333333333,5.368,25.7829243574,
5.45,5.452,25.7858226417,,5.45,25.7278568988,5.375,,5.45,5.452,25.7858226417,
5.46666666667,5.429,25.7843734996,,5.46666666667,25.7307551901,5.359,,5.46666666667,5.429,25.7843734996,
5.48333333333,5.425,25.7858226417,,5.48333333333,25.7220603145,5.422,,5.48333333333,5.425,25.7858226417,
5.5,5.421,25.7858226417,,5.5,25.7177128746,5.423,,5.5,5.421,25.7858226417,
5.51666666667,5.418,25.7858226417,16.5,5.51666666667,25.7191620214,5.430,15.5,5.51666666667,5.460466666666666,25.7858226417,16.5
5.53333333333,5.490,25.7872717838,,5.53333333333,25.7220603145,5.373,,5.53333333333,5.532466666666666,25.7872717838,
5.55,5.495,25.7858226417,,5.55,25.7191620214,5.374,,5.55,5.537466666666666,25.7858226417,
5.56666666667,5.554,25.7843734996,,5.56666666667,25.720611168,5.417,,5.56666666667,5.596466666666666,25.7843734996,
5.58333333333,5.504,25.7872717838,,5.58333333333,25.720611168,5.458,,5.58333333333,5.5464666666666655,25.7872717838,
5.6,5.489,25.7858226417,,5.6,25.720611168,5.396,,5.6,5.531466666666666,25.7858226417,
5.61666666667,5.461,25.7858226417,,5.61666666667,25.720611168,5.423,,5.61666666667,5.503466666666666,25.7858226417,
5.63333333333,5.470,25.7858226417,,5.63333333333,25.7177128746,5.445,,5.63333333333,5.512466666666666,25.7858226417,
5.65,5.493,25.7843734996,,5.65,25.7191620214,5.415,,5.65,5.535466666666666,25.7843734996,
5.66666666667,5.518,25.7858226417,,5.66666666667,25.7177128746,5.424,,5.66666666667,5.560466666666666,25.7858226417,
5.68333333333,5.510,25.7858226417,17,5.68333333333,25.7220603145,5.472,,5.68333333333,5.616863636363637,25.7858226417,17
5.7,5.534,25.7843734996,,5.7,25.7191620214,5.474,,5.7,5.640863636363637,25.7843734996,
5.71666666667,5.530,25.7843734996,,5.71666666667,25.720611168,5.450,,5.71666666667,5.636863636363637,25.7843734996,
5.73333333333,5.511,25.7858226417,,5.73333333333,25.720611168,5.451,,5.73333333333,5.617863636363637,25.7858226417,
5.75,5.557,25.7858226417,,5.75,25.720611168,5.447,16,5.75,5.663863636363637,25.7858226417,
5.76666666667,5.560,25.7843734996,,5.76666666667,25.7177128746,5.405,,5.76666666667,5.666863636363637,25.7843734996,
5.78333333333,5.539,25.7872717838,,5.78333333333,25.7191620214,5.492,,5.78333333333,5.645863636363637,25.7872717838,
5.8,5.558,25.7843734996,,5.8,25.7191620214,5.456,,5.8,5.664863636363637,25.7843734996,
5.81666666667,5.496,25.7858226417,,5.81666666667,25.720611168,5.474,,5.81666666667,5.6028636363636375,25.7858226417,
5.83333333333,5.596,25.7843734996,,5.83333333333,25.7220603145,5.507,,5.83333333333,5.702863636363637,25.7843734996,
5.85,5.567,25.7858226417,,5.85,25.7220603145,5.524,,5.85,5.673863636363637,25.7858226417,
5.86666666667,5.611,25.7858226417,17.5,5.86666666667,25.7220603145,5.520,,5.86666666667,5.611,25.7858226417,17.5
5.88333333333,5.600,25.7858226417,,5.88333333333,25.720611168,5.518,16.5,5.88333333333,5.6,25.7858226417,
5.9,5.595,25.7858226417,,5.9,25.7220603145,5.477,,5.9,5.595,25.7858226417,
5.91666666667,5.583,25.7858226417,,5.91666666667,25.726407753,5.480,,5.91666666667,5.583,25.7858226417,
5.93333333333,5.614,25.7858226417,,5.93333333333,25.720611168,5.531,,5.93333333333,5.614,25.7858226417,
5.95,5.643,25.7858226417,,5.95,25.726407753,5.576,,5.95,5.643,25.7858226417,
5.96666666667,5.654,25.7858226417,,5.96666666667,25.7278568988,5.461,,5.96666666667,5.654,25.7858226417,
5.98333333333,5.612,25.7872717838,,5.98333333333,25.7177128746,5.569,,5.98333333333,5.612,25.7872717838,
6,5.614,25.7858226417,,6,25.7220603145,5.606,,6,5.614,25.7858226417,
6.01666666667,5.614,25.7858226417,,6.01666666667,25.7191620214,5.567,,6.01666666667,5.614,25.7858226417,
6.03333333333,5.622,25.7858226417,,6.03333333333,25.7235094608,5.646,17,6.03333333333,5.622,25.7858226417,
6.05,5.629,25.7843734996,,6.05,25.720611168,5.634,,6.05,5.629,25.7843734996,
6.06666666667,5.644,25.7843734996,,6.06666666667,25.724958607,5.636,,6.06666666667,5.644,25.7843734996,
6.08333333333,5.618,25.7843734996,,6.08333333333,25.7235094608,5.590,,6.08333333333,5.618,25.7843734996,
6.1,5.704,25.7858226417,,6.1,25.7220603145,5.657,,6.1,5.704,25.7858226417,
6.11666666667,5.706,25.7858226417,18,6.11666666667,25.7220603145,5.689,,6.11666666667,5.845472222222222,25.7858226417,18
6.13333333333,5.678,25.7858226417,,6.13333333333,25.7307551901,5.648,,6.13333333333,5.8174722222222215,25.7858226417,
6.15,5.644,25.7858226417,,6.15,25.7307551901,5.688,,6.15,5.783472222222222,25.7858226417,
6.16666666667,5.700,25.7858226417,,6.16666666667,25.7235094608,5.695,17.5,6.16666666667,5.839472222222222,25.7858226417,
6.18333333333,5.706,25.7872717838,,6.18333333333,25.726407753,5.701,,6.18333333333,5.845472222222222,25.7872717838,
6.2,5.711,25.7858226417,,6.2,25.724958607,5.716,,6.2,5.850472222222222,25.7858226417,
6.21666666667,5.721,25.7858226417,,6.21666666667,25.7235094608,5.672,,6.21666666667,5.860472222222222,25.7858226417,
6.23333333333,5.691,25.7858226417,,6.23333333333,25.726407753,5.702,,6.23333333333,5.830472222222221,25.7858226417,
6.25,5.733,25.7858226417,,6.25,25.726407753,5.759,,6.25,5.872472222222221,25.7858226417,
6.26666666667,5.739,25.7858226417,,6.26666666667,25.7278568988,5.733,,6.26666666667,5.878472222222221,25.7858226417,
6.28333333333,5.749,25.7843734996,,6.28333333333,25.7307551901,5.759,,6.28333333333,5.888472222222221,25.7843734996,
6.3,5.759,25.7858226417,,6.3,25.7293060445,5.715,,6.3,5.898472222222222,25.7858226417,
6.31666666667,5.781,25.7872717838,18.5,6.31666666667,25.7351026259,5.825,18,6.31666666667,5.922284090909091,25.7872717838,18.5
6.33333333333,5.736,25.7858226417,,6.33333333333,25.7380009158,5.782,,6.33333333333,5.877284090909091,25.7858226417,
6.35,5.794,25.7858226417,,6.35,25.7307551901,5.833,,6.35,5.935284090909091,25.7858226417,
6.36666666667,5.791,25.7872717838,,6.36666666667,25.7351026259,5.828,,6.36666666667,5.932284090909092,25.7872717838,
6.38333333333,5.812,25.7858226417,,6.38333333333,25.7336534807,5.856,,6.38333333333,5.953284090909092,25.7858226417,
6.4,5.780,25.7858226417,,6.4,25.7365517709,5.857,,6.4,5.921284090909092,25.7858226417,
6.41666666667,5.829,25.7858226417,,6.41666666667,25.7351026259,5.874,,6.41666666667,5.970284090909091,25.7858226417,
6.43333333333,5.786,25.7858226417,,6.43333333333,25.7351026259,5.889,,6.43333333333,5.927284090909091,25.7858226417,
6.45,5.824,25.7858226417,,6.45,25.7336534807,5.914,,6.45,5.965284090909091,25.7858226417,
6.46666666667,5.794,25.7858226417,,6.46666666667,25.7351026259,5.892,18.5,6.46666666667,5.935284090909091,25.7858226417,
6.48333333333,5.852,25.7858226417,,6.48333333333,25.7394500605,5.894,,6.48333333333,5.993284090909092,25.7858226417,
6.5,5.871,25.7858226417,19,6.5,25.7351026259,5.910,,6.5,5.871,25.7858226417,19
6.51666666667,5.935,25.7872717838,,6.51666666667,25.7351026259,5.917,,6.51666666667,5.935,25.7872717838,
6.53333333333,5.895,25.7858226417,,6.53333333333,25.7336534807,5.964,,6.53333333333,5.895,25.7858226417,
6.55,5.952,25.7858226417,,6.55,25.7351026259,5.945,,6.55,5.952,25.7858226417,
6.56666666667,5.961,25.7858226417,,6.56666666667,25.7351026259,6.001,,6.56666666667,5.961,25.7858226417,
6.58333333333,5.910,25.7858226417,,6.58333333333,25.7307551901,5.992,,6.58333333333,5.91,25.7858226417,
6.6,5.925,25.7858226417,,6.6,25.7351026259,6.014,19,6.6,5.925,25.7858226417,
6.61666666667,5.947,25.7858226417,,6.61666666667,25.7365517709,6.040,,6.61666666667,5.947,25.7858226417,
6.63333333333,5.948,25.7858226417,,6.63333333333,25.7380009158,6.078,,6.63333333333,5.948,25.7858226417,
6.65,6.001,25.7858226417,,6.65,25.7351026259,6.054,,6.65,6.001,25.7858226417,
6.66666666667,5.933,25.7872717838,,6.66666666667,25.7336534807,6.058,,6.66666666667,5.933,25.7872717838,
6.68333333333,5.995,25.7872717838,,6.68333333333,25.7322043355,6.143,,6.68333333333,5.995,25.7872717838,
6.7,5.965,25.7872717838,,6.7,25.7351026259,6.158,,6.7,5.965,25.7872717838,
6.71666666667,5.971,25.7858226417,19.5,6.71666666667,25.7322043355,6.189,,6.71666666667,6.188725000000001,25.7858226417,19.5
6.73333333333,6.085,25.7872717838,,6.73333333333,25.7351026259,6.242,19.5,6.73333333333,6.302725000000001,25.7872717838,
6.75,5.994,25.7872717838,,6.75,25.7336534807,6.219,,6.75,6.211725,25.7872717838,
6.76666666667,5.996,25.7858226417,,6.76666666667,25.7351026259,6.246,,6.76666666667,6.213725000000001,25.7858226417,
6.78333333333,6.054,25.7858226417,,6.78333333333,25.7365517709,6.282,,6.78333333333,6.271725000000001,25.7858226417,
6.8,6.090,25.7872717838,,6.8,25.7351026259,6.323,,6.8,6.3077250000000005,25.7872717838,
6.81666666667,6.084,25.7872717838,,6.81666666667,25.7351026259,6.304,,6.81666666667,6.301725,25.7872717838,
6.83333333333,6.098,25.7872717838,,6.83333333333,25.7365517709,6.313,,6.83333333333,6.3157250000000005,25.7872717838,
6.85,6.128,25.7872717838,,6.85,25.7322043355,6.320,,6.85,6.345725000000001,25.7872717838,
6.86666666667,6.134,25.7858226417,,6.86666666667,25.7380009158,6.410,20,6.86666666667,6.351725000000001,25.7858226417,
6.88333333333,6.169,25.7872717838,20,6.88333333333,25.7365517709,6.443,,6.88333333333,6.435075,25.7872717838,20
6.9,6.162,25.7872717838,,6.9,25.7380009158,6.480,,6.9,6.428075000000001,25.7872717838,
6.91666666667,6.205,25.7872717838,,6.91666666667,25.7380009158,6.506,,6.91666666667,6.471075000000001,25.7872717838,
6.93333333333,6.214,25.7872717838,,6.93333333333,25.7365517709,6.517,,6.93333333333,6.480075000000001,25.7872717838,
6.95,6.210,25.7858226417,,6.95,25.7351026259,6.614,20.2,6.95,6.476075000000001,25.7858226417,
6.96666666667,6.217,25.7872717838,,6.96666666667,25.7365517709,6.703,,6.96666666667,6.483075,25.7872717838,
6.98333333333,6.218,25.7872717838,,6.98333333333,25.7394500605,6.723,,6.98333333333,6.484075000000001,25.7872717838,
7,6.246,25.7858226417,,7,25.7365517709,6.855,,7,6.512075000000001,25.7858226417,
7.01666666667,6.280,25.7858226417,20.2,7.01666666667,25.7380009158,6.860,20.5,7.01666666667,6.28,25.7858226417,20.2
7.03333333333,6.297,25.7858226417,,7.03333333333,25.7380009158,6.950,,7.03333333333,6.297,25.7858226417,
7.05,6.300,25.7858226417,,7.05,25.7380009158,7.009,,7.05,6.3,25.7858226417,
7.06666666667,6.333,25.7858226417,,7.06666666667,25.7365517709,7.082,,7.06666666667,6.333,25.7858226417,
7.08333333333,6.306,25.7858226417,,7.08333333333,25.7408992051,7.207,,7.08333333333,6.306,25.7858226417,
7.1,6.346,25.7872717838,,7.1,25.7380009158,7.341,20.7,7.1,6.346,25.7872717838,
7.11666666667,6.323,25.7858226417,,7.11666666667,25.7351026259,7.476,,7.11666666667,6.323,25.7858226417,
7.13333333333,6.348,25.7858226417,20.5,7.13333333333,25.7365517709,7.574,,7.13333333333,6.348,25.7858226417,20.5
7.15,6.377,25.7872717838,,7.15,25.7380009158,7.754,,7.15,6.377,25.7872717838,
7.16666666667,6.432,25.7858226417,,7.16666666667,25.7365517709,7.916,21,7.16666666667,6.432,25.7858226417,
7.18333333333,6.506,25.7872717838,,7.18333333333,25.7351026259,8.107,,7.18333333333,6.506,25.7872717838,
7.2,6.503,25.7858226417,,7.2,25.7351026259,8.352,,7.2,6.503,25.7858226417,
7.21666666667,6.518,25.7858226417,,7.21666666667,25.7365517709,8.569,,7.21666666667,6.518,25.7858226417,
7.23333333333,6.489,25.7858226417,20.7,7.23333333333,25.7394500605,8.919,21.2,7.23333333333,6.489,25.7858226417,20.7
7.25,6.537,25.7858226417,,7.25,25.7351026259,9.204,,7.25,6.537,25.7858226417,
7.26666666667,6.558,25.7872717838,,7.26666666667,25.7351026259,9.552,,7.26666666667,6.558,25.7872717838,
7.28333333333,6.586,25.7858226417,,7.28333333333,25.7365517709,9.849,,7.28333333333,6.586,25.7858226417,
7.3,6.616,25.7858226417,,7.3,25.7365517709,10.220,,7.3,6.616,25.7858226417,
7.31666666667,6.597,25.7858226417,,7.31666666667,25.7336534807,10.552,21.5,7.31666666667,6.597,25.7858226417,
7.33333333333,6.609,25.7858226417,,7.33333333333,25.726407753,10.719,,7.33333333333,6.609,25.7858226417,
7.35,6.667,25.7858226417,,7.35,25.7293060445,10.895,,7.35,6.667,25.7858226417,
7.36666666667,6.655,25.7858226417,21,7.36666666667,25.7278568988,11.123,,7.36666666667,6.655,25.7858226417,21
7.38333333333,6.649,25.7858226417,,7.38333333333,25.724958607,11.215,,7.38333333333,6.649,25.7858226417,
7.4,6.842,25.7858226417,,7.4,25.724958607,11.292,21.7,7.4,6.842,25.7858226417,
7.41666666667,6.718,25.7858226417,,7.41666666667,25.726407753,11.396,,7.41666666667,6.718,25.7858226417,
7.43333333333,6.850,25.7858226417,,7.43333333333,25.720611168,11.492,,7.43333333333,6.85,25.7858226417,
7.45,6.903,25.7858226417,,7.45,25.7191620214,11.516,,7.45,6.903,25.7858226417,
7.46666666667,6.931,25.7843734996,21.2,7.46666666667,25.7220603145,11.580,,7.46666666667,6.931,25.7843734996,21.2
7.48333333333,6.852,25.7858226417,,7.48333333333,25.720611168,11.571,22,7.48333333333,6.852,25.7858226417,
7.5,6.981,25.7858226417,,7.5,25.7162637277,11.623,,7.5,6.981,25.7858226417,
7.51666666667,6.999,25.7858226417,,7.51666666667,25.7177128746,11.640,,7.51666666667,6.999,25.7858226417,
7.53333333333,7.067,25.7858226417,,7.53333333333,25.7177128746,11.702,22.2,7.53333333333,7.067,25.7858226417,
7.55,7.084,25.7858226417,,7.55,25.7177128746,11.722,,7.55,7.084,25.7858226417,
7.56666666667,7.097,25.7858226417,,7.56666666667,25.7177128746,11.758,,7.56666666667,7.097,25.7858226417,
7.58333333333,7.177,25.7858226417,,7.58333333333,25.7177128746,11.716,,7.58333333333,7.177,25.7858226417,
7.6,7.185,25.7843734996,,7.6,25.7162637277,11.749,,7.6,7.185,25.7843734996,
7.61666666667,7.327,25.7858226417,,7.61666666667,25.7162637277,11.755,22.5,7.61666666667,7.327,25.7858226417,
7.63333333333,7.326,25.7829243574,,7.63333333333,25.7162637277,11.842,,7.63333333333,7.326,25.7829243574,
7.65,7.364,25.7829243574,21.5,7.65,25.7133654333,11.819,,7.65,7.364,25.7829243574,21.5
7.66666666667,7.529,25.7858226417,,7.66666666667,25.7119162858,11.849,,7.66666666667,7.529,25.7858226417,
7.68333333333,7.542,25.7858226417,,7.68333333333,25.7119162858,11.857,,7.68333333333,7.542,25.7858226417,
7.7,7.608,25.7843734996,,7.7,25.7090179903,11.879,,7.7,7.608,25.7843734996,
7.71666666667,7.681,25.7858226417,,7.71666666667,25.7061196941,11.872,,7.71666666667,7.681,25.7858226417,
7.73333333333,7.752,25.7829243574,,7.73333333333,25.7090179903,11.958,23,7.73333333333,7.752,25.7829243574,
7.75,7.834,25.7858226417,,7.75,25.7061196941,11.919,,7.75,7.834,25.7858226417,
7.76666666667,7.869,25.7829243574,,7.76666666667,25.7032213971,11.891,,7.76666666667,7.869,25.7829243574,
7.78333333333,7.951,25.7843734996,21.7,7.78333333333,25.6959756512,11.919,,7.78333333333,10.884290909090911,25.7843734996,21.7
7.8,8.120,25.7843734996,,7.8,25.6974248008,11.974,23.2,7.8,11.05329090909091,25.7843734996,
7.81666666667,8.162,25.7858226417,,7.81666666667,25.6959756512,11.984,,7.81666666667,11.095290909090911,25.7858226417,
7.83333333333,8.267,25.7829243574,,7.83333333333,25.6988739502,12.001,,7.83333333333,11.20029090909091,25.7829243574,
7.85,8.416,25.7814752152,,7.85,25.6974248008,11.999,,7.85,11.34929090909091,25.7814752152,
7.86666666667,8.501,25.7814752152,,7.86666666667,25.6945265014,11.991,,7.86666666667,11.43429090909091,25.7814752152,
7.88333333333,8.627,25.7829243574,,7.88333333333,25.6974248008,12.020,,7.88333333333,11.560290909090911,25.7829243574,
7.9,8.838,25.7800260729,,7.9,25.6945265014,12.046,23.5,7.9,11.77129090909091,25.7800260729,
7.91666666667,8.850,25.7785769306,,7.91666666667,25.6945265014,12.041,,7.91666666667,11.78329090909091,25.7785769306,
7.93333333333,8.955,25.7771277882,,7.93333333333,25.6930773514,12.078,,7.93333333333,11.88829090909091,25.7771277882,
7.95,9.054,25.7814752152,,7.95,25.6930773514,12.098,,7.95,11.98729090909091,25.7814752152,
7.96666666667,9.170,25.7829243574,22,7.96666666667,25.6930773514,12.071,,7.96666666667,9.17,25.7829243574,22
7.98333333333,9.338,25.7814752152,,7.98333333333,25.6930773514,12.073,,7.98333333333,9.338,25.7814752152,
8,9.420,25.7785769306,,8,25.6930773514,12.119,,8,9.42,25.7785769306,
8.01666666667,9.497,25.7800260729,,8.01666666667,25.6916282012,12.124,,8.01666666667,9.497,25.7800260729,
8.03333333333,9.625,25.7742295034,,8.03333333333,25.6916282012,12.094,,8.03333333333,9.625,25.7742295034,
8.05,9.701,25.7771277882,,8.05,25.6901790508,12.114,,8.05,9.701,25.7771277882,
8.06666666667,9.783,25.7756786458,,8.06666666667,25.6916282012,12.174,,8.06666666667,9.783,25.7756786458,
8.08333333333,9.885,25.7785769306,,8.08333333333,25.6829332952,12.182,24,8.08333333333,9.885,25.7785769306,
8.1,9.983,25.7727803608,,8.1,25.6872807492,12.172,,8.1,9.983,25.7727803608,
8.11666666667,10.106,25.7713312183,22.2,8.11666666667,25.6843824468,12.167,,8.11666666667,10.106,25.7713312183,22.2
8.13333333333,10.134,25.7727803608,,8.13333333333,25.6800349914,12.132,,8.13333333333,10.134,25.7727803608,
8.15,10.236,25.7727803608,,8.15,25.6800349914,12.163,,8.15,10.236,25.7727803608,
8.16666666667,10.312,25.7713312183,,8.16666666667,25.6814841434,12.176,,8.16666666667,10.312,25.7713312183,
8.18333333333,10.363,25.7713312183,,8.18333333333,25.6800349914,12.221,,8.18333333333,10.363,25.7713312183,
8.2,10.421,25.7713312183,,8.2,25.6756875338,12.225,,8.2,10.421,25.7713312183,
8.21666666667,10.494,25.7684329329,,8.21666666667,25.6785858391,12.219,24.5,8.21666666667,10.494,25.7684329329,
8.23333333333,10.541,25.7684329329,22.5,8.23333333333,25.6771366866,12.196,,8.23333333333,10.541,25.7684329329,22.5
8.25,10.594,25.7655346473,,8.25,25.6756875338,12.197,,8.25,10.594,25.7655346473,
8.26666666667,10.664,25.7698820756,,8.26666666667,25.6727892276,12.229,,8.26666666667,10.664,25.7698820756,
8.28333333333,10.725,25.7626363614,,8.28333333333,25.671340074,12.244,,8.28333333333,10.725,25.7626363614,
8.3,10.745,25.7655346473,,8.3,25.671340074,12.234,,8.3,10.745,25.7655346473,
8.31666666667,10.814,25.7626363614,,8.31666666667,25.6727892276,12.277,,8.31666666667,10.814,25.7626363614,
8.33333333333,10.866,25.7626363614,,8.33333333333,25.6727892276,12.239,,8.33333333333,10.866,25.7626363614,
8.35,10.890,25.7611872183,22.7,8.35,25.6698909203,12.266,,8.35,10.940522800306185,25.7611872183,22.7
8.36666666667,10.902,25.7611872183,,8.36666666667,25.6698909203,12.269,25,8.36666666667,10.952522800306184,25.7611872183,
8.38333333333,10.933,25.7626363614,,8.38333333333,25.6698909203,12.253,,8.38333333333,10.983522800306185,25.7626363614,
8.4,10.955,25.7568397885,,8.4,25.6684417662,12.296,,8.4,11.005522800306185,25.7568397885,
8.41666666667,11.046,25.7553906451,,8.41666666667,25.6669926119,12.301,,8.41666666667,11.096522800306184,25.7553906451,
8.43333333333,11.060,25.7582889318,,8.43333333333,25.6669926119,12.200,,8.43333333333,11.110522800306185,25.7582889318,
8.45,11.070,25.7568397885,,8.45,25.6640943026,12.296,,8.45,11.120522800306185,25.7568397885,
8.46666666667,11.099,25.7539415016,,8.46666666667,25.6655434574,12.252,,8.46666666667,11.149522800306185,25.7539415016,
8.48333333333,11.170,25.7524923579,,8.48333333333,25.6626451475,12.309,,8.48333333333,11.220522800306185,25.7524923579,
8.5,11.136,25.7495940704,,8.5,25.6597468364,12.317,,8.5,11.186522800306184,25.7495940704,
8.51666666667,11.171,25.7495940704,23,8.51666666667,25.6597468364,12.298,,8.51666666667,11.171,25.7495940704,23
8.53333333333,11.186,25.7495940704,,8.53333333333,25.6568485243,12.298,25.5,8.53333333333,11.186,25.7495940704,
8.55,11.215,25.743797494,,8.55,25.6553993678,12.329,,8.55,11.215,25.743797494,
8.56666666667,11.266,25.7452466383,,8.56666666667,25.652501054,12.281,,8.56666666667,11.266,25.7452466383,
8.58333333333,11.280,25.743797494,,8.58333333333,25.6553993678,12.338,,8.58333333333,11.28,25.743797494,
8.6,11.304,25.7466957824,,8.6,25.652501054,12.324,,8.6,11.304,25.7466957824,
8.61666666667,11.304,25.7423483496,,8.61666666667,25.648153581,12.344,,8.61666666667,11.304,25.7423483496,
8.63333333333,11.312,25.743797494,,8.63333333333,25.648153581,12.357,,8.63333333333,11.312,25.743797494,
8.65,11.370,25.7394500605,23.5,8.65,25.6467044227,12.346,,8.65,11.37,25.7394500605,23.5
8.66666666667,11.391,25.7394500605,,8.66666666667,25.648153581,12.377,,8.66666666667,11.391,25.7394500605,
8.68333333333,11.510,25.7408992051,,8.68333333333,25.648153581,12.336,26,8.68333333333,11.51,25.7408992051,
8.7,11.552,25.7394500605,,8.7,25.6452552642,12.351,,8.7,11.552,25.7394500605,
8.71666666667,11.576,25.7380009158,,8.71666666667,25.6423569461,12.368,,8.71666666667,11.576,25.7380009158,
8.73333333333,11.584,25.7394500605,24,8.73333333333,25.6394586268,12.404,,8.73333333333,12.093916666666665,25.7394500605,24
8.75,11.614,25.7365517709,,8.75,25.6409077866,12.375,,8.75,12.123916666666666,25.7365517709,
8.76666666667,11.650,25.7336534807,,8.76666666667,25.6394586268,12.364,,8.76666666667,12.159916666666666,25.7336534807,
8.78333333333,11.712,25.7336534807,,8.78333333333,25.6394586268,12.406,,8.78333333333,12.221916666666665,25.7336534807,
8.8,11.723,25.7322043355,,8.8,25.6351111455,12.396,,8.8,12.232916666666666,25.7322043355,
8.81666666667,11.736,25.7293060445,,8.81666666667,25.6336619844,12.417,,8.81666666667,12.245916666666666,25.7293060445,
8.83333333333,11.765,25.7278568988,24.5,8.83333333333,25.6365603063,12.419,,8.83333333333,11.765,25.7278568988,24.5
8.85,11.806,25.7191620214,,8.85,25.6336619844,12.381,,8.85,11.806,25.7191620214,
8.86666666667,11.782,25.7191620214,,8.86666666667,25.6307636612,12.366,26.5,8.86666666667,11.782,25.7191620214,
8.88333333333,11.824,25.720611168,,8.88333333333,25.6336619844,12.365,,8.88333333333,11.824,25.720611168,
8.9,11.805,25.7177128746,,8.9,25.6293144991,12.398,,8.9,11.805,25.7177128746,
8.91666666667,11.874,25.7191620214,25,8.91666666667,25.6293144991,12.389,,8.91666666667,12.2531,25.7191620214,25
8.93333333333,11.864,25.7162637277,,8.93333333333,25.6278653367,12.417,,8.93333333333,12.2431,25.7162637277,
8.95,11.900,25.7177128746,,8.95,25.6278653367,12.409,,8.95,12.2791,25.7177128746,
8.96666666667,11.871,25.7162637277,,8.96666666667,25.6264161739,12.449,,8.96666666667,12.2501,25.7162637277,
8.98333333333,11.908,25.7162637277,,8.98333333333,25.6278653367,12.475,,8.98333333333,12.287099999999999,25.7162637277,
9,11.927,25.7148145806,,9,25.6264161739,12.444,,9,12.306099999999999,25.7148145806,
9.01666666667,11.956,25.7162637277,,9.01666666667,25.6278653367,12.434,,9.01666666667,12.335099999999999,25.7162637277,
9.03333333333,12.003,25.7133654333,25.5,9.03333333333,25.6249670108,12.453,,9.03333333333,12.003,25.7133654333,25.5
9.05,11.924,25.7133654333,,9.05,25.6235178474,12.423,,9.05,11.924,25.7133654333,
9.06666666667,11.985,25.7148145806,,9.06666666667,25.6235178474,12.390,,9.06666666667,11.985,25.7148145806,
9.08333333333,11.947,25.7104671381,,9.08333333333,25.6206195194,12.444,,9.08333333333,11.947,25.7104671381,
9.1,12.034,25.7075688423,,9.1,25.6220686836,12.497,,9.1,12.034,25.7075688423,
9.11666666667,12.063,25.7075688423,,9.11666666667,25.6220686836,12.409,27,9.11666666667,12.063,25.7075688423,
9.13333333333,12.046,25.7046705457,26,9.13333333333,25.6206195194,12.466,,9.13333333333,12.351163636363639,25.7046705457,26
9.15,12.063,25.7003230994,,9.15,25.6191703549,12.431,,9.15,12.36816363636364,25.7003230994,
9.16666666667,12.092,25.6988739502,,9.16666666667,25.6148228592,12.454,,9.16666666667,12.39716363636364,25.6988739502,
9.18333333333,12.059,25.6974248008,,9.18333333333,25.6148228592,12.470,,9.18333333333,12.364163636363639,25.6974248008,
9.2,12.131,25.6974248008,,9.2,25.6090261931,12.515,,9.2,12.43616363636364,25.6974248008,
9.21666666667,12.140,25.6974248008,26.5,9.21666666667,25.6090261931,12.462,,9.21666666667,12.454699999999999,25.6974248008,26.5
9.23333333333,12.065,25.6959756512,,9.23333333333,25.6075770257,12.507,,9.23333333333,12.379699999999998,25.6959756512,
9.25,12.110,25.6945265014,,9.25,25.6090261931,12.463,,9.25,12.424699999999998,25.6945265014,
9.26666666667,12.066,25.6930773514,,9.26666666667,25.6075770257,12.500,27.5,9.26666666667,12.3807,25.6930773514,
9.28333333333,12.118,25.6930773514,,9.28333333333,25.6061278578,12.465,,9.28333333333,12.432699999999999,25.6930773514,
9.3,12.154,25.6916282012,,9.3,25.6061278578,12.492,,9.3,12.468699999999998,25.6916282012,
9.31666666667,12.160,25.6916282012,27,9.31666666667,25.6046786896,12.524,,9.31666666667,12.463444444444445,25.6916282012,27
9.33333333333,12.153,25.6916282012,,9.33333333333,25.6046786896,12.507,,9.33333333333,12.456444444444445,25.6916282012,
9.35,12.214,25.6887299001,,9.35,25.603229521,12.512,,9.35,12.517444444444445,25.6887299001,
9.36666666667,12.134,25.6887299001,,9.36666666667,25.603229521,12.491,,9.36666666667,12.437444444444445,25.6887299001,
9.38333333333,12.151,25.6843824468,,9.38333333333,25.603229521,12.551,,9.38333333333,12.454444444444444,25.6843824468,
9.4,12.152,25.6829332952,,9.4,25.603229521,12.528,28,9.4,12.455444444444444,25.6829332952,
9.41666666667,12.204,25.6829332952,27.5,9.41666666667,25.6017803521,12.527,,9.41666666667,12.510000000000002,25.6829332952,27.5
9.43333333333,12.195,25.6829332952,,9.43333333333,25.6017803521,12.520,,9.43333333333,12.501000000000001,25.6829332952,
9.45,12.202,25.6829332952,,9.45,25.6017803521,12.527,,9.45,12.508000000000001,25.6829332952,
9.46666666667,12.196,25.6829332952,,9.46666666667,25.603229521,12.477,,9.46666666667,12.502,25.6829332952,
9.48333333333,12.225,25.6771366866,28,9.48333333333,25.6017803521,12.572,,9.48333333333,12.522499999999999,25.6771366866,28
9.5,12.218,25.6800349914,,9.5,25.6017803521,12.529,,9.5,12.5155,25.6800349914,
9.51666666667,12.222,25.6771366866,,9.51666666667,25.603229521,12.549,,9.51666666667,12.519499999999999,25.6771366866,
9.53333333333,12.266,25.6756875338,,9.53333333333,25.6017803521,12.568,,9.53333333333,12.5635,25.6756875338,
9.55,12.237,25.6742383808,,9.55,25.603229521,12.514,,9.55,12.5345,25.6742383808,
9.56666666667,12.252,25.6727892276,28.5,9.56666666667,25.6017803521,12.530,28.5,9.56666666667,12.252,25.6727892276,28.5
9.58333333333,12.281,25.671340074,,9.58333333333,25.6003311827,12.555,,9.58333333333,12.281,25.671340074,
9.6,12.283,25.671340074,,9.6,25.6003311827,12.548,,9.6,12.283,25.671340074,
9.61666666667,12.325,25.6684417662,,9.61666666667,25.6003311827,12.565,,9.61666666667,12.325,25.6684417662,
9.63333333333,12.278,25.6684417662,,9.63333333333,25.6003311827,12.557,,9.63333333333,12.278,25.6684417662,
9.65,12.291,25.6684417662,,9.65,25.5974328427,12.500,,9.65,12.291,25.6684417662,
9.66666666667,12.298,25.6698909203,29,9.66666666667,25.6017803521,12.606,,9.66666666667,12.298,25.6698909203,29
9.68333333333,12.303,25.6655434574,,9.68333333333,25.5974328427,12.544,,9.68333333333,12.303,25.6655434574,
9.7,12.287,25.6684417662,,9.7,25.5959836722,12.542,,9.7,12.287,25.6684417662,
9.71666666667,12.298,25.6684417662,,9.71666666667,25.5974328427,12.527,,9.71666666667,12.298,25.6684417662,
9.73333333333,12.286,25.6655434574,,9.73333333333,25.5945345012,12.560,29,9.73333333333,12.286,25.6655434574,
9.75,12.320,25.6655434574,29.5,9.75,25.591636158,12.532,,9.75,12.32,25.6655434574,29.5
9.76666666667,12.325,25.6626451475,,9.76666666667,25.5930853298,12.561,,9.76666666667,12.325,25.6626451475,
9.78333333333,12.337,25.6568485243,,9.78333333333,25.5872886402,12.596,,9.78333333333,12.337,25.6568485243,
9.8,12.348,25.6568485243,,9.8,25.5901869858,12.589,,9.8,12.348,25.6568485243,
9.81666666667,12.386,25.6553993678,,9.81666666667,25.5829411186,12.635,,9.81666666667,12.386,25.6553993678,
9.83333333333,12.294,25.6553993678,,9.83333333333,25.5872886402,12.530,,9.83333333333,12.294,25.6553993678,
9.85,12.361,25.6553993678,,9.85,25.5887378132,12.584,,9.85,12.361,25.6553993678,
9.86666666667,12.349,25.652501054,30,9.86666666667,25.5872886402,12.586,,9.86666666667,12.586589743589744,25.652501054,30
9.88333333333,12.406,25.6510518966,,9.88333333333,25.5829411186,12.574,,9.88333333333,12.643589743589745,25.6510518966,
9.9,12.317,25.649602739,,9.9,25.5843902929,12.583,,9.9,12.554589743589744,25.649602739,
9.91666666667,12.378,25.6452552642,,9.91666666667,25.5829411186,12.550,29.5,9.91666666667,12.615589743589744,25.6452552642,
9.93333333333,12.378,25.6467044227,,9.93333333333,25.5785935932,12.606,,9.93333333333,12.615589743589744,25.6467044227,
9.95,12.382,25.6452552642,,9.95,25.5771444172,12.589,,9.95,12.619589743589744,25.6452552642,
9.96666666667,12.392,25.6438061053,30.5,9.96666666667,25.5771444172,12.592,,9.96666666667,12.392,25.6438061053,30.5
9.98333333333,12.468,25.6394586268,,9.98333333333,25.5756952407,12.707,,9.98333333333,12.468,25.6394586268,
10,12.399,25.6409077866,,10,25.5742460638,12.622,,10,12.399,25.6409077866,
10.0166666667,12.410,25.6365603063,,10.0166666667,25.5727968865,12.546,,10.0166666667,12.41,25.6365603063,
10.0333333333,12.370,25.6351111455,,10.0333333333,25.5698985305,12.642,,10.0333333333,12.37,25.6351111455,
10.05,12.389,25.6336619844,31,10.05,25.5698985305,12.527,,10.05,12.395478607540559,25.6336619844,31
10.0666666667,12.446,25.6380094667,,10.0666666667,25.565550993,12.630,,10.0666666667,12.45247860754056,25.6380094667,
10.0833333333,12.434,25.6336619844,,10.0833333333,25.5684493518,12.582,,10.0833333333,12.440478607540559,25.6336619844,
10.1,12.446,25.6307636612,,10.1,25.565550993,12.623,30,10.1,12.45247860754056,25.6307636612,
10.1166666667,12.402,25.6293144991,,10.1166666667,25.5626526324,12.606,,10.1166666667,12.408478607540559,25.6293144991,
10.1333333333,12.453,25.6293144991,,10.1333333333,25.564101813,12.574,,10.1333333333,12.459478607540559,25.6293144991,
10.15,12.358,25.6307636612,,10.15,25.5626526324,12.558,,10.15,12.36447860754056,25.6307636612,
10.1666666667,12.420,25.6293144991,31.5,10.1666666667,25.5612034515,12.581,,10.1666666667,12.45388995233816,25.6293144991,31.5
10.1833333333,12.422,25.6249670108,,10.1833333333,25.55975427,12.612,,10.1833333333,12.455889952338161,25.6249670108,
10.2,12.435,25.6278653367,,10.2,25.5568559056,12.620,,10.2,12.468889952338161,25.6278653367,
10.2166666667,12.475,25.6264161739,,10.2166666667,25.5583050881,12.606,,10.2166666667,12.50888995233816,25.6264161739,
10.2333333333,12.449,25.6264161739,,10.2333333333,25.5583050881,12.621,,10.2333333333,12.48288995233816,25.6264161739,
10.25,12.425,25.6249670108,,10.25,25.5568559056,12.608,,10.25,12.458889952338161,25.6249670108,
10.2666666667,12.467,25.6249670108,,10.2666666667,25.5554067228,12.592,,10.2666666667,12.500889952338161,25.6249670108,
10.2833333333,12.450,25.6235178474,32,10.2833333333,25.5568559056,12.668,,10.2833333333,12.519431238187003,25.6235178474,32
10.3,12.399,25.6220686836,,10.3,25.5554067228,12.608,,10.3,12.468431238187003,25.6220686836,
10.3166666667,12.407,25.6206195194,,10.3166666667,25.5554067228,12.591,30.5,10.3166666667,12.476431238187004,25.6206195194,
10.3333333333,12.477,25.6206195194,,10.3333333333,25.5554067228,12.655,,10.3333333333,12.546431238187004,25.6206195194,
10.35,12.431,25.6191703549,,10.35,25.5539575394,12.618,,10.35,12.500431238187003,25.6191703549,
10.3666666667,12.465,25.61772119,,10.3666666667,25.5539575394,12.597,,10.3666666667,12.534431238187004,25.61772119,
10.3833333333,12.486,25.6191703549,32.5,10.3833333333,25.5554067228,12.647,,10.3833333333,12.525149240645996,25.6191703549,32.5
10.4,12.407,25.61772119,,10.4,25.5554067228,12.598,,10.4,12.446149240645996,25.61772119,
10.4166666667,12.479,25.6133736932,,10.4166666667,25.5496099864,12.670,,10.4166666667,12.518149240645995,25.6133736932,
10.4333333333,12.437,25.6133736932,,10.4333333333,25.5510591712,12.635,,10.4333333333,12.476149240645995,25.6133736932,
10.45,12.512,25.6119245269,,10.45,25.5481608011,12.689,,10.45,12.551149240645996,25.6119245269,
10.4666666667,12.526,25.6104753602,,10.4666666667,25.5481608011,12.649,,10.4666666667,12.565149240645995,25.6104753602,
10.4833333333,12.468,25.6061278578,,10.4833333333,25.5452624289,12.611,,10.4833333333,12.507149240645996,25.6061278578,
10.5,12.508,25.6061278578,,10.5,25.5496099864,12.657,,10.5,12.547149240645995,25.6061278578,
10.5166666667,12.501,25.6046786896,,10.5166666667,25.5423640548,12.641,,10.5166666667,12.540149240645995,25.6046786896,
10.5333333333,12.528,25.6046786896,,10.5333333333,25.5423640548,12.660,,10.5333333333,12.567149240645996,25.6046786896,
10.55,12.522,25.603229521,,10.55,25.5496099864,12.607,,10.55,12.561149240645996,25.603229521,
10.5666666667,12.500,25.603229521,,10.5666666667,25.5423640548,12.655,,10.5666666667,12.539149240645996,25.603229521,
10.5833333333,12.483,25.6017803521,,10.5833333333,25.540914867,12.605,,10.5833333333,12.522149240645996,25.6017803521,
10.6,12.445,25.6017803521,,10.6,25.5380164898,12.644,,10.6,12.484149240645996,25.6017803521,
10.6166666667,12.515,25.6017803521,,10.6166666667,25.5394656787,12.684,,10.6166666667,12.554149240645996,25.6017803521,
10.6333333333,12.517,25.6017803521,,10.6333333333,25.5394656787,12.691,,10.6333333333,12.556149240645995,25.6017803521,
10.65,12.497,25.6017803521,,10.65,25.5365673005,12.664,,10.65,12.536149240645996,25.6017803521,
10.6666666667,12.532,25.6017803521,,10.6666666667,25.5438132421,12.634,,10.6666666667,12.571149240645996,25.6017803521,
10.6833333333,12.506,25.6017803521,,10.6833333333,25.5336689202,12.669,,10.6833333333,12.545149240645996,25.6017803521,
10.7,12.567,25.6017803521,,10.7,25.5336689202,12.646,,10.7,12.606149240645996,25.6017803521,
10.7166666667,12.502,25.6017803521,,10.7166666667,25.5351181106,12.635,,10.7166666667,12.541149240645996,25.6017803521,
10.7333333333,12.600,25.6017803521,,10.7333333333,25.5336689202,12.639,,10.7333333333,12.639149240645995,25.6017803521,
10.75,12.556,25.6017803521,,10.75,25.5336689202,12.641,,10.75,12.595149240645995,25.6017803521,
10.7666666667,12.509,25.6017803521,,10.7666666667,25.5351181106,12.641,,10.7666666667,12.548149240645996,25.6017803521,
10.7833333333,12.498,25.6017803521,,10.7833333333,25.5336689202,12.675,,10.7833333333,12.537149240645995,25.6017803521,
10.8,12.554,25.6003311827,,10.8,25.5336689202,12.657,,10.8,12.593149240645996,25.6003311827,
10.8166666667,12.582,25.5988820129,,10.8166666667,25.5322197293,12.656,,10.8166666667,12.621149240645996,25.5988820129,
10.8333333333,12.556,25.5988820129,,10.8333333333,25.5336689202,12.662,,10.8333333333,12.595149240645995,25.5988820129,
10.85,12.523,25.6003311827,,10.85,25.5322197293,12.668,,10.85,12.562149240645995,25.6003311827,
10.8666666667,12.568,25.5959836722,,10.8666666667,25.5322197293,12.559,,10.8666666667,12.607149240645995,25.5959836722,
10.8833333333,12.586,25.5974328427,,10.8833333333,25.5322197293,12.692,,10.8833333333,12.625149240645996,25.5974328427,
10.9,12.580,25.5959836722,,10.9,25.5322197293,12.670,,10.9,12.619149240645996,25.5959836722,
10.9166666667,12.513,25.5901869858,,10.9166666667,25.5322197293,12.668,,10.9166666667,12.552149240645996,25.5901869858,
10.9333333333,12.560,25.591636158,,10.9333333333,25.5307705378,12.717,,10.9333333333,12.599149240645996,25.591636158,
10.95,12.557,25.591636158,,10.95,25.5307705378,12.694,,10.95,12.596149240645996,25.591636158,
10.9666666667,12.578,25.5901869858,,10.9666666667,25.5307705378,12.728,,10.9666666667,12.617149240645995,25.5901869858,
10.9833333333,12.511,25.5901869858,,10.9833333333,25.5307705378,12.708,,10.9833333333,12.550149240645995,25.5901869858,
11,12.552,25.5887378132,,11,25.5322197293,12.679,,11,12.591149240645995,25.5887378132,
11.0166666667,12.549,25.5858394668,,11.0166666667,25.5307705378,12.640,,11.0166666667,12.588149240645995,25.5858394668,
11.0333333333,12.565,25.5872886402,,11.0333333333,25.5307705378,12.745,,11.0333333333,12.604149240645995,25.5872886402,
11.05,12.583,25.5829411186,,11.05,25.5307705378,12.690,,11.05,12.622149240645996,25.5829411186,
11.0666666667,12.606,25.5829411186,,11.0666666667,25.5322197293,12.666,,11.0666666667,12.645149240645996,25.5829411186,
11.0833333333,12.585,25.5785935932,,11.0833333333,25.5264229603,12.700,,11.0833333333,12.624149240645997,25.5785935932,
11.1,12.589,25.5771444172,,11.1,25.5235245727,12.738,,11.1,12.628149240645996,25.5771444172,
11.1166666667,12.581,25.5742460638,,11.1166666667,25.5293213459,12.704,,11.1166666667,12.620149240645995,25.5742460638,
11.1333333333,12.611,25.5771444172,,11.1333333333,25.5206261828,12.714,,11.1333333333,12.650149240645996,25.5771444172,
11.15,12.604,25.5771444172,,11.15,25.522075378,12.716,,11.15,12.643149240645995,25.5771444172,
11.1666666667,12.584,25.5800427688,,11.1666666667,25.5235245727,12.692,,11.1666666667,12.623149240645995,25.5800427688,
11.1833333333,12.602,25.5771444172,,11.1833333333,25.5206261828,12.738,,11.1833333333,12.641149240645996,25.5771444172,
11.2,12.606,25.5756952407,,11.2,25.5206261828,12.715,,11.2,12.645149240645996,25.5756952407,
11.2166666667,12.607,25.5727968865,,11.2166666667,25.5249737668,12.704,,11.2166666667,12.646149240645995,25.5727968865,
11.2333333333,12.627,25.5742460638,,11.2333333333,25.5162785939,12.695,,11.2333333333,12.666149240645996,25.5742460638,
11.25,12.639,25.5742460638,,11.25,25.522075378,12.730,,11.25,12.678149240645995,25.5742460638,
11.2666666667,12.618,25.5713477087,,11.2666666667,25.522075378,12.697,,11.2666666667,12.657149240645996,25.5713477087,
11.2833333333,12.595,25.5727968865,,11.2833333333,25.5148293965,12.772,,11.2833333333,12.634149240645996,25.5727968865,
11.3,12.582,25.5713477087,,11.3,25.5162785939,12.713,,11.3,12.621149240645996,25.5713477087,
11.3166666667,12.614,25.5713477087,,11.3166666667,25.5162785939,12.728,,11.3166666667,12.653149240645996,25.5713477087,
11.3333333333,12.597,25.5670001726,,11.3333333333,25.5133801985,12.711,,11.3333333333,12.636149240645995,25.5670001726,
11.35,12.566,25.5684493518,,11.35,25.511931,12.720,,11.35,12.605149240645996,25.5684493518,
11.3666666667,12.623,25.565550993,,11.3666666667,25.5133801985,12.723,,11.3666666667,12.662149240645995,25.565550993,
11.3833333333,12.670,25.5698985305,,11.3833333333,25.5148293965,12.796,,11.3833333333,12.709149240645996,25.5698985305,
11.4,12.648,25.5626526324,,11.4,25.511931,12.773,,11.4,12.687149240645995,25.5626526324,
11.4166666667,12.630,25.5583050881,,11.4166666667,25.511931,12.699,,11.4166666667,12.669149240645996,25.5583050881,
11.4333333333,12.629,25.5626526324,,11.4333333333,25.5104818009,12.736,,11.4333333333,12.668149240645995,25.5626526324,
11.45,12.630,25.5670001726,,11.45,25.5148293965,12.689,,11.45,12.669149240645996,25.5670001726,
11.4666666667,12.653,25.5583050881,,11.4666666667,25.5090326013,12.730,,11.4666666667,12.692149240645996,25.5583050881,
11.4833333333,12.596,25.5583050881,,11.4833333333,25.511931,12.693,,11.4833333333,12.635149240645996,25.5583050881,
11.5,12.660,25.5568559056,,11.5,25.5104818009,12.717,,11.5,12.699149240645996,25.5568559056,
11.5166666667,12.656,25.5583050881,,11.5166666667,25.5090326013,12.746,,11.5166666667,12.695149240645996,25.5583050881,
11.5333333333,12.689,25.5554067228,,11.5333333333,25.5090326013,12.735,,11.5333333333,12.728149240645996,25.5554067228,
11.55,12.638,25.5554067228,,11.55,25.5090326013,12.721,,11.55,12.677149240645996,25.5554067228,
11.5666666667,12.661,25.5539575394,,11.5666666667,25.5090326013,12.730,,11.5666666667,12.700149240645995,25.5539575394,
11.5833333333,12.617,25.5554067228,,11.5833333333,25.5090326013,12.711,,11.5833333333,12.656149240645997,25.5554067228,
11.6,12.675,25.5554067228,,11.6,25.5090326013,12.731,,11.6,12.714149240645996,25.5554067228,
11.6166666667,12.675,25.5539575394,,11.6166666667,25.507583401,12.758,,11.6166666667,12.714149240645996,25.5539575394,
11.6333333333,12.659,25.5525083555,,11.6333333333,25.5090326013,12.724,,11.6333333333,12.698149240645996,25.5525083555,
11.65,12.644,25.5554067228,,11.65,25.507583401,12.757,,11.65,12.683149240645996,25.5554067228,
11.6666666667,12.635,25.5554067228,,11.6666666667,25.507583401,12.712,,11.6666666667,12.674149240645995,25.5554067228,
11.6833333333,12.627,25.5539575394,,11.6833333333,25.507583401,12.735,,11.6833333333,12.666149240645996,25.5539575394,
11.7,12.630,25.5525083555,,11.7,25.5061342002,12.764,,11.7,12.669149240645996,25.5525083555,
11.7166666667,12.638,25.5525083555,,11.7166666667,25.5061342002,12.729,,11.7166666667,12.677149240645996,25.5525083555,
11.7333333333,12.630,25.5467116152,,11.7333333333,25.507583401,12.761,,11.7333333333,12.669149240645996,25.5467116152,
11.75,12.670,25.5481608011,,11.75,25.5032357969,12.731,,11.75,12.709149240645996,25.5481608011,
11.7666666667,12.648,25.5452624289,,11.7666666667,25.5032357969,12.738,,11.7666666667,12.687149240645995,25.5452624289,
11.7833333333,12.655,25.5496099864,,11.7833333333,25.5032357969,12.749,,11.7833333333,12.694149240645995,25.5496099864,
11.8,12.685,25.5452624289,,11.8,25.5017865943,12.759,,11.8,12.724149240645996,25.5452624289,
11.8166666667,12.656,25.540914867,,11.8166666667,25.5003373912,12.751,,11.8166666667,12.695149240645996,25.540914867,
11.8333333333,12.674,25.5394656787,,11.8333333333,25.5003373912,12.799,,11.8333333333,12.713149240645995,25.5394656787,
11.85,12.655,25.5438132421,,11.85,25.5017865943,12.737,,11.85,12.694149240645995,25.5438132421,
11.8666666667,12.631,25.540914867,,11.8666666667,25.4945405728,12.758,,11.8666666667,12.670149240645996,25.540914867,
11.8833333333,12.645,25.540914867,,11.8833333333,25.4930913667,12.778,,11.8833333333,12.684149240645995,25.540914867,
11.9,12.653,25.540914867,,11.9,25.4988881875,12.727,,11.9,12.692149240645996,25.540914867,
11.9166666667,12.665,25.5380164898,,11.9166666667,25.4974389832,12.706,,11.9166666667,12.704149240645995,25.5380164898,
11.9333333333,12.683,25.5380164898,,11.9333333333,25.4930913667,12.749,,11.9333333333,12.722149240645996,25.5380164898,
11.95,12.692,25.5365673005,,11.95,25.4930913667,12.782,,11.95,12.731149240645996,25.5365673005,
11.9666666667,12.645,25.5365673005,,11.9666666667,25.49164216,12.749,,11.9666666667,12.684149240645995,25.5365673005,
11.9833333333,12.676,25.5351181106,,11.9833333333,25.49164216,12.746,,11.9833333333,12.715149240645996,25.5351181106,
12,12.678,25.5351181106,,12,25.4872945363,12.791,,12,12.717149240645996,25.5351181106,
12.0166666667,12.704,25.5336689202,,12.0166666667,25.4872945363,12.738,,12.0166666667,12.743149240645996,25.5336689202,
12.0333333333,12.575,25.5336689202,,12.0333333333,25.4887437448,12.709,,12.0333333333,12.614149240645995,25.5336689202,
12.05,12.644,25.5336689202,,12.05,25.4887437448,12.755,,12.05,12.683149240645996,25.5336689202,
12.0666666667,12.711,25.5336689202,,12.0666666667,25.4887437448,12.782,,12.0666666667,12.750149240645996,25.5336689202,
12.0833333333,12.674,25.5336689202,,12.0833333333,25.4887437448,12.762,,12.0833333333,12.713149240645995,25.5336689202,
12.1,12.672,25.5351181106,,12.1,25.4872945363,12.765,,12.1,12.711149240645996,25.5351181106,
12.1166666667,12.663,25.5336689202,,12.1166666667,25.4872945363,12.808,,12.1166666667,12.702149240645996,25.5336689202,
12.1333333333,12.701,25.5336689202,,12.1333333333,25.4858453272,12.756,,12.1333333333,12.740149240645996,25.5336689202,
12.15,12.661,25.5322197293,,12.15,25.4872945363,12.784,,12.15,12.700149240645995,25.5322197293,
12.1666666667,12.665,25.5322197293,,12.1666666667,25.4843961175,12.786,,12.1666666667,12.704149240645995,25.5322197293,
12.1833333333,12.659,25.5336689202,,12.1833333333,25.4843961175,12.774,,12.1833333333,12.698149240645996,25.5336689202,
12.2,12.632,25.5336689202,,12.2,25.4858453272,12.789,,12.2,12.671149240645995,25.5336689202,
12.2166666667,12.723,25.5322197293,,12.2166666667,25.4858453272,12.730,,12.2166666667,12.762149240645996,25.5322197293,
12.2333333333,12.683,25.5322197293,,12.2333333333,25.4858453272,12.805,,12.2333333333,12.722149240645996,25.5322197293,
12.25,12.676,25.5307705378,,12.25,25.4858453272,12.766,,12.25,12.715149240645996,25.5307705378,
12.2666666667,12.704,25.5307705378,,12.2666666667,25.4843961175,12.795,,12.2666666667,12.743149240645996,25.5307705378,
12.2833333333,12.694,25.5307705378,,12.2833333333,25.4829469071,12.814,,12.2833333333,12.733149240645997,25.5307705378,
12.3,12.676,25.5307705378,,12.3,25.4843961175,12.734,,12.3,12.715149240645996,25.5307705378,
12.3166666667,12.726,25.5293213459,,12.3166666667,25.4829469071,12.749,,12.3166666667,12.765149240645997,25.5293213459,
12.3333333333,12.696,25.5249737668,,12.3333333333,25.4771500594,12.768,,12.3333333333,12.735149240645995,25.5249737668,
12.35,12.666,25.5293213459,,12.35,25.4829469071,12.807,,12.35,12.705149240645996,25.5293213459,
12.3666666667,12.706,25.5293213459,,12.3666666667,25.4800484845,12.777,,12.3666666667,12.745149240645995,25.5293213459,
12.3833333333,12.676,25.5278721534,,12.3833333333,25.4771500594,12.798,,12.3833333333,12.715149240645996,25.5278721534,
12.4,12.700,25.5264229603,,12.4,25.4785992723,12.805,,12.4,12.739149240645995,25.5264229603,
12.4166666667,12.717,25.5206261828,,12.4166666667,25.4757008459,12.803,,12.4166666667,12.756149240645996,25.5206261828,
12.4333333333,12.741,25.5278721534,,12.4333333333,25.4757008459,12.760,,12.4333333333,12.780149240645995,25.5278721534,
12.45,12.721,25.522075378,,12.45,25.4742516318,12.779,,12.45,12.760149240645996,25.522075378,
12.4666666667,12.680,25.5249737668,,12.4666666667,25.4757008459,12.780,,12.4666666667,12.719149240645995,25.5249737668,
12.4833333333,12.709,25.522075378,,12.4833333333,25.472802417,12.767,,12.4833333333,12.748149240645995,25.522075378,
12.5,12.715,25.522075378,,12.5,25.4699039856,12.834,,12.5,12.754149240645996,25.522075378,
12.5166666667,12.736,25.5206261828,,12.5166666667,25.4684547689,12.792,,12.5166666667,12.775149240645996,25.5206261828,
12.5333333333,12.744,25.5206261828,,12.5333333333,25.4684547689,12.800,,12.5333333333,12.783149240645995,25.5206261828,
12.55,12.714,25.5177277908,,12.55,25.4670055516,12.739,,12.55,12.753149240645996,25.5177277908,
12.5666666667,12.750,25.5191769871,,12.5666666667,25.4684547689,12.817,,12.5666666667,12.789149240645996,25.5191769871,
12.5833333333,12.724,25.5162785939,,12.5833333333,25.4655563336,12.755,,12.5833333333,12.763149240645996,25.5162785939,
12.6,12.703,25.5148293965,,12.6,25.4655563336,12.799,,12.6,12.742149240645995,25.5148293965,
12.6166666667,12.590,25.5177277908,,12.6166666667,25.4670055516,12.773,,12.6166666667,12.629149240645996,25.5177277908,
12.6333333333,12.717,25.5133801985,,12.6333333333,25.4684547689,12.820,,12.6333333333,12.756149240645996,25.5133801985,
12.65,12.712,25.511931,,12.65,25.4655563336,12.760,,12.65,12.751149240645995,25.511931,
12.6666666667,12.863,25.511931,,12.6666666667,25.4655563336,12.815,,12.6666666667,12.902149240645995,25.511931,
12.6833333333,12.678,25.5090326013,,12.6833333333,25.4641071149,12.827,,12.6833333333,12.717149240645996,25.5090326013,
12.7,12.676,25.5104818009,,12.7,25.4626578956,12.781,,12.7,12.715149240645996,25.5104818009,
12.7166666667,12.772,25.5104818009,,12.7166666667,25.459759455,12.800,,12.7166666667,12.811149240645996,25.5104818009,
12.7333333333,12.729,25.5104818009,,12.7333333333,25.4626578956,12.808,,12.7333333333,12.768149240645995,25.5104818009,
12.75,12.688,25.5104818009,,12.75,25.4612086756,12.826,,12.75,12.727149240645996,25.5104818009,
12.7666666667,12.695,25.5133801985,,12.7666666667,25.4612086756,12.781,,12.7666666667,12.734149240645996,25.5133801985,
12.7833333333,12.742,25.5104818009,,12.7833333333,25.4568610117,12.818,,12.7833333333,12.781149240645997,25.5104818009,
12.8,12.735,25.5090326013,,12.8,25.4612086756,12.839,,12.8,12.774149240645995,25.5090326013,
12.8166666667,12.744,25.5104818009,,12.8166666667,25.4612086756,12.807,,12.8166666667,12.783149240645995,25.5104818009,
12.8333333333,12.771,25.5090326013,,12.8333333333,25.4583102337,12.802,,12.8333333333,12.810149240645996,25.5090326013,
12.85,12.863,25.5090326013,,12.85,25.4568610117,12.758,,12.85,12.902149240645995,25.5090326013,
12.8666666667,12.734,25.5090326013,,12.8666666667,25.4568610117,12.843,,12.8666666667,12.773149240645996,25.5090326013,
12.8833333333,12.725,25.5104818009,,12.8833333333,25.4539625658,12.760,,12.8833333333,12.764149240645995,25.5104818009,
12.9,12.693,25.5090326013,,12.9,25.4568610117,12.817,,12.9,12.732149240645995,25.5090326013,
12.9166666667,12.706,25.5090326013,,12.9166666667,25.4539625658,12.864,,12.9166666667,12.745149240645995,25.5090326013,
12.9333333333,12.762,25.507583401,,12.9333333333,25.4626578956,12.793,,12.9333333333,12.801149240645996,25.507583401,
12.95,12.698,25.507583401,,12.95,25.4568610117,12.832,,12.95,12.737149240645996,25.507583401,
12.9666666667,12.719,25.507583401,,12.9666666667,25.459759455,12.790,,12.9666666667,12.758149240645995,25.507583401,
12.9833333333,12.737,25.5090326013,,12.9833333333,25.4525133418,12.788,,12.9833333333,12.776149240645996,25.5090326013,
13,12.749,25.507583401,,13,25.4539625658,12.822,,13,12.788149240645996,25.507583401,
13.0166666667,12.694,25.5061342002,,13.0166666667,25.4568610117,12.829,,13.0166666667,12.733149240645997,25.5061342002,
13.0333333333,12.739,25.507583401,,13.0333333333,25.4525133418,12.859,,13.0333333333,12.778149240645996,25.507583401,
13.05,12.775,25.5090326013,,13.05,25.4496148918,12.856,,13.05,12.814149240645996,25.5090326013,
13.0666666667,12.777,25.507583401,,13.0666666667,25.4510641171,12.767,,13.0666666667,12.816149240645995,25.507583401,
13.0833333333,12.813,25.5090326013,,13.0833333333,25.4510641171,12.847,,13.0833333333,12.852149240645996,25.5090326013,
13.1,12.769,25.5046849988,,13.1,25.4496148918,12.833,,13.1,12.808149240645996,25.5046849988,
13.1166666667,12.696,25.5046849988,,13.1166666667,25.446716439,12.835,,13.1166666667,12.735149240645995,25.5046849988,
13.1333333333,12.738,25.5032357969,,13.1333333333,25.446716439,12.795,,13.1333333333,12.777149240645995,25.5032357969,
13.15,12.832,25.5017865943,,13.15,25.4481656657,12.785,,13.15,12.871149240645996,25.5017865943,
13.1666666667,12.746,25.5046849988,,13.1666666667,25.4438179835,12.850,,13.1666666667,12.785149240645996,25.5046849988,
13.1833333333,12.715,25.5003373912,,13.1833333333,25.4496148918,12.838,,13.1833333333,12.754149240645996,25.5003373912,
13.2,12.804,25.4974389832,,13.2,25.4452672116,12.843,,13.2,12.843149240645996,25.4974389832,
13.2166666667,12.710,25.5003373912,,13.2166666667,25.4438179835,12.782,,13.2166666667,12.749149240645997,25.5003373912,
13.2333333333,12.777,25.4988881875,,13.2333333333,25.4409195252,12.811,,13.2333333333,12.816149240645995,25.4988881875,
13.25,12.736,25.4974389832,,13.25,25.4423687547,12.832,,13.25,12.775149240645996,25.4974389832,
13.2666666667,12.818,25.5003373912,,13.2666666667,25.4438179835,12.811,,13.2666666667,12.857149240645995,25.5003373912,
13.2833333333,12.704,25.4959897783,,13.2833333333,25.4423687547,12.827,,13.2833333333,12.743149240645996,25.4959897783,
13.3,12.741,25.5017865943,,13.3,25.4438179835,12.848,,13.3,12.780149240645995,25.5017865943,
13.3166666667,12.759,25.4974389832,,13.3166666667,25.4423687547,12.818,,13.3166666667,12.798149240645996,25.4974389832,
13.3333333333,12.730,25.4974389832,,13.3333333333,25.4409195252,12.866,,13.3333333333,12.769149240645996,25.4974389832,
13.35,12.760,25.4930913667,,13.35,25.4409195252,12.809,,13.35,12.799149240645995,25.4930913667,
13.3666666667,12.794,25.4959897783,,13.3666666667,25.439470295,12.862,,13.3666666667,12.833149240645996,25.4959897783,
13.3833333333,12.791,25.4988881875,,13.3833333333,25.4409195252,12.852,,13.3833333333,12.830149240645996,25.4988881875,
13.4,12.743,25.4959897783,,13.4,25.439470295,12.838,,13.4,12.782149240645996,25.4959897783,
13.4166666667,12.790,25.4974389832,,13.4166666667,25.4409195252,12.848,,13.4166666667,12.829149240645995,25.4974389832,
13.4333333333,12.753,25.4930913667,,13.4333333333,25.4409195252,12.808,,13.4333333333,12.792149240645996,25.4930913667,
13.45,12.791,25.4887437448,,13.45,25.439470295,12.788,,13.45,12.830149240645996,25.4887437448,
13.4666666667,12.776,25.4930913667,,13.4666666667,25.439470295,12.873,,13.4666666667,12.815149240645995,25.4930913667,
13.4833333333,12.739,25.49164216,,13.4833333333,25.439470295,12.867,,13.4833333333,12.778149240645996,25.49164216,
13.5,12.787,25.49164216,,13.5,25.439470295,12.848,,13.5,12.826149240645996,25.49164216,
13.5166666667,12.748,25.4901929527,,13.5166666667,25.439470295,12.881,,13.5166666667,12.787149240645995,25.4901929527,
13.5333333333,12.809,25.4901929527,,13.5333333333,25.4409195252,12.858,,13.5333333333,12.848149240645995,25.4901929527,
13.55,12.747,25.4901929527,,13.55,25.439470295,12.881,,13.55,12.786149240645996,25.4901929527,
13.5666666667,12.788,25.4887437448,,13.5666666667,25.439470295,12.885,,13.5666666667,12.827149240645996,25.4887437448,
13.5833333333,12.802,25.4872945363,,13.5833333333,25.4380210641,12.882,,13.5833333333,12.841149240645995,25.4872945363,
13.6,12.763,25.4872945363,,13.6,25.439470295,12.870,,13.6,12.802149240645996,25.4872945363,
13.6166666667,12.782,25.4858453272,,13.6166666667,25.4365718324,12.892,,13.6166666667,12.821149240645996,25.4858453272,
13.6333333333,12.784,25.4872945363,,13.6333333333,25.4336733671,12.829,,13.6333333333,12.823149240645996,25.4872945363,
13.65,12.794,25.4887437448,,13.65,25.4365718324,12.938,,13.65,12.833149240645996,25.4887437448,
13.6666666667,12.800,25.4858453272,,13.6666666667,25.4351226001,12.880,,13.6666666667,12.839149240645996,25.4858453272,
13.6833333333,12.736,25.4858453272,,13.6833333333,25.4351226001,12.820,,13.6833333333,12.775149240645996,25.4858453272,
13.7,12.813,25.4843961175,,13.7,25.4336733671,12.899,,13.7,12.852149240645996,25.4843961175,
13.7166666667,12.769,25.4872945363,,13.7166666667,25.4307748988,12.854,,13.7166666667,12.808149240645996,25.4872945363,
13.7333333333,12.785,25.4858453272,,13.7333333333,25.4322241333,12.838,,13.7333333333,12.824149240645996,25.4858453272,
13.75,12.791,25.4858453272,,13.75,25.4293256636,12.875,,13.75,12.830149240645996,25.4858453272,
13.7666666667,12.790,25.4858453272,,13.7666666667,25.4278764277,12.856,,13.7666666667,12.829149240645995,25.4858453272,
13.7833333333,12.809,25.4829469071,,13.7833333333,25.4278764277,12.914,,13.7833333333,12.848149240645995,25.4829469071,
13.8,12.767,25.4843961175,,13.8,25.4249779536,12.867,,13.8,12.806149240645995,25.4843961175,
13.8166666667,12.772,25.4858453272,,13.8166666667,25.4249779536,12.859,,13.8166666667,12.811149240645996,25.4858453272,
13.8333333333,12.768,25.4858453272,,13.8333333333,25.4220794767,12.877,,13.8333333333,12.807149240645996,25.4858453272,
13.85,12.802,25.4814976961,,13.85,25.426427191,12.876,,13.85,12.841149240645995,25.4814976961,
13.8666666667,12.793,25.4829469071,,13.8666666667,25.4206302371,12.920,,13.8666666667,12.832149240645995,25.4829469071,
13.8833333333,12.765,25.4843961175,,13.8833333333,25.4206302371,12.895,,13.8833333333,12.804149240645996,25.4843961175,
13.9,12.805,25.4814976961,,13.9,25.4220794767,12.890,,13.9,12.844149240645995,25.4814976961,
13.9166666667,12.801,25.4800484845,,13.9166666667,25.4220794767,12.850,,13.9166666667,12.840149240645996,25.4800484845,
13.9333333333,12.816,25.4771500594,,13.9333333333,25.4191809967,12.899,,13.9333333333,12.855149240645996,25.4771500594,
13.95,12.770,25.4800484845,,13.95,25.4191809967,12.867,,13.95,12.809149240645995,25.4800484845,
13.9666666667,12.820,25.4771500594,,13.9666666667,25.4191809967,12.895,,13.9666666667,12.859149240645996,25.4771500594,
13.9833333333,12.834,25.4829469071,,13.9833333333,25.4177317557,12.875,,13.9833333333,12.873149240645995,25.4829469071,
14,12.848,25.4785992723,,14,25.4162825138,12.829,,14,12.887149240645996,25.4785992723,
14.0166666667,12.726,25.4800484845,,14.0166666667,25.4162825138,12.870,,14.0166666667,12.765149240645997,25.4800484845,
14.0333333333,12.790,25.4757008459,,14.0333333333,25.4162825138,12.873,,14.0333333333,12.829149240645995,25.4757008459,
14.05,12.815,25.4771500594,,14.05,25.4162825138,12.927,,14.05,12.854149240645995,25.4771500594,
14.0666666667,12.814,25.4742516318,,14.0666666667,25.4177317557,12.886,,14.0666666667,12.853149240645996,25.4742516318,
14.0833333333,12.846,25.4742516318,,14.0833333333,25.4177317557,12.909,,14.0833333333,12.885149240645996,25.4742516318,
14.1,12.764,25.4757008459,,14.1,25.4162825138,12.914,,14.1,12.803149240645995,25.4757008459,
14.1166666667,12.785,25.4757008459,,14.1166666667,25.4148332712,12.890,,14.1166666667,12.824149240645996,25.4757008459,
14.1333333333,12.819,25.4713532016,,14.1333333333,25.4162825138,12.872,,14.1333333333,12.858149240645997,25.4713532016,
14.15,12.780,25.4699039856,,14.15,25.4177317557,12.968,,14.15,12.819149240645995,25.4699039856,
14.1666666667,12.811,25.4713532016,,14.1666666667,25.4162825138,12.929,,14.1666666667,12.850149240645996,25.4713532016,
14.1833333333,12.778,25.4742516318,,14.1833333333,25.4162825138,12.924,,14.1833333333,12.817149240645996,25.4742516318,
14.2,12.803,25.4713532016,,14.2,25.4148332712,12.887,,14.2,12.842149240645996,25.4713532016,
14.2166666667,12.835,25.4684547689,,14.2166666667,25.4148332712,12.893,,14.2166666667,12.874149240645997,25.4684547689,
14.2333333333,12.780,25.4684547689,,14.2333333333,25.4133840279,12.895,,14.2333333333,12.819149240645995,25.4684547689,
14.25,12.825,25.4670055516,,14.25,25.4133840279,12.925,,14.25,12.864149240645995,25.4670055516,
14.2666666667,12.793,25.4699039856,,14.2666666667,25.4119347838,12.942,,14.2666666667,12.832149240645995,25.4699039856,
14.2833333333,12.827,25.4670055516,,14.2833333333,25.4119347838,12.884,,14.2833333333,12.866149240645996,25.4670055516,
14.3,12.841,25.4641071149,,14.3,25.4090362934,12.880,,14.3,12.880149240645995,25.4641071149,
14.3166666667,12.883,25.4655563336,,14.3166666667,25.410485539,12.884,,14.3166666667,12.922149240645995,25.4655563336,
14.3333333333,12.851,25.4641071149,,14.3333333333,25.4119347838,12.923,,14.3333333333,12.890149240645997,25.4641071149,
14.35,12.775,25.4626578956,,14.35,25.407587047,12.876,,14.35,12.814149240645996,25.4626578956,
14.3666666667,12.894,25.4626578956,,14.3666666667,25.4090362934,12.884,,14.3666666667,12.933149240645996,25.4626578956,
14.3833333333,12.782,25.4655563336,,14.3833333333,25.407587047,12.907,,14.3833333333,12.821149240645996,25.4655563336,
14.4,12.799,25.4641071149,,14.4,25.407587047,12.911,,14.4,12.838149240645995,25.4641071149,
14.4166666667,12.807,25.4612086756,,14.4166666667,25.407587047,12.956,,14.4166666667,12.846149240645996,25.4612086756,
14.4333333333,12.814,25.459759455,,14.4333333333,25.4061377999,12.906,,14.4333333333,12.853149240645996,25.459759455,
14.45,12.826,25.4583102337,,14.45,25.4032393033,12.973,,14.45,12.865149240645996,25.4583102337,
14.4666666667,12.836,25.4554117891,,14.4666666667,25.4061377999,12.910,,14.4666666667,12.875149240645996,25.4554117891,
14.4833333333,12.811,25.4554117891,,14.4833333333,25.4032393033,12.894,,14.4833333333,12.850149240645996,25.4554117891,
14.5,12.811,25.459759455,,14.5,25.4003408036,12.887,,14.5,12.850149240645996,25.459759455,
14.5166666667,12.811,25.4539625658,,14.5166666667,25.4003408036,12.906,,14.5166666667,12.850149240645996,25.4539625658,
14.5333333333,12.845,25.4554117891,,14.5333333333,25.4003408036,12.893,,14.5333333333,12.884149240645996,25.4554117891,
14.55,12.822,25.4568610117,,14.55,25.3988915526,12.891,,14.55,12.861149240645995,25.4568610117,
14.5666666667,12.826,25.4554117891,,14.5666666667,25.3988915526,12.906,,14.5666666667,12.865149240645996,25.4554117891,
14.5833333333,12.813,25.4481656657,,14.5833333333,25.3988915526,12.928,,14.5833333333,12.852149240645996,25.4481656657,
14.6,12.875,25.446716439,,14.6,25.3959930482,12.927,,14.6,12.914149240645996,25.446716439,
14.6166666667,12.824,25.4554117891,,14.6166666667,25.3916452857,12.954,,14.6166666667,12.863149240645996,25.4554117891,
14.6333333333,12.756,25.4510641171,,14.6333333333,25.3930945406,12.958,,14.6333333333,12.795149240645996,25.4510641171,
14.65,12.823,25.4481656657,,14.65,25.3959930482,12.925,,14.65,12.862149240645996,25.4481656657,
14.6666666667,12.811,25.4496148918,,14.6666666667,25.3916452857,12.903,,14.6666666667,12.850149240645996,25.4496148918,
14.6833333333,12.834,25.4496148918,,14.6833333333,25.3959930482,12.918,,14.6833333333,12.873149240645995,25.4496148918,
14.7,12.800,25.4452672116,,14.7,25.3930945406,12.926,,14.7,12.839149240645996,25.4452672116,
14.7166666667,12.834,25.4554117891,,14.7166666667,25.387297516,12.920,,14.7166666667,12.873149240645995,25.4554117891,
14.7333333333,12.798,25.4438179835,,14.7333333333,25.3901960299,12.979,,14.7333333333,12.837149240645996,25.4438179835,
14.75,12.786,25.4438179835,,14.75,25.3887467733,12.926,,14.75,12.825149240645995,25.4438179835,
14.7666666667,12.833,25.4423687547,,14.7666666667,25.3916452857,12.962,,14.7666666667,12.872149240645996,25.4423687547,
14.7833333333,12.801,25.446716439,,14.7833333333,25.3916452857,12.904,,14.7833333333,12.840149240645996,25.446716439,
14.8,12.816,25.4438179835,,14.8,25.3858482578,12.958,,14.8,12.855149240645996,25.4438179835,
14.8166666667,12.819,25.4423687547,,14.8166666667,25.382949739,12.960,,14.8166666667,12.858149240645997,25.4423687547,
14.8333333333,12.837,25.4438179835,,14.8333333333,25.382949739,12.899,,14.8333333333,12.876149240645995,25.4438179835,
14.85,12.875,25.4423687547,,14.85,25.380051217,12.873,,14.85,12.914149240645996,25.4423687547,
14.8666666667,12.812,25.4438179835,,14.8666666667,25.382949739,12.945,,14.8666666667,12.851149240645995,25.4438179835,
14.8833333333,12.861,25.4409195252,,14.8833333333,25.382949739,12.941,,14.8833333333,12.900149240645996,25.4409195252,
14.9,12.863,25.4409195252,,14.9,25.3771526917,12.935,,14.9,12.902149240645995,25.4409195252,
14.9166666667,12.853,25.4409195252,,14.9166666667,25.3786019547,12.894,,14.9166666667,12.892149240645995,25.4409195252,
14.9333333333,12.803,25.4409195252,,14.9333333333,25.3786019547,12.962,,14.9333333333,12.842149240645996,25.4409195252,
14.95,12.890,25.4409195252,,14.95,25.3757034278,12.937,,14.95,12.929149240645996,25.4409195252,
14.9666666667,12.855,25.439470295,,14.9666666667,25.3742541631,12.914,,14.9666666667,12.894149240645996,25.439470295,
14.9833333333,12.820,25.4409195252,,14.9833333333,25.3728048975,12.942,,14.9833333333,12.859149240645996,25.4409195252,
15,12.844,25.4409195252,,15,25.3742541631,12.925,,15,12.883149240645995,25.4409195252,
